content_id,title,type,overview,genres,cast,language,rating,popularity,release_date
96402,"BOFURI: I Don't Want to Get Hurt, so I'll Max Out My Defense.",anime,"Kaede Honjou is invited by her friend Risa Shiramine to play a virtual reality MMO game with her. While Kaede doesn't dislike games, what she really, truly dislikes is being in pain. She creates a character named Maple, and decides to put all her points in VIT to minimize pain. As a result, she moves slowly, can't use magic, and even a rabbit can get the best of her. But as it turns out, she acquires a skill known as ""Absolute Defense"" as a result of her pumping points into VIT, as well as a ""Counter Skill"" that works against special moves. Now, with her ability to nullify all damage, she goes on adventures.",Animation|Action & Adventure|Comedy|Sci-Fi & Fantasy,Kaede Hondo|Ruriko Noguchi|Saori Hayami|Satomi Arai|Ai Kakuma|Nanaka Suwa|Noriaki Sugiyama|Satomi Sato|Kensho Ono|Takumi Yamazaki,ja,7.5,27.875,2020-01-08
249891,Yoasobi Gurashi!,anime,"Meet Kazuto, whose hopes of becoming a photographer didn't pan out, and Yayoi, who successfully achieved her dream of becoming a model. Two childhood friends who have grown apart... Suddenly find themselves living together! In the beginning, there's an awkward tension between them, and Yayoi has a secret she can't tell Kazuto... Then, one night, things start to change... Could they be more than just childhood friends...?!",Animation,Kofun Penguin|Juri Nagatsuma|Yuka Hanyu,ja,6.2,28.0041,2024-07-08
130237,Aharen-san wa Hakarenai,anime,"Socially awkward Aharen-san has personal boundary issues, either getting too close or too far from her classmates. When fellow student Raido picks up an eraser she drops, Aharen-san decides they’re now best friends. Whether studying, playing the arcade, or just eating lunch—she’s along for the ride. What follows is an impromptu bonding that shows affection can blossom in the unlikeliest of places!",Animation|Comedy,Inori Minase|Takuma Terashima,ja,7.4,28.0879,2022-04-02
31736,Eyeshield 21,anime,"In Tokyo, a weak, unassertive boy named Sena Kobayakawa enters the high school of his choice, Deimon Private Senior High School. Sena's only remarkable physical abilities are his running speed and agility, which are noted by the school's American football team captain Yoichi Hiruma. Hiruma forces Sena to join the Deimon Devil Bats football team as its running back. To protect his identity from other teams who want to recruit him, Sena is forced to publicly assume the role of the team secretary and enter the field under the pseudonym of ""Eyeshield 21"" wearing a helmet with an eyeshield to hide his features.",Animation|Action & Adventure|Comedy|Drama,Miyu Irino|Atsushi Tamura|Aya Hirano|Mamoru Miyano|Kappei Yamaguchi|Kouichi Nagano|Daisuke Hirakawa|Daisuke Ono|DJ Taro|Eiji Takemoto,ja,8.4,28.0946,2005-04-06
30983,Detective Conan,anime,"The son of a world famous mystery writer, Jimmy Kudo, has achieved his own notoriety by assisting the local police as a student detective. He has always been able to solve the most difficult of criminal cases using his wits and power of reason.",Animation|Crime|Mystery|Comedy,Minami Takayama|Kappei Yamaguchi|Wakana Yamazaki|Akemi Okamura|Akira Kamiya|Rikiya Koyama|Megumi Hayashibara|Kenichi Ogata|Yukiko Iwai|Wataru Takagi,ja,8.02,155.2592,1996-01-08
207840,Harem Camp!,anime,"The story follows teacher and veteran solo camper Kensuke, who forms a camping group with four girls.",Animation,Masahito Nomura|Yuka Hinata|Miu Yuzuhara|Mashiro Kazahana|Yumi Yumiya,ja,7.1,160.0408,2022-10-03
57775,Chibi Maruko-chan,anime,"Meet Maruko, a sweet schoolgirl with a hefty dose of curiosity (and occasional laziness!). She sails through life in a cozy town alongside her loving parents, grandparents, and sister. Maruko has a band of loyal friends, including her closest pal, Tama-chan, but her playful and doting grandpa is at the heart of it all. Life is never dull in this charming series.",Animation|Comedy,TARAKO|Yuko Mizutani|Yusaku Yara|Teiyu Ichiryusai|Takeshi Aono|Yuko Sasaki|Naoko Watanabe|Masami Kikuchi|Nobuo Tobita|Keiko Yamamoto,ja,7.75,168.7205,1990-01-07
95897,Overflow,anime,"Kazushi Sudou is a university student who is visited by his two childhood friends, the sisters Ayane and Kotone Shirakawa. When Ayane discovers that Kazushi not only forgot to buy her pudding but is also using her special lotion in the bath, she decides to take revenge and join Kazushi in his bath along with Kotone. Will the perverted Kazushi be able to remain indifferent to them both?",Animation,Mai Kadowaki|Tomoe Tamiyasu|Sada Naohiro,ja,7.515,160.4446,2020-01-06
30984,Bleach,anime,"For as long as he can remember, Ichigo Kurosaki has been able to see ghosts. But when he meets Rukia, a Soul Reaper who battles evil spirits known as Hollows, he finds his life is changed forever. Now, with a newfound wealth of spiritual energy, Ichigo discovers his true calling: to protect the living and the dead from evil.",Action & Adventure|Animation|Sci-Fi & Fantasy,Masakazu Morita|Fumiko Orikasa|Hiroki Yasumoto|Yuki Matsuoka|Noriaki Sugiyama,ja,8.4,177.182,2004-10-05
45790,JoJo's Bizarre Adventure,anime,"Follow the intergenerational feud between the Joestar Family and various forces of evil, the most prominent of which is Dio Brando and his followers.",Animation|Action & Adventure|Sci-Fi & Fantasy,Shogo Sakata|Yohei Azakami|Kaito Ishikawa|Rie Takahashi|Kenta Miyake,ja,8.545,175.962,2012-10-06
65942,Re:ZERO -Starting Life in Another World-,anime,"Natsuki Subaru, an ordinary high school  student, is on his way home from the convenience store when he finds  himself transported to another world. As he's lost and confused in a new  world where he doesn't even know left from right, the only person to  reach out to him was a beautiful girl with silver hair. Determined to  repay her somehow for saving him from his own despair, Subaru agrees to  help the girl find something she's looking for.",Animation|Mystery|Action & Adventure|Sci-Fi & Fantasy,Yusuke Kobayashi|Rie Takahashi|Yumi Uchiyama|Rie Murakawa|Inori Minase|Satomi Arai,ja,8.125,187.5467,2016-04-04
94664,Mushoku Tensei: Jobless Reincarnation,anime,"When a 34-year-old underachiever gets run over by a truck, his story doesn't end there. Reincarnated in a new world as an infant, Rudy will seize every opportunity to live the life he's always wanted. Armed with new friends, some freshly acquired magical abilities, and the courage to do the things he's always dreamed of, he's embarking on an epic adventure—with all of his past experience intact!",Action & Adventure|Animation|Sci-Fi & Fantasy,Yumi Uchiyama|Tomokazu Sugita|Ai Kakuma|Ai Kayano|Konomi Kohara,ja,8.436,220.2561,2021-01-11
65733,Doraemon,anime,"Robotic cat Doraemon is sent back in time from the 22nd century to protect 10-year-old Noby, a lazy and uncoordinated boy who is destined to have a tragic future. Doraemon can create secret gadgets from a pocket on his stomach, but they usually cause more bad than good because of Noby's propensity to misuse them.",Action & Adventure|Animation|Comedy|Sci-Fi & Fantasy|Kids|Family,Megumi Oohara|Wasabi Mizuta|Yumi Kakazu|Tomokazu Seki|Subaru Kimura|Chiaki|Kotono Mitsuishi|Yasunori Matsumoto|Shihoko Hagino|Wataru Takagi,ja,8.1,260.8487,2005-04-22
70998,Souryo to Majiwaru Shikiyoku no Yoru ni...,anime,"At a high school reunion, Mio Fukatani reunites with a classmate she has not seen in years—Takahide Kujou. She had always wanted to know more about the kind-hearted boy in high school, but once she realizes that Kujou has become a monk, she believes that any chance of getting to know him romantically is slim. Deciding to drink away her sorrows, she ends up walking home drunk, and surprisingly, running into Kujou who helps her get home.

However, once inside, Kujou's lust for Mio becomes apparent and the two share an erotic night of passion. As this steamy romance blossoms between these two unlikely lovers, Mio and Kujou will undoubtedly spend many nights together in utter ecstasy.",Animation|Drama,Yuri Katou|You Suzushiro|Mutsuki Iwanaka|Paama Kurukuru|Sakura Nakamura,ja,5.5,562.7753,2017-04-03
78501,Sweet Punishment: I'm the Guard's Personal Pet,anime,"The story is set in a prison in the near future. It revolves around Hina Saotome, imprisoned despite her innocence, and the elegant yet sadistic guard Aki Myoujin. Hina's heart and body are at the mercy of Myoujin's ""heartless yet sweet domination"" from physical examinations to lovers' prison visits.",Animation,Yoshitaka Yamaya|Marie Miyake|Yoshiki Nakajima|Takafumi Maeuchi|Haruki Ishiya|Koudai Sakai,ja,7.7,103.0237,2018-04-02
9537,Atashin'chi,anime,"A light hearted comedy based on the about the daily life of a ""normal"" Japanese family. The Tachibana family consists of a housewife mom, a salary-man dad, and teenager Mikan and Yuzuhiko.",Animation|Comedy,Kumiko Watanabe|Fumiko Orikasa|Daisuke Sakaguchi|Kenichi Ogata,ja,8.4,104.3295,2002-04-19
82591,Goblin Slayer,anime,"""I'm not saving the world. I just kill goblins.""

Rumor has it that, in a certain guild in the middle of nowhere, there is an extraordinary man who has climbed all the way to the Silver rank just by killing goblins. At the same guild, a priestess who's just become a new adventurer has formed her first party... and the man who ends up rescuing that party when they get into trouble is none other than the Goblin Slayer.",Animation|Action & Adventure|Sci-Fi & Fantasy,Yuuichirou Umehara|Yui Ogura|Nao Toyama|Yuka Iguchi|Maaya Uchida|Yuichi Nakamura|Tomokazu Sugita|Aya Endo,ja,8.011,28.4155,2018-10-07
205050,Shangri-La Frontier,anime,"Rakuro Hizutome only cares about one thing: beating crappy VR games. He devotes his entire life to these buggy games and could clear them all in his sleep. One day, he decides to challenge himself and play a popular god-tier game called Shangri-La Frontier. But he quickly learns just how difficult it is. Will his expert skills be enough to uncover its hidden secrets?",Sci-Fi & Fantasy|Action & Adventure|Comedy|Animation,Yuma Uchida|Azumi Waki|Yoko Hikasa|Makoto Koichi|Rina Hidaka|Akio Otsuka|Seiichiro Yamashita|Yumiri Hanamori|Sayaka Senbongi|Umeka Shoji,ja,8.158,28.8787,2023-10-01
61459,Parasyte -the maxim-,anime,"A species of parasitic aliens descends on Earth and quickly infiltrates humanity by entering the brains of vulnerable targets; insatiable beings that gain total control of their host and are capable of transforming themselves to feed on unsuspecting prey. High school student Shinichi Izumi falls victim to one of these parasites, but the creature fails to take over his brain and ends up in his right hand.",Animation|Drama|Sci-Fi & Fantasy|Action & Adventure,Nobunaga Shimazaki|Aya Hirano,ja,8.3,27.8596,2014-10-09
82739,Rascal Does Not Dream of Bunny Girl Senpai,anime,"Puberty Syndrome—a rumored, mysterious syndrome that only affects those in their puberty. For example, a bunny girl suddenly appeared in front of Sakuta Azusagawa. The bunny girl's real identity is Mai Sakurajima, a teenage celebrity who is currently an inactive high school senior. For some reason, her charming figure does not reflect in the eyes of others. In the course of revealing the mystery behind this phenomenon, Sakuta begins to explore his feelings towards Mai. Set in a city where the skies and seas shine, Sakuta unfolds the meaning behind his bizarre encounters on women with the said syndrome.",Animation|Comedy|Drama,Kaito Ishikawa|Asami Seto|Sora Amamiya|Nao Toyama|Atsumi Tanezaki|Aya Yamane|Maaya Uchida|Konomi Kohara|Yurika Kubo|Manaka Iwami,ja,8.513,32.6626,2018-10-04
62430,The Heroic Legend of Arslan,anime,"Arslan is the heir apparent of Pars, a strong nation that sits at the hear of the trade route connecting the East and the West. When the pagan nation of Lusitania begins an invasion of Pars, the timid Arslan is confronted with battle for the first time. His worst anxieties are realized the Parsian army falls for a Lusitanian stratagem and are routed. He barely escapes with his life, thanks to the loyal and indomitable warrior Daryun. Together they will stand against the invasion and the cruelties of fate that are about to blow down on Pars.",Animation|Action & Adventure|Drama|Sci-Fi & Fantasy|War & Politics,Yusuke Kobayashi|Daisuke Namikawa|Yoshimasa Hosoya|Natsuki Hanae|Kenta Miyake|Maaya Sakamoto|Yuki Kaji|Ai Kayano|Atsuko Tanaka|Hiroki Yasumoto,ja,7.0,29.4355,2015-04-05
271026,Taisho Era Contract Marriage ~ The Substitute Bride and a Soldier's Fierce Love,anime,"I used to think there was no love in marriage... Until I met a fierce and passionate soldier! Despite being the daughter of a viscount, Asako is rejected by high society and treated as a nuisance by her parents. When a marriage proposal arrives suddenly for Asako's younger sister from none other than Captain Kido, a soldier known for his coldness, she doesn't hesitate for a moment. To protect her precious younger sister, Asako volunteers as... a substitute bride!",Animation,Junta Terashima|Yua Miyuki|Mashiro Satou,ja,6.3,32.0246,2024-10-06
96884,Dragon Quest: The Adventure of Dai,anime,"Young Dai embarks on an epic journey to become a legendary hero, training with his loyal companions to save the world from the resurrected Demon King.",Animation|Action & Adventure|Sci-Fi & Fantasy,Atsumi Tanezaki|Toshiyuki Toyonaga|Mikako Komatsu|Yuki Kaji|Takahiro Sakurai|Saori Hayami|Kenichi Ogata|Ai Furihata|Tomokazu Seki|Takehito Koyasu,ja,8.0,29.3795,2020-10-02
77240,Captain Tsubasa,anime,"The passionate story of an elementary school student whose thoughts and dreams revolve almost entirely around the love of soccer. 11-year-old Tsubasa Oozora started playing football at a very young age, and while it was mostly just a recreational sport for his friends, for him, it developed into something of an obsession.  In order to pursue his dream to the best of his elementary school abilities, Tsubasa moves with his mother to Nankatsu city, which is well-known for its excellent elementary school soccer teams. But although he was easily the best in his old town, Nankatsu has a lot more competition, and he will need all of his skill and talent in order to stand out from this new crowd.",Animation|Comedy|Drama,Yuko Sanpei|Kenichi Suzumura|Ayaka Fukuhara|Mutsumi Tamura|Takuya Sato,ja,8.2,28.845,2018-04-03
260823,From Old Country Bumpkin to Master Swordsman,anime,"Beryl Gardenant, a middle-aged swordsman running a dojo in the backwaters, lives a quiet life, until Allucia, former student and Commander of the Royal Order of Knights, appears! Beryl’s life is about to change dramatically! City life. Old students. New friends and formidable foes. It’s all too much. But after years of training, he has mad skills, and he’s been dubbed “the backwater swordmaster.”",Animation|Action & Adventure|Sci-Fi & Fantasy|Comedy,Hiroaki Hirata,ja,7.3,28.5744,2025-04-05
39379,Full Metal Panic!,anime,"Kaname Chidori’s one of the most popular girls at her high school – unfortunately, it’s her growing popularity off campus she should be worrying about. Unbeknownst to Kaname, terrorists are plotting her abduction, believing she possesses the rare and coveted abilities of “the Whispered.”  That’s where Sousuke Sagara enters the picture. He’s a hotshot soldier from the clandestine counter-terrorist organization known as Mithril – and he’s going undercover at Kaname’s school to try and keep her safe. He may be an ace in the cockpit of an Arm Slave mech, but there’s no training in the world that could prepare him for the warzone of high school.",Animation|Sci-Fi & Fantasy,Tomokazu Seki|Satsuki Yukino|Michiko Neya|Rio Natsuki|Shin-ichiro Miki|Mamiko Noto|Ikue Kimura|Yukana|Tomomichi Nishimura,ja,7.1,27.4771,2002-01-08
112613,Ranking of Kings,anime,"In a world where kings are ranked, a kindly little hearing-impaired prince sets off on a journey to become a powerful king, despite all odds.",Animation|Action & Adventure|Sci-Fi & Fantasy,Minami Hinata|Ayumu Murase|Yuki Kaji|Takuya Eguchi|Yoji Ueda|Daiki Yamashita,ja,8.046,27.7776,2021-10-15
43865,Psycho-Pass,anime,"In the year 2113, people are given brain scans to determine how likely they are to commit a crime. Those who fail are apprehended, or even killed.",Animation|Crime|Sci-Fi & Fantasy|Action & Adventure,Yuki Kaji|Kana Hanazawa|Yuichi Nakamura|Tomokazu Seki|Takahiro Sakurai|Ayane Sakura|Miyuki Sawashiro,ja,7.736,28.406,2012-10-12
154526,MF GHOST,anime,"Japan adopts self-driving electric automobiles and renders most gas engines obsolete by 202X. The fastest cars find new life in the MFG, a racing circuit held on Japanese motorways. Drivers from around the world race for a shot at the title. Kanata Rivington returns from Britain to Japan for the MFG—and to find his father. Can he win the title and find answers? Buckle up and push it to the limit!",Animation|Action & Adventure,Yuma Uchida|Ayane Sakura,ja,8.2,31.1836,2023-10-02
196400,Mobile Suit Gundam: The Witch from Mercury,anime,"A. S. (Ad Stella) 122 ― An era when a multitude of corporations have entered space and built a huge economic system. Suletta Mercury, a lone girl from the remote planet Mercury, transfers to the Asticassia School of Technology, run by the Beneritt Group which dominates the mobile suit industry.",Animation|Sci-Fi & Fantasy|Action & Adventure,Kana Ichinose|Lynn|Yohei Azakami|Natsuki Hanae|Makoto Furukawa|Miyu Tomita|Junya Enoki|Tasuku Hatanaka|KENN|Kohei Amasaki,ja,7.5,30.1439,2022-10-02
103254,Yashahime: Princess Half-Demon,anime,"In feudal Japan, half-demon twins Towa and Setsuna are separated from each other during a forest fire. While desperately searching for her younger sister, Towa wanders into a mysterious tunnel that sends her into present-day Japan, where she is found and raised by Kagome Higurashi’s brother, Sota, and his family. Ten years later, the tunnel that connects the two eras has reopened, allowing Towa to be reunited with Setsuna, who is now a demon slayer working for Kohaku. But to Towa’s shock, Setsuna appears to have lost all memories of her older sister",Animation|Action & Adventure,Sara Matsumoto|Mikako Komatsu|Azusa Tadokoro|Ryohei Kimura|Takehiro Urao|Fairouz Ai|Jun Fukuyama|Yoshimasa Hosoya|Maaya Sakamoto|Saki Fujita,ja,8.3,30.2388,2020-10-03
195990,Love Flops,anime,"Asahi Kashiwagi lives the typical life of an average high school student — until the day a TV fortune teller’s predictions come true one after another, culminating in a series of risqué encounters! Destiny seemingly draws five beautiful girls into Asahi’s path, and soon he finds himself fielding not one, not two, but five love confessions. Asahi will need to follow his heart to find the perfect love for him, or else his love fortunes may end in one epic flail and flop.",Animation|Comedy|Drama|Sci-Fi & Fantasy,Ryota Osaka|Miku Ito|Ayana Taketatsu|Rie Takahashi|Hisako Kanemoto|Marika Kouno|Jun Fukuyama|Shiori Izawa,ja,6.813,30.3385,2022-10-12
91426,Jewelpet,anime,"A junior high school student named Rinko becomes partners with a rabbit Jewelpet named Ruby. Together they try to find the Jewel Charms that dropped from Jewel Land into the world of the humans. Along with their friends, Rinko and Ruby help others solve their problems while using the magic of Jewelpets.",Animation|Action & Adventure|Kids,Ayaka Saito|Aya Hirano|Nozomi Sasaki|Miyuki Sawashiro,ja,8.0,30.4093,2009-04-05
37585,Kenichi: The Mightiest Disciple,anime,"Yeah, Kenichi’s a total wimp. He’s always getting picked on and doesn’t have a lot of friends to stick up for him. The guy needs motivation if he hopes to graduate in one piece. Well, Miu’s the perfect motivation. She’s hot, she accepts him, and she just so happens to live at a dojo with six martial arts masters. You could say fate has led Kenichi to their door, or you could say he was just following the hottie. Either way, he’s about to get whipped into serious shape. If he can survive some hard-core training, he might survive another day at school. He might even score with Miu. Yeah, you could call Kenichi a wimp. But let’s go with underdog instead.",Action & Adventure|Animation|Comedy,Tomokazu Seki|Tomoko Kawakami|Jurota Kosugi|Unsho Ishizuka|Hiroshi Arikawa|Mamiko Noto|Hiroya Ishimaru|Issei Futamata,ja,8.5,30.5493,2006-10-07
94904,My Next Life as a Villainess: All Routes Lead to Doom!,anime,"Wealthy heiress Catarina Claes is hit in the head with a rock and recovers the memories of her past life. It turns out the world she lives in is the world of the game Fortune Lover, an otome game she was obsessed with in her past life... but she's been cast as the villain character who tries to foil the protagonist's romances!",Animation|Comedy|Sci-Fi & Fantasy,Maaya Uchida|Shouta Aoi|Tetsuya Kakihara|Tatsuhisa Suzuki|Yoshitsugu Matsuoka|Saori Hayami|Toshiki Masuda|Takehito Koyasu|Sumire Uesaka|Yusuke Shirai,ja,7.514,30.9727,2020-04-05
61223,Akame ga Kill!,anime,"Young Tatsumi travels to the capital of the Empire in order to earn money for his starving people and encounters a world of unimaginable depravity, dominated by the ruthless Prime Minister who controls the child Emperor. Tatsumi is recruited by Night Raid, a group of assassins dedicated to eliminating corruption by mercilessly killing officials and privileged nobles.",Animation|Drama|Action & Adventure,Soma Saito|Sora Amamiya|Yukari Tamura|Yuu Asakawa|Anri Katsu|Ayaka Ohashi|Eiji Takemoto|Eriko Matsui|Hitomi Nabatame|Hozumi Goda,ja,8.2,31.1368,2014-07-07
197368,Blue Orchestra,anime,"In the fall of his third and final year of middle school, Hajime Aono, a violin prodigy, stopped playing violin for his own personal reasons. But it was also that year when he got to know a girl who told him about a high school with a prestigious school orchestra. Suddenly, the gears in the clock of Aono's life began to turn again. This is the story of a youth drama that brings forth the harmony between music and the heart!",Animation|Drama,Shoya Chiba|Shimba Tsuchiya|Ai Kakuma|Minako Sato,ja,7.0,39.7188,2023-04-09
42253,K-ON!,anime,"Yui Hirasawa has no clue which club to join, but she’s determined to do something this year. As luck would have it, she discovers a flyer for the Light Music Club and decides this is the club for her. But there's one problem: She first must learn guitar!",Animation|Comedy,Aki Toyosaki|Yoko Hikasa|Satomi Sato|Minako Kotobuki|Ayana Taketatsu,ja,8.0,31.2589,2009-04-03
30991,Cowboy Bebop,anime,"In 2071, roughly fifty years after an accident with a hyperspace gateway made the Earth almost uninhabitable, humanity has colonized most of the rocky planets and moons of the Solar System. Amid a rising crime rate, the Inter Solar System Police (ISSP) set up a legalized contract system, in which registered bounty hunters, also referred to as ""Cowboys"", chase criminals and bring them in alive in return for a reward.",Animation|Action & Adventure|Sci-Fi & Fantasy|Western,Koichi Yamadera|Unsho Ishizuka|Megumi Hayashibara|Aoi Tada,ja,8.483,31.2615,1998-04-03
156898,"BASTARD‼ -Heavy Metal, Dark Fantasy-",anime,"When evil forces threaten to resurrect Anthrasax, the God of Destruction, the Kingdom of Meta-llicana calls on a volatile dark wizard for help.",Animation|Action & Adventure|Sci-Fi & Fantasy,Kisho Taniyama|Tomori Kusunoki|Hiroki Yasumoto|Yoko Hikasa|Kanae Itou|Tomokazu Sugita|Kensho Ono|Nao Toyama,ja,7.5,27.5471,2022-06-30
286791,Digimon Beatbreak,anime,"Tomoro Tenma lives in a world where human thoughts and emotions, known as e-Pulse, power AI devices called Sapotama. But when Digimon begin materializing from Sapotama and feeding on e-Pulse, society begins to fracture. After Gekkomon appears from his device, Tomoro joins Glowing Dawn, a secret team investigating rogue Digimon and the dark truth of a system both fueled and corrupted by emotion.",Animation|Action & Adventure|Sci-Fi & Fantasy|Kids,Miyu Irino|Megumi Han|Tomoyo Kurosawa|Mutsumi Tamura|Arisa Sekine|Misaki Kuno|Yohei Azakami|Daiki Hamano,ja,7.45,25.7802,2025-10-05
207332,SAKAMOTO DAYS,anime,"Once the greatest hitman of all, Taro Sakamoto retired in the name of love. But when his past catches up, he must fight to protect his beloved family.",Animation|Comedy|Action & Adventure,Tomokazu Sugita|Nobunaga Shimazaki|Ayane Sakura|Nao Toyama|Hina Kino|Ryota Suzuki|Natsuki Hanae|Taku Yashiro|Saori Hayami|Hiroki Yasumoto,ja,8.072,32.9918,2025-01-11
237150,"As a Reincarnated Aristocrat, I'll Use My Appraisal Skill to Rise in the World",anime,"Ars Louvent is reincarnated in another world as the young son of a minor noble who owns a small domain. Ars is not particularly strong or intelligent, but he was born with the Appraisal Skill that's able to see others' abilities and statuses. He uses his skill to find the best hidden talents in the world to make their small, weak domain into the best.",Animation|Sci-Fi & Fantasy,Natsumi Fujiwara|Taito Ban|Narumi Kaho|Miho Okasaki|Kana Hanazawa|Hiroki Touchi|Hitomi Nabatame|Haruka Tomatsu|Yuki Tanaka,ja,7.4,31.3408,2024-04-07
62715,Dragon Ball Super,anime,"With Majin Buu defeated, Goku has taken a completely new role as...a radish farmer?! With Earth at peace, our heroes have settled into normal lives. But they can’t get too comfortable. Far away, the powerful God of Destruction, Beerus, awakens to a prophecy revealing his demise at the hands of an even more formidable being. When his search for the Saiyan God brings him to Earth, can Goku and his friends take on their strongest foe yet?",Animation|Action & Adventure|Sci-Fi & Fantasy,Masako Nozawa|Ryo Horikawa|Hiromi Tsuru|Koichi Yamadera|Takeshi Kusao|Eiko Yamada|Yuko Minaguchi|Naoko Watanabe|Kozo Shioya|Aya Hirano,ja,8.203,31.3435,2015-07-05
67575,Moomin,anime,"In the remote and mysterious Moominvalley live the Moomins, gentle and peaceful creatures. Young Moomintroll and his family experience many strange adventures, both magical and mundane.",Animation|Family|Kids|Sci-Fi & Fantasy|Comedy,Minami Takayama|Rei Sakuma|Ryusei Nakao|Takehito Koyasu|Mika Kanai|Akio Otsuka|Ikuko Tani|Emiko Shiratori,ja,8.603,31.3766,1990-04-12
62110,Assassination Classroom,anime,"The students of Class 3-E have a mission: kill their teacher before graduation. He has already destroyed the moon, and has promised to destroy the Earth if he can not be killed within a year. But how can this class of misfits kill a tentacled monster, capable of reaching Mach 20 speed, who may be the best teacher any of them have ever had?",Animation|Comedy|Action & Adventure|Sci-Fi & Fantasy,Jun Fukuyama|Mai Fuchigami|Nobuhiko Okamoto|Aya Suzaki|Ayaka Suwa|Ayako Kawasumi|Chie Matsuura|Eiji Miyashita|Fuuko Saito|Hisako Kanemoto,ja,8.4,31.3964,2015-01-10
131041,BLUE LOCK,anime,High school soccer players from across Japan gather for a controversial project designed to create the best — and most egoistic — striker in the world.,Animation|Action & Adventure|Drama,Kazuki Ura|Tasuku Kaito|Yuki Ono|Soma Saito|Junichi Suwabe|Nobunaga Shimazaki|Yoshitsugu Matsuoka,ja,8.284,31.4935,2022-10-09
43168,NARUTO Spin-Off: Rock Lee & His Ninja Pals,anime,"Welcome to the Hidden Leaf Village. The village where Uzumaki Naruto, star of the TV show ""Naruto"" makes his home. Every day, countless powerful ninjas carry out missions and train to hone their skills. Our main character is one of these powerful ninjas... but it's not Naruto! It's the ninja who can't use ninjutsu, Rock Lee!",Animation|Comedy|Action & Adventure|Sci-Fi & Fantasy,Yōichi Masukawa|Koichi Tochika|Yukari Tamura|Masashi Ebara|Junko Takeuchi|Chie Nakamura,ja,6.4,31.516,2012-04-03
46440,Samurai Girls,anime,"The story takes place in Japan in the early 21st century, in an alternate reality where the Tokugawa Shogunate has remained in power. In this reality, student councils are tasked with oppressing schools. Yagyuu Muneakira is a high school student who rebels against his student council with the help of girls who've had the names of famous samurai heroes passed on to them. ",Animation|Comedy|Action & Adventure,Rie Kugimiya|Minako Kotobuki|Daisuke Hirakawa|Kaoru Mizuhara|Saori Goto|Ami Koshimizu|Aoi Yuuki|Aki Toyosaki,ja,6.862,31.5333,2010-10-04
118588,Seduced by My Best Friend,anime,"Shion and Rui are the dream team when it comes to hitting on women. Tonight was going to be another night of hooking up with girls for Shion, but he ended up taking a strange drug. When he woke up... he'd turned into a girl?! Rui came looking for Shion, but didn't recognize him, and started hitting on him...",Animation|Comedy,Makoto Furukawa|Kazutomi Yamamoto|Yoshiyuki Shimozuma|Marin Mizutani,ja,6.4,32.5804,2021-04-05
153485,Sazae-san,anime,The adventures of Sazae Fuguta and her family and friends in their Tokyo suburb.,Animation|Comedy|Family,Midori Katō|Mina Tominaga|Makoto Tsumura|Takako Sasuga|Yorie Terauchi|Hideyuki Tanaka|Chafurin|Shinsuke Chikaishi|Hiroshi Masuoka|Ichiro Nagai,ja,7.0,31.6871,1969-10-05
236994,Dragon Ball DAIMA,anime,"Mysteriously transformed into mini versions of themselves, Goku and his friends travel to the Demon Realm to uncover the truth and find a cure.",Animation|Action & Adventure|Comedy|Sci-Fi & Fantasy,,ja,8.191,31.6745,2024-10-11
61663,Your Lie in April,anime,"Kousei Arima was a genius pianist until his mother's sudden death took away his ability to play. Each day was dull for Kousei. But, then he meets a violinist named Kaori Miyazono who has an eccentric playing style. Can the heartfelt sounds of the girl's violin lead the boy to play the piano again?",Animation|Comedy|Drama,Natsuki Hanae|Risa Taneda|Ayane Sakura|Ryota Osaka,ja,8.566,31.8115,2014-10-10
69291,Miss Kobayashi's Dragon Maid,anime,"Kobayashi lives alone in an apartment, until one day, Tohru appeared and they ended up living together. Tohru looks down on humans as inferior and foolish, but having been saved by Kobayashi-san, she does everything she can to repay the debt and help her with various things, although not everything goes according to plan. A mythical everyday life comedy about a hard working office lady living with a dragon girl.",Animation|Comedy|Sci-Fi & Fantasy,Mutsumi Tamura|Yuuki Kuwahara|Maria Naganawa|Yuuki Takada|Minami Takahashi|Daisuke Ono|Yuichi Nakamura|Emiri Kato|Yuko Goto|Kaori Ishihara,ja,8.3,30.1098,2017-01-12
79166,Grand Blue Dreaming,anime,A college student joins the local diving club after meeting some rowdy upperclassmen. New adventures in booze and the ocean await.,Animation|Comedy,Yuma Uchida|Ryohei Kimura|Chika Anzai|Kana Asumi|Toa Yukinari|Maaya Uchida|Katsuyuki Konishi|Hiroki Yasumoto,ja,7.764,30.1365,2018-07-14
34186,Chi's Sweet Home,anime,"An American Shorthair kitten wanders away from her mother and siblings one day while enjoying a walk outside. Lost in her surroundings, she struggles to find her way back home. She is soon found by the Yamada family. Finding a home for her proves to be difficult, so the family eventually decides to keep the kitten, naming her ""Chi.""",Animation|Comedy|Kids,Satomi Korogi|Etsuko Kozakura|Hidenobu Kiuchi|Noriko Hidaka|Kiyoyuki Yanada|Ai Horanai|Ikumi Sato,ja,6.8,33.8899,2008-03-31
36210,Blue Dragon,anime,"A terrible and mysterious enemy attacks the small village of Shu and his friend Kluke. The great warrior Zola, followed by Jiro, will help them discover the ability to evoke shadows.",Animation|Action & Adventure|Sci-Fi & Fantasy,Keiko Nemoto|Masaya Takatsuka|Daisuke Namikawa|Koji Ochiai|Erino Hazuki|Konomi Tsuboi|Sakiko Uran|Jin Horikawa|Saki Nakajima|Cho,ja,7.8,32.2401,2007-04-07
34141,D.Gray-man,anime,"Darkness is moving in, and young exorcist Allen Walker is humanity's greatest hope against the wicked forces conspiring to bring civilization to its knees. Akuma – cruel spirits born of tragedy and lost souls – lurk in every shadow, willing and eager to do the bidding of their leader, the dread Millennium Earl. With an eye cursed to see evil in its truest form and blessed with an arm to slay soul-devouring demons, Allen stands ready to confront the gathering evil. Should he fail, Innocence will be lost forever. The war to decide the fate of mankind has begun – and the carnage will be endless.",Animation|Action & Adventure|Mystery|Sci-Fi & Fantasy,Toshiyuki Morikawa|Katsuyuki Konishi|Sanae Kobayashi|Kenichi Suzumura|Takeshi Aono|Junpei Takiguchi|Kenta Miyake|Megumi Toyoguchi|Takahiro Sakurai|Mitsuo Iwata,ja,8.0,32.2516,2006-10-03
196944,My Happy Marriage,anime,"Miyo's abusive family deems her worthless – but together with her powerful husband-to-be, her true self and hidden powers slowly begin to shine.",Animation|Drama|Sci-Fi & Fantasy,Reina Ueda|Kaito Ishikawa|Hiro Shimono|Ryohei Kimura,ja,8.274,33.0581,2023-07-05
241138,Rising Impact,anime,"When a third-grader's natural gift for golf is accidentally discovered by a pro player, the boy embarks on a journey to be the world's best golfer.",Animation|Comedy|Drama,Misaki Kuno|Yumiri Hanamori,ja,8.5,33.1194,2024-06-22
67063,Hitori No Shita - The Outcast,anime,"Zhang Chulan leads a very common college student's life until he finds himself caught up in a terrible incident that happened in a small village. As he was walking through a graveyard, he is assaulted by zombies. Thinking that it was over for him, a mysterious girl carrying a sword suddenly saves him and disappears.",Animation|Sci-Fi & Fantasy|Action & Adventure|Comedy,Xiao Liansha|Sheng Feng|Yuntu Cao|Shan Xin|Ajie|Wang Chenguang|Baomu Zhongyang|Teng Xin,zh,7.0,32.7473,2016-07-09
71360,Yu-Gi-Oh! VRAINS,anime,"Den City is a city with advanced network systems in which a VR space called LINK VRAINS was created by SOL Technologies. The Knights of Hanoi, a group that hacks through dueling, as well as SOL Technologies are seeking a mysterious AI program. Yusaku Fujiki, also known as Playmaker, is a first year high school student who manages to capture this AI program while trying to find out the truth about an incident in the past.",Sci-Fi & Fantasy|Animation|Action & Adventure,Shoya Ishige|Shunsuke Takeuchi|Takahiro Sakurai|Yuki Kaji|Taku Yashiro|Yuki Nakashima,ja,7.0,32.2813,2017-05-10
66875,Non Non Biyori,anime,"Elementary school student Hotaru Ichijou has moved with her parents from Tokyo to the middle of the country. Now she must adapt to her new school, where there are a total of 5 students in the same class who range through elementary and middle school ages. Join their everyday adventures in the countryside.",Animation|Comedy,Kotori Koiwai|Rie Murakawa|Ayane Sakura|Kana Asumi,ja,7.8,33.3566,2013-10-07
271607,The Fragrant Flower Blooms with Dignity,anime,"When the intimidating Rintaro meets the open-minded Kaoruko, the unlikely duo grows closer. The issue? Their neighboring high schools hate each other.",Animation|Drama,Yoshinori Nakayama|Honoka Inoue,ja,8.717,35.2325,2025-07-06
11285,The Mysterious Cities of Gold,anime,The adventures of a young Spanish boy named Esteban who joins a voyage to the New World in search of the lost Cities of Gold and his father.,Kids|Animation|Action & Adventure|Sci-Fi & Fantasy,Rei Sakuma|Masako Nozawa|Isao Sasaki|Junko Hori,ja,7.8,34.5606,1982-06-29
28136,Rurouni Kenshin,anime,"The Meiji Era was one of great renewal for Japan, where swords and killing were outlawed. However, many survivors from the time of Revolution still live, lurking in the shadows and waiting for a chance to use their killing blades again. Only Kenshin Himura, formerly one of the most brutal of killers, hopes to keep his swordsman's honor and still live in the new era.",Action & Adventure|Animation|Comedy,Mayo Suzukaze|Miki Fujitani|Mina Tominaga|Yuji Ueda|Mika Doi|Hirotaka Suzuoki|Tomo Sakurai|Yoshito Yasuhara|Yoku Shioya,ja,8.5,32.0832,1996-01-10
26867,Mushi-Shi,anime,"Ginko, a Mushi master, travels from place to place researching the Mushi and helping people who are suffering because of it.",Animation|Drama|Sci-Fi & Fantasy,Yuto Nakano|Mika Doi|Ai Kobayashi|Miyu Tsuzurahara|Yuji Ueda,ja,8.1,31.9035,2005-10-23
25760,Higurashi: When They Cry,anime,"After moving into the quiet town of Hinamizawa, Maebara Keiichi spends his days blissfully in school often playing games with his local friends. However, appearances can be deceiving. One fateful day, Keiichi stumbles upon news of a murder that had occurred in Hinamizawa. From this point on, horrific events unfold in front of Keiichi, as he soon learns his close friends may not be all that they seem.",Animation|Drama|Mystery,Soichiro Hoshi|Mai Nakahara|Satsuki Yukino|Mika Kanai|Yukari Tamura|Yui Horie,ja,7.7,29.4842,2006-04-05
27845,The Prince of Tennis,anime,"Tennis prodigiy Ryoma Echizen enters the tennis powerhouse Seishun Academy. Once he fights his way onto the team, the game will never be the same.",Animation|Comedy,Mikako Takahashi|Junko Minagawa|Hiroki Takahashi|Naru Kawamoto|Yuki Kaida|Takayuki Kondo,ja,8.3,32.4145,2001-10-10
29602,Major,anime,Honda Goro the son of a famous baseball player loves nothing more than baseball itself. His biggest dream is to show his father that he can become the best pitcher in the world despite all the hardships he had to endure he keeps on running towards his goal at full speed.,Animation,Showtaro Morikubo|Masakazu Morita|Noriko Hidaka|Junko Noda|Fuyuka Ono|Mitsuki Saiga|Shunsuke Sakuya|Koji Ochiai|Yuuko Sasamoto|Daisuke Namikawa,ja,8.2,32.7011,2004-11-13
25117,Tomorrow's Joe,anime,"A young drifter named Joe Yabuki wanders through the slums of Tokyo, but when the local ruffians try to give him a hard time he teaches them a rough lesson with his fists. The spectacle sparks a gleam in the eye of an old drunk who happens to be watching—Danpei Tange, a failed boxer and former coach who sees something special in the boy. He pleads with Joe to train with him off, but the cocky young fighter brushes him. Later, though, when Joe is arrested and put in a juvenile detention facility, he realizes that he’s going to need to hone his raw fighting skills if he wants to survive. Thus is born a partnership that might just take Joe all the way to the top…",Animation|Drama|Action & Adventure,Teruhiko Aoi|Fuyumi Shiraishi|Shūsei Nakamura|Jūkei Fujioka|Ryusei Nakao|Noriko Tsukase|Kei Moriwaki|Keiko Ozaki|Norio Wakamoto|Junko Hori,ja,8.1,32.2588,1970-04-01
98823,Shadowverse,anime,"The hottest battle is about to begin! While attending Tensei Academy, Hiro Ryugasaki ends up acquiring a mysterious smartphone. It comes installed with the popular card game, Shadowverse! Meeting new rivals, facing major tournaments, forging bonds with friends... Shadowverse leads Hiro to all sorts of new experiences, all that serve to ""evolve"" him...",Animation|Action & Adventure|Sci-Fi & Fantasy,Yuto Uemura|Hibiku Yamamura|Kazuki Ura|Shiori Izawa|Showtaro Morikubo|Larissa Tago Takeda|Miyu Tomita|Yuki Sakakihara|Ryota Osaka|Hana Tamegai,ja,5.3,32.6093,2020-04-07
61441,Yowamushi Pedal,anime,"A timid, anime-loving teen gets drawn into a school cycling club, where his new friends help him face tough challenges to develop his racing talent.",Comedy|Animation|Drama,Daiki Yamashita|Kohsuke Toriumi|Hiroki Yasumoto|Kentaro Ito|Daisuke Kishio,ja,7.2,31.8631,2013-10-07
80573,Puzzle & Dragons X,anime,"The story takes place in a fantasy world consisting of humans, Dragonoids and Monsters. There is a relative harmony between the three races. There are also Drops, spherical objects that come out of the planet, which can power up the Monsters. Humans and Dragonoids can take on the role of Dragon Callers if they have the capability to see the Drops, wherein, they form bonds with monsters. Currently, the planet is facing Drop Impacts, occurrences where a large amount of Drops are suddenly generated in a single area (and can also spread), which affects the lands and makes the Monsters berserk. In fact, one of the main duties of Dragon Callers is to settle the Drop Impacts by stabilizing the Drop distribution.",Animation|Sci-Fi & Fantasy|Action & Adventure,Takuto Yoshinaga|Tetsuya Kakihara|Tomoko Kaneda|Sora Amamiya|Yuka Terasaki|Anri Katsu|Nanami Yamashita|Miyuki Sawashiro|Tatsuhisa Suzuki|Saori Hayami,ja,4.0,33.0734,2016-07-04
115694,Shikimori's Not Just a Cutie,anime,"Shikimori seems like the perfect girlfriend: cute, fun to be around, sweet when she wants to be… but she has a cool dark side that comes out under the right circumstances. And her boyfriend Izumi loves to be around when that happens!",Animation|Comedy,Saori Onishi|Shuichiro Umeda,ja,7.7,33.047,2022-04-10
203737,【OSHI NO KO】,anime,A small-town doctor gets sucked into the ruthless world of show business when he crosses paths with a popular teen idol who holds a secret.,Animation|Drama,Takeo Otsuka|Yurie Igoma|Megumi Han|Rumi Okubo|Manaka Iwami|Kent Ito|Yumi Uchiyama,ja,8.28,35.5735,2023-04-12
44317,Saint Seiya Omega,anime,"An anime-original spin-off/sequel based on the Saint Seiya series: The god of war and guardian of his namesake planet, Mars, was once sealed away by Seiya, but time has passed and his revival is at hand. Meanwhile, Saori Kido is raising the boy Kouga, whose life Seiya saved, and he's been training every day to become a Saint in order to prepare for the coming crisis. Unaware of his destiny, when Kouga awakens to the power of his Cosmo hidden inside him, the curtain will rise upon the legend of a new Saint.",Sci-Fi & Fantasy|Animation|Action & Adventure,Hikaru Midorikawa|Katsuyuki Konishi|Tetsuya Kakihara|Junichi Suwabe|Tatsuhisa Suzuki|Kiyoyuki Yanada|Yusei Oda|Nobutoshi Canna|Aya Hisakawa|Hidekatsu Shibata,ja,7.9,34.3636,2012-04-01
114477,Harem in the Labyrinth of Another World,anime,"High school student Michio Kaga was wandering aimlessly through life and the Internet, when he finds himself transported from a shady website to a fantasy world — reborn as a strong man who can use ""cheat"" powers. He uses his powers to become an adventurer, earn money, and get the right to claim girls that have idol-level beauty to form his very own harem.",Animation|Action & Adventure|Sci-Fi & Fantasy,Taku Yashiro|Shiori Mikami|Kenta Miyake,ja,7.458,34.9756,2022-07-06
46004,Date A Live,anime,"Thirty years ago a strange phenomenon called a ""spacequake"" devastated the center of Eurasia, claiming the lives of at least 150 million people. Since then, smaller spacequakes plague the world on an irregular basis. Shido Itsuka, a seemingly ordinary high schooler comes across a mysterious girl at the ground zero of a spacequake and learns she is one of the ""Spirits"" who are the real cause of the spacequakes that occur when they manifest themselves in the world. He is recruited to make use of his mysterious ability to seal the Spirits' powers thus stopping them from being a threat to mankind. However, there is a catch: to seal a Spirit's power, he must make her fall in love with him and kiss him.",Animation|Sci-Fi & Fantasy|Comedy|Action & Adventure,Nobunaga Shimazaki|Marina Inoue|Misuzu Togashi|Ayana Taketatsu|Iori Nomizu|Asami Sanada|Maaya Uchida|Sarah Emi Bridcutt|Minori Chihara|Aya Endo,ja,8.261,34.6506,2013-04-06
208026,Kotowaza House,anime,"A public service proverb-of-the-week anime.

Peter the salary man lives a very unhealthy lifestyle, starving then bingeing until he feels seek, or slobbing around the house until badgered into taking up exercise, during which he invariably pulls a muscle.",Animation,Hiroshi Takemura|Ai Satou|Sho Saito,ja,0.0,44.8278,1987-04-04
288577,Room of Guilty Pleasure,anime,"This overworked and underpaid teacher, Mr. Sasaki, has his whole life turned upside down when he stumbles upon the ""Guilty Hole."" He thinks it's a dream when he sees the student's shoe lockers have been transformed into selection panels... seeing one that catches his eye, he joking picks her... When she appears in his classroom in the middle of the night, throwing insults at him, but her eyes seem to linger on him, tinged with embarassment. ""I'll finish this quickly so... Don't hold back, ok...?"" Thus begins a forbidden relationship... Welcome to the Guilty Hole, where anything is allowed--",Animation,Amai Miruku|Chiyoki Remon|Natsue Sasamoto|Yuki Nishiyama,ja,6.2,39.8508,2025-10-06
207784,Delicious in Dungeon,anime,"Dungeons, dragons... and delicious monster stew!? Adventurers foray into a cursed buried kingdom to save their friend, cooking up a storm along the way.",Animation|Comedy|Action & Adventure|Sci-Fi & Fantasy,Kentaro Kumagai|Sayaka Senbongi|Asuna Tomari|Hiroshi Naka,ja,8.4,35.9437,2024-01-04
60846,Log Horizon,anime,"One day, while playing the online game Elder Tales, 30,000 players suddenly find themselves trapped in another world. There, eight-year veteran gamer Shiroe also gets left behind. The trapped players are still alive, but they remain in combat with the monsters. The players don't understand what has happened to them, and they flee to Akiba, the largest city in Tokyo, where they are thrown into chaos. Once proud of his loner lifestyle, Shiroe forms a guild called Log Horizon with his old friend Naotsugu, female assassin Akatsuki and others.",Animation|Action & Adventure|Sci-Fi & Fantasy|Comedy,Takuma Terashima|Tomoaki Maeno|Emiri Kato|Jouji Nakata|Daiki Yamashita|Nao Tamura|Eriko Matsui,ja,7.703,27.5448,2013-10-05
42410,Durarara!!,anime,"Mikado Ryugamine moves to Ikebukuro at his friend’s invitation and quickly becomes entangled in the city’s dangerous underworld. After witnessing the legendary Headless Rider, he finds himself caught up in escalating violence and gang conflict that begin to throw Ikebukuro into chaos.",Action & Adventure|Animation|Drama|Mystery|Crime,Miyuki Sawashiro|Toshiyuki Toyonaga|Mamoru Miyano|Kana Hanazawa|Hiroshi Kamiya|Daisuke Ono|Jun Fukuyama|Misaki Kuno,ja,7.6,34.4139,2010-01-08
65676,My Teen Romantic Comedy SNAFU,anime,"So exactly what’s going to happen when Hachiman Hikigaya, an isolated high school student with no friends, no interest in making any and a belief that everyone else’s supposedly great high school experiences are either delusions or outright lies, is coerced by a well meaning faculty member into joining the one member “Volunteer Services Club” run by Yukino Yukinoshita, who’s smart, attractive and generally considers everyone in her school to be her complete inferior?",Animation|Comedy|Drama,Takuya Eguchi|Saori Hayami|Nao Toyama|Ayane Sakura|Aoi Yuuki|Mikako Komatsu|Takashi Kondo|Nobuyuki Hiyama|Ryoka Yuzuki|Mai Nakahara,ja,8.21,34.1605,2013-04-05
20695,Yu-Gi-Oh! 5D's,anime,"Welcome to New Domino City! Once the playground to legendary duelist Yugi Muto, this sprawling metropolis has since been transformed into a futuristic society where dueling has kicked into overdrive. With recent technological advancements made by KaibaCorp, dueling has undergone a metamorphosis that has revolutionized the makeup and pace of the game! It’s now a heart-pounding, adrenaline-filled and fuel injected competition where duelists ride supercharged hyper cycles called Duel Runners and battle it out in hi-octane contests called “Turbo Duels.”",Animation|Sci-Fi & Fantasy|Action & Adventure,Yuya Miyashita|Takanori Hoshino|Shintaro Asanuma|Ayumi Kinoshita|Ai Horanai|Yuka Terasaki|Aiko Aihashi|Hitomi Yoshida|Junko Minagawa|Koji Ochiai,ja,8.1,33.9492,2008-04-02
44371,Spaceship Sagittarius,anime,"Uchūsen Sagittarius is a 77-episode Japanese science fiction anime series directed by Kazuyoshi Yokota and created by Nippon Animation and TV Asahi. It aired from January 10, 1986 to October 3, 1987.

The series is based on Altri Mondi, an Italian comic book drawn by physicist Andrea Romol.",Animation|Action & Adventure|Sci-Fi & Fantasy|Comedy,Bin Shimada|Kenichi Ogata|Yoku Shioya,ja,6.6,32.807,1986-01-10
80671,Cells at Work!,anime,"This is a story about you. A tale about the inside of your body... According to a new study, the human body consists of approximately 37 trillion cells. These cells are hard at work every day within a world that is your body. From the oxygen-carrying red blood cells to the bacteria-fighting white blood cells, get to know the unsung heroes and the drama that unfolds inside of you! It's the oddly relatable and interesting story that is the life of cells!",Animation|Action & Adventure|Comedy,Kana Hanazawa|Tomoaki Maeno,ja,8.041,36.6414,2018-07-08
5653,MegaMan NT Warrior,anime,"In the year 20XX, a young boy named Netto Hikari receives a very special gift as he enters the 5th grade: his very own customized Net Navi, Rockman.",Action & Adventure|Animation|Sci-Fi & Fantasy,Kumiko Higa|Akiko Kimura|Kaori Mizuhashi|Masako Jo|Mitsuki Saiga|Masaya Matsukaze|Yuji Ueda,ja,7.8,35.7709,2002-03-04
5622,Hamtaro,anime,"The cute and cuddly pet of 10-year-old Laura, Hamtaro is a small hamster with a big sense of adventure! Join Hamtaro and the adorable rodent rascals who captured the hearts of millions of children the world over.",Animation|Action & Adventure|Kids,Kurumi Mamiya|Kentaro Ito|Kazusa Murai|Rikako Aikawa|Ai Uchikawa|Haruna Ikezawa|Kouki Miyata|Yuu Sugimoto|Chihiro Suzuki|Takako Honda,ja,7.9,35.3725,2000-07-07
97860,Tower of God,anime,"Reach the top, and everything will be yours. At the top of the tower exists everything in this world, and all of it can be yours. You can become a god. This is the story of the beginning and the end of Rachel, the girl who climbed the tower so she could see the stars, and Bam, the boy who needed nothing but her.",Animation|Action & Adventure|Mystery|Sci-Fi & Fantasy,Taichi Ichikawa|Nobuhiko Okamoto|Yuma Uchida|Sayumi Watabe|Yu Shimamura|Saki Miyashita|Kenichirou Matsuda|Kento Shiraishi|Kengo Kawanishi,ja,8.104,34.7074,2020-04-02
121792,Akebi's Sailor Uniform,anime,"It’s Komichi Akebi’s first year of junior high and she has her heart set on one thing: Robai Private Academy’s sailor uniform. As the next chapter of her life gets closer, she dreams of all the exciting new experiences she’ll get to have—school lunches, classes, club activities, and of course, making lots of friends! With her favorite outfit on, Komichi feels ready for anything.",Animation|Comedy,Manatsu Murakami|Sora Amamiya|Akari Kito|Shion Wakayama|Akira Sekine|Shizuka Ishigami|Yui Ishikawa|Momo Asakura|Azusa Tadokoro|Miku Ito,ja,6.922,29.2315,2022-01-09
104699,SHAMAN KING,anime,"Medium Yoh Asakura enters a battle tournament held every 500 years, competing with other shamans in a bid to become the all-powerful Shaman King.",Animation|Comedy|Sci-Fi & Fantasy|Action & Adventure,Yoko Hikasa|Katsuyuki Konishi|Minami Takayama|Megumi Hayashibara|Inuko Inuyama|Romi Park|Kosuke Takaguchi|Masahiko Tanaka|Wataru Takagi|Yuji Ueda,ja,8.162,34.5723,2021-04-01
152271,Ninjala the Animation,anime,"After years of experiments, three researchers finally create Ninja-Gum. This substance awakens dormant power within people descended from ninjas, but its creation isn’t without consequences and will lead them to the mysterious Ninjala Tournament.",Animation|Action & Adventure|Sci-Fi & Fantasy,Takahiro Sakurai|Akari Kito|Hiroki Yasumoto|Junko Minagawa|Yumiko Kobayashi|Aoi Yuuki|Ayumu Murase|Megumi Han|Honoka Inoue,ja,7.7,37.5316,2022-01-08
889,Eureka Seven,anime,"Renton Thurston desires to leave his home behind and join the mercenary group known as Gekkostate, hoping to find some adventure. When a robot crashes through Renton's garage the meeting sparks the beginning of Renton's involvement with Gekkostate as he takes off alongside the young girl Eureka as the co-pilot of the Nirvash.",Action & Adventure|Sci-Fi & Fantasy|Animation|Drama,Yutaro Honjo|Kanako Miyamoto|Ayaka Ohashi|Chiaki Omigawa|Kaori Nazuka,ja,7.4,35.4576,2005-04-17
114410,Chainsaw Man,anime,"Denji has a simple dream—to live a happy and peaceful life, spending time with a girl he likes. This is a far cry from reality, however, as Denji is forced by the yakuza into killing devils in order to pay off his crushing debts. Using his pet devil Pochita as a weapon, he is ready to do anything for a bit of cash.",Animation|Action & Adventure|Sci-Fi & Fantasy,Kikunosuke Toya|Tomori Kusunoki|Shogo Sakata|Fairouz Ai,ja,8.517,37.1019,2022-10-12
312949,Chainsmoker Cat,anime,"Catgirl Yani struggles to pay her rent and keep a job while feeding her smoking habit. As her loved ones' concerns grow, she must rethink her future.",Animation|Comedy|Sci-Fi & Fantasy,Yuko Natsuyoshi|Misato Matsuoka|Yurie Funato|Ayaka Shimizu|Shiori Izawa|Riko Akechi|Tetsu Inada|Rina Honnizumi,ja,8.4,33.8377,2026-07-03
296286,Smoking Behind the Supermarket with You,anime,"Sasaki is an overworked salaryman drifting through the corporate grind, sustained by cigarettes and the cheerful service and smile of Yamada, the clerk at his favorite supermarket. But one night after a grueling shift, he arrives late to find Yamada nowhere to be seen. With nowhere left to smoke, his spirits sink—until a pierced young woman calls out to him: “You can smoke here.”",Animation|Comedy,Takuya Sato|Seena Hoshiki|Toa Yukinari|Megumi Toyoguchi|Rikuya Yasuda|Yoko Hikasa|Shinya Takahashi,ja,8.6,33.1533,2026-07-09
98034,Digimon Adventure:,anime,"It's the year 2020. The Network has become something humans can no longer do without in their daily lives. But what humans don't know is that on the other side of the Network is the Digital World, a realm of light and darkness. Nor are they aware of the Digimon who live there. Fifth grader Taichi Yagami's mother and little sister Hikari went to Shibuya, and now they're aboard a runaway train. Taichi hurries to Shibuya to save his mother and sister, but the instant he heads toward the station platform... a strange phenomenon befalls the DigiDestined, and Taichi goes to the Digital World!",Animation|Action & Adventure|Sci-Fi & Fantasy|Kids,Yuko Sanpei|Chika Sakamoto|Daisuke Namikawa|Ryoko Shiraishi|Yumiko Kobayashi|Marika Kouno|Takeshi Kusao|Misaki Watada|Mayumi Yamaguchi|Atori Shigematsu,ja,7.6,39.7334,2020-04-05
42444,Saint Seiya,anime,"Ages ago, the goddess Athena was served by fighters called Saints who channeled the power of the Cosmos within them. Now a youth named Seiya has trained to become a Saint himself by earning the mystical Cloth of Pegasus. He is joined by other Saints with Cloths of their own to fight for Athena.",Animation|Drama|Action & Adventure|Sci-Fi & Fantasy,Toru Furuya|Hirotaka Suzuoki|Ryo Horikawa|Koichi Hashimoto|Hideyuki Hori|Keiko Han|Hideyuki Tanaka|Mami Koyama|Yuriko Yamamoto|Kazuyuki Sogabe,ja,8.494,38.8494,1986-10-11
46153,Wagnaria!!,anime,"Set in a family restaurant in Hokkaido, the northern prefecture of Japan, 16-year-old high school student Sōta Takanashi works part-time along with his strange co-workers: Popura Taneshima, a high school girl who—despite being a year older than Sōta—is easily mistaken for a elementary/middle schooler, and Kyoko Shirafuji, the 28-year-old store manager who does not bother to do any work at all.",Animation|Comedy,Jun Fukuyama|Kana Asumi|Saki Fujita|Daisuke Ono|Eri Kitamura|Hiroshi Kamiya|Kumiko Watanabe|Ryo Hirohashi,ja,8.1,37.327,2010-04-04
63926,One-Punch Man,anime,"Saitama is a hero who only became a hero for fun. After three years of “special” training, though, he’s become so strong that he’s practically invincible. In fact, he’s too strong—even his mightiest opponents are taken out with a single punch, and it turns out that being devastatingly powerful is actually kind of a bore. With his passion for being a hero lost along with his hair, yet still faced with new enemies every day, how much longer can he keep it going?",Animation|Comedy|Action & Adventure|Sci-Fi & Fantasy,Makoto Furukawa,ja,8.366,36.5542,2015-10-05
45998,KissXSis,anime,"The story begins with Keita Suminoe, a male third-year junior-high school student studying for his high school entrance exams. He is living in a home with his older twin stepsisters, Ako and Riko, who share no blood relation to him, and they help him prepare for his exams. Even though he initially dislikes himself for it, he begins to become attracted to his two step-sisters, and his two parents encourage him to eventually get married to one of them.",Animation|Comedy,Ayana Taketatsu|Yuiko Tatsumi|Ken Takeuchi|Yoriko Nagata|Asami Imai|Asuka Ohgame,ja,6.4,35.0838,2010-04-05
97617,The Misfit of Demon King Academy,anime,"Anos Voldigord was a tyrannical Demon King that eradicated humans, spirits, and even the gods, but became bored of eternal warfare and reincarnated with dreams of a peaceful world. However, what awaited him in reincarnation after 2000 years were descendants who became too weak after being accustomed to peace, and all sorts of magic that deteriorated to the extreme. Anos enters Demon King Academy that gathers and educates those who are viewed as the reincarnation of the Demon King, but the academy could not see through his true powers and ends up branding him as a misfit.",Animation|Action & Adventure|Sci-Fi & Fantasy,Tomori Kusunoki|Yuuichirou Umehara|Yuko Natsuyoshi|Takuma Terashima|Nene Hieda|Sayumi Watabe|Misaki Kuno|Wataru Hatano|Kana Asumi|Rikiya Koyama,ja,8.396,36.7247,2020-07-04
283884,Chuhai Lips: Canned Flavor of Married Women,anime,"The omnibus manga centers on college student Tsuyoshi, who loves drinking strong canned chu-hai, and his encounters with various married women.",Animation|Comedy,Takahide Ishii|Shiho Kawaragi|Madoka Asahina|Yuka Nukui|Riko Akechi|Saki Kosaka|Yuri Yamaoka,ja,5.6,38.7118,2025-07-02
34805,Sekirei,anime,"Struggling yet brilliant, 19-year-old Minato Sahashi has failed his college entrance exams for the second time, resulting in him being regarded as worthless by those around him. However, the course of his seemingly bleak future is altered dramatically when a beautiful, supernatural woman falls from the sky and into his life. That woman, Musubi, is a ""Sekirei,"" an extraterrestrial with extraordinary abilities. Recognizing the potential of the Ashikabi gene within Minato, Musubi kisses him, initiating a bond between the two of them. This drags him into the high-stakes world of the Sekirei, where he and his new partner must compete against others in a battle for survival called the ""Sekirei Plan."" However, unbeknownst to the contestants, there is far more at risk that what the competition initially entailed. Manga series by Sakurako Gokurakuin.",Animation|Comedy|Action & Adventure,Kana Hanazawa|Katsuyuki Konishi|Kana Ueda|Kana Asumi|Saori Hayami|Shinnosuke Tachibana|Aya Endo|Marina Inoue|Hitomi Nabatame|Yuki Kaida,ja,7.4,37.3525,2008-07-02
69346,Saga of Tanya the Evil,anime,"On the front lines of the war, Tanya Degurechaff, blond hair, blue eyes, and porcelain white skin, commands her squad with lisping voice. Actually, she is one of Japan's most elite salary men, reborn as a little girl into a world of magical warfare after angering a mysterious being who calls himself God.",Animation|Drama|Sci-Fi & Fantasy|War & Politics,Aoi Yuuki|Saori Hayami|Shin-ichiro Miki|Tessyo Genda|Hochu Otsuka,ja,8.235,36.0667,2017-01-06
126437,Aoashi,anime,"Ashito Aoi is a young, aspiring soccer player from a backwater town in Japan. His hopes of getting into a high school with a good soccer club are dashed when he causes an incident during a critical match for his team, which results in their loss and elimination from the tournament. Nevertheless, he catches the eye of someone important who happened to be visiting from Tokyo. How will things turn out for Ashito?",Animation,Kouki Osuzu,ja,7.8,36.7783,2022-04-09
240411,Dan Da Dan,anime,"In a bet to prove whether ghosts or aliens exist, two high schoolers face terrifying paranormal threats, gain superpowers and maybe even fall in love?!",Animation|Action & Adventure|Comedy|Sci-Fi & Fantasy,Shion Wakayama|Natsuki Hanae|Mayumi Tanaka|Nana Mizuki,ja,8.518,37.1859,2024-10-04
157879,"3 Seconds Later, He Turned into a Beast",anime,"Tsumugi is a female college student who carries trauma from an aggressive man in her past. She meets Kaname at a mixer she requested specifically for unaggressive ""herbivore""-type men. She and Kaname hit it off, and Kaname resembles Tsumugi's older brother a little bit, so she relaxes her guard around him. Kaname, however, feigns to be a ""herbivore""-type man, but is in reality an aggressive ""carnivore""-type man, and he can change his demeanor in an instant.",Animation|Comedy,Shogo Yano|Riho Sugiyama|Yuya Hirose,ja,5.8,39.0643,2022-04-04
80609,Kiteretsu Daihyakka,anime,"The main character is a scientific genius boy named Kiteretsu, who has built a companion robot named Korosuke. He frequently travels in time with his friends and Korosuke in the time machine he built. Miyoko is a girl in his neighborhood who is basically his girlfriend. Tongari is his rival, who happen to share some similar traits of Honekawa Suneo. Buta Gorilla is a typical neighborhood bully, who also share similar traits of Gian except that he often antagonizes Korosuke (though they are in grade school).",Animation|Comedy|Sci-Fi & Fantasy,Mami Koyama|Chieko Honda|Naoki Tatsuta|Toshiko Fujita|Yuji Mitsuya,ja,7.9,35.9296,1988-03-27
890,Neon Genesis Evangelion,anime,"At the turn of the century, the Angels returned to Earth, seeking to wipe out humanity in an apocalyptic fury. Devastated, mankind's last remnants moved underground to wait for the day when the Angels would come back to finish the job. Fifteen years later, that day has come... but this time, humanity is ready to fight back with terrifying bio-mechanical weapons known as the Evangelions. Watch as Shinji, Rei, Asuka and the rest of the mysterious shadow agency Nerv battle to save earth from total annihilation.",Sci-Fi & Fantasy|Animation|Drama,Megumi Ogata|Kotono Mitsuishi|Megumi Hayashibara|Yuko Miyamura|Yuriko Yamaguchi|Fumihiko Tachiki|Motomu Kiyokawa|Miki Nagasawa,ja,8.559,40.1984,1995-10-04
31654,Digimon: Digital Monsters,anime,"While at summer camp, seven kids come across seven Digivices and are transported to a strange digital world. In this new world they make friends with creatures that call themselves Digimon who were born to defend their world from various evil forces.",Animation|Action & Adventure|Sci-Fi & Fantasy,Reiko Kiuchi|Megumi Urawa|Rio Natsuki|Hiroaki Hirata|Romi Park|Junko Noda|Kae Araki|Koichi Tochika|Miwa Matsumoto|Naozumi Takahashi,ja,8.1,34.2555,1999-03-07
19849,Blood+,anime,"Unable to remember the past, high school senior Saya Otonashi must rediscover her destiny in order to defeat the chiropteran vampires that threaten her loved ones' existence.",Animation|Sci-Fi & Fantasy|Action & Adventure,Eri Kitamura|Katsuyuki Konishi|Hiroyuki Yoshino|Akiko Yajima|Hochu Otsuka|Jurota Kosugi|Takashi Nagasako|Yuhko Kaida|Junichi Suwabe|Kentaro Ito,ja,8.1,35.0789,2005-10-08
67460,Yu-Gi-Oh! Arc-V,anime,"Yuya Sakaki's dream is to follow in his father's footsteps and become the greatest ""duel-tainer"" in history - and he just might pull it off when he suddenly discovers Pendulum Summoning, a never-before-seen technique that lets him summon many monsters at once!",Action & Adventure|Animation|Sci-Fi & Fantasy,Kensho Ono|Yuuna Inamura|Shinpei Takagi|Rin Aizawa|Yoshimasa Hosoya|Mai Fuchigami|Yohei Ohbayashi|Shogo Yano|Yui Ishikawa|Manabu Sakamaki,ja,7.3,41.1179,2014-04-06
216467,Mission: Yozakura Family,anime,"Taiyo Asano has been on his own ever since his parents died and the only one who seems to care for him is his childhood friend and classmate, Mutsumi Yozakura. But Mutsumi has a secret—she is the head of a family of spies! And on top of that, her brother Kyoichiro is dangerously protective of her! To stop Kyoichiro from killing him, Taiyo and Mutsumi must take the ultimate leap—marriage! Because in the Yozakura family, family cannot kill family.",Animation|Comedy|Action & Adventure,Reiji Kawashima|Kaede Hondo|Katsuyuki Konishi|Akari Kito|Aoi Yuuki|Kazuyuki Okitsu|Yumi Uchiyama|Kazuhiko Inoue|Mariya Ise|Romi Park,ja,7.5,38.7479,2024-04-07
245215,"The Perfect Prince Loves Me, the Side Character?!",anime,"After finding himself reincarnated into the world of a novel, Loneal goes to great lengths to steer clear of Prince Alec, the hero, to avoid disrupting the main storyline between Alec and the heroine, Lily. However, to Loneal's great surprise, the prince becomes infatuated with...him?! ""A charming physique, such as yours, more than makes up for your lack of experience."" Before he knows it, he finds himself melting into the prince's arms... Why is everything so different from the novel?!",Animation,Danji Haru|Santa Hiiragi|Mei Hanamori|Shuu Kasumi|Shou Shioko,ja,6.714,36.9088,2024-04-07
26444,Da Capo,anime,"Junichi Asakura lives with his adoptive sister Nemu in the crescent-shaped island of Hatsune Jima, a place where cherry blossoms bloom throughout the year. In this island, people have mysterious powers and attributes. For example, Junichi has the power to see other people's dreams, and he was also taught by his grandmother to magically create sweets. One day, Junichi's cousin and childhood friend, Sakura Yoshino came back from America all of a sudden. To Junichi's surprise, she looks exactly the same as the girl that moved away six years ago, and hasn't aged one bit. And she came back to remind Junichi of their childhood promise... It is a bittersweet tale of magic, love, hidden desires, and unattainable dreams.",Animation|Drama,Haruko Momoi|Daisuke Kishio|Ōsaki Chiyo|Yuki Ono|Emi Nitta|Ui Miyazaki|Mikoi Sasaki|Hitomi|Arise Sato|Sayaka Aoki,ja,6.2,37.6633,2003-07-05
278043,You and I Are Polar Opposites,anime,"Suzuki's a high school girl in love, but the guy she's fallen for is nothing like her! While she's cheerful, outgoing, and always trying to fit in, her classmate Yusuke Tani is stoic, quiet, and doesn't seem to care what people think of him. Will Suzuki be able to overcome her anxieties and ask him out, or will she discover that opposites really don't attract?",Animation|Comedy,Sayumi Suzushiro|Shogo Sakata|Yuna Taniguchi|Konatsu Hirabayashi|Anji Iwata|Miyuri Shimabukuro|Wataru Katoh|Cocoro Omori|Tomori Kusunoki,ja,8.6,38.8861,2026-01-11
8872,Aquarion,anime,"Set in the future, a giant fighting machine called the Aquarion is humanity's only effective weapon in the fight against the technologically advanced species called the Shadow Angels.",Animation|Action & Adventure|Drama|Sci-Fi & Fantasy,Nobunaga Shimazaki|Ayane Sakura|Ari Ozawa|Haruka Chisuga|Jouji Nakata|Ryoko Shiraishi|Saima Nakano|Takayuki Asai|Yuuichirou Umehara|Yuuto Adachi,ja,6.5,39.4011,2005-04-05
97525,To Your Eternity,anime,"An immortal being takes on the form of a human boy, wandering the earth and experiencing the pains and joys of life throughout his story without end.",Animation|Action & Adventure|Sci-Fi & Fantasy,Reiji Kawashima|Kenjiro Tsuda|Tomori Kusunoki|Megumi Han|Yumiri Hanamori|Aya Uchida|Fukushi Ochiai|Chiharu Sawashiro|Aoi Koga|Shouto Kashii,ja,8.206,38.7213,2021-04-12
117465,Hell's Paradise,anime,"For a chance at a pardon, a ninja assassin joins other condemned criminals on a journey to a mysterious island to retrieve an elixir of immortality.",Animation|Action & Adventure|Sci-Fi & Fantasy,Chiaki Kobayashi|Yumiri Hanamori|Ryohei Kimura|Rie Takahashi|Tetsu Inada|Aoi Ichikawa|Makoto Koichi|Daiki Yamashita|Konomi Kohara,ja,8.213,41.0857,2023-04-01
65844,KONOSUBA - God's blessing on this wonderful world!,anime,"After a traffic accident, Kazuma Sato’s  disappointingly brief life was supposed to be over, but he wakes up to  see a beautiful girl before him. She claims to be a goddess, Aqua, and  asks if he would like to go to another world and bring only one thing  with him. Kazuma decides to bring the goddess herself, and they are  transported to a fantasy world filled with adventure, ruled by a demon  king. Now Kazuma only wants to live in peace, but Aqua wants to solve  many of this world’s problems, and the demon king will only turn a blind  eye for so long…",Action & Adventure|Animation|Comedy|Sci-Fi & Fantasy,Jun Fukushima|Sora Amamiya|Rie Takahashi|Ai Kayano,ja,8.536,40.4321,2016-01-14
207347,Blue Box,anime,"Taiki Inomata loves badminton, but he has a long way to go before he can reach nationals. When Taiki sees upperclassman Chinatsu Kano practicing her heart out on the girls’ basketball team, he falls for her hard. After an unexpected turn of events brings the two closer together, sports might not be the first thing on their minds anymore!",Animation|Drama,Shoya Chiba|Reina Ueda|Akari Kito,ja,7.8,39.8417,2024-10-03
62564,Sound! Euphonium,anime,"Spring in the first year of high school. Kumiko, a member of the brass band in junior high school, visits the high school brass band club with classmates Hazuki and Sapphire. There, she comes across Reina, her former classmate from junior high. Hazuki and Sapphire decide to join the club, but Kumiko can’t make up her mind. She recollects her experience with Reina at a competition in junior high school.",Animation|Drama,Tomoyo Kurosawa|Chika Anzai|Ayaka Asai|Moe Toyota|Haruka Tomatsu,ja,7.968,38.8051,2015-04-08
37807,Beyblade: Metal Fight Beyblade,anime,"A new cast of characters take on the continued battle between good and evil. Gingka, our hero, and his group of loyal friends take on a dangerous group called the Dark Nebula. Dark Nebula’s mission is to take over the world and unleash their evil upon it; but before they can do so, they must destroy Gingka as he is the only person that’s strong enough to stand in their way. The plot thickens as friends become enemies and enemies become allies. Everything starts and ends with Gingka as he struggles to find the strength to defend his world and the honor of Beyblade.",Animation|Mystery|Action & Adventure|Kids|Sci-Fi & Fantasy,Nobuhiko Okamoto|Koki Uchiyama|Takuma Terashima|Yuuki Kodaira|Sumire Morohoshi,ja,7.3,38.8341,2009-04-05
20450,Witchblade,anime,"Masane Amaha and her daughter Rihoko are on the run from a government child welfare agency that wants to take Rihoko away from her mother. They are caught and Rihoko is taken away. Meanwhile, Masane is attacked by an advanced weapon that can disguise itself as a human being. When faced with the danger, a strange light emits from her wrist and she transforms into a powerful being. She becomes involved in a power struggle between powerful organizations, with her at the center of their attention because she holds the greatest power of them all, the legendary Witchblade.",Animation|Drama|Comedy|Sci-Fi & Fantasy|Action & Adventure|Mystery,Mamiko Noto|Akemi Kanda|Masaya Matsukaze|Mie Sonozaki|Shizuka Itoh|Nana Mizuki|Rikiya Koyama|Shinji Ogawa|Akeno Watanabe|Kenichi Suzumura,ja,7.8,40.5544,2006-04-05
45783,Kuroko's Basketball,anime,"In the story, Kagami Taiga has just enrolled into Seirin High School when he meets Kuroko Tetsuya of the school's basketball team. Kuroko happens to be the shadowy sixth member of the legendary Generation of Miracles basketball team. Together, Kagami and Kuroko aim to take their team to the inter-high school championship - against Kuroko's former teammates.",Animation|Comedy|Drama,Kensho Ono|Yuki Ono|Junichi Suwabe|Daisuke Ono|Ryohei Kimura|Hiroshi Kamiya|Kenichi Suzumura|Chiwa Saito|Yoshimasa Hosoya|Hirofumi Nojima,ja,8.414,39.1444,2012-04-08
64492,SHIROBAKO,anime,"In a school in northeastern Japan, five friends in the animation club, Aoi, Ema, Shizuka, Misa, and Midori swear to complete a new anime called ""Shinbutsu Konkou SHICHIFUKUJIN"" with some donuts. Since then, day after day, the five spend all of their time on anime production. The awe of going from rough sketches to animation, and the awkward acting in the after-recording session... The final product was finished at the cultural fair six months later. After they graduated they still pursued animation and swore on some donuts that they would make another anime together.",Animation|Comedy|Drama,Juri Kimura,ja,7.8,34.475,2014-10-09
154524,Urusei Yatsura,anime,"Tokyo, Tomobiki Town. Lum, the gorgeous princess of the invading alien race of Oni is smitten with high school student Ataru Moroboshi. A dedicated womanizer, Ataru is unfazed by Lum’s fierce electric shock attacks and continues his daily hunt for pretty girls. With a host of other unique characters, including girl-next-door Shinobu, elegant shrine maiden Sakura, Lum’s best friends Oyuki, Benten, and Ran, Buddhist Monk Cherry, Ten, the little brat, heir to a wealthy family Shutaro Mendo and the masculine beauty Ryunosuke…it's a classic slapstick love comedy where anything goes!",Animation|Comedy|Action & Adventure|Sci-Fi & Fantasy,Hiroshi Kamiya|Sumire Uesaka|Maaya Uchida|Mamoru Miyano|Wataru Takagi|Miyuki Sawashiro,ja,6.8,34.9687,2022-10-14
123249,My Dress-Up Darling,anime,"High schooler Wakana Gojo wants to become a kashirashi—a master craftsman who makes traditional Japanese Hina dolls. Though he's gung-ho about the craft, he knows nothing about the latest trends, and has a hard time fitting in with his class. The popular kids—especially one girl, Marin Kitagawa—seem like they live in a completely different world. That all changes one day, when she shares an unexpected secret with him, and their completely different worlds collide.",Animation|Comedy|Drama,Hina Suguta|Shoya Ishige,ja,8.43,45.7019,2022-01-09
35790,Cardcaptor Sakura,anime,"Sakura Kinomoto, an elementary school student who discovers that she possesses magical powers after accidentally freeing a set of magical cards from the book they had been sealed in for years. She is then tasked with retrieving those cards in order to avoid an unknown catastrophe from befalling the world.",Animation|Sci-Fi & Fantasy|Action & Adventure,Sakura Tange|Junko Iwao|Motoko Kumai|Aya Hisakawa|Emi Shinohara|Hideyuki Tanaka|Masaya Onosaka|Megumi Ogata|Tomokazu Seki|Yukana,ja,8.6,44.1433,1998-04-07
30395,Yawara!,anime,"Inokuma Yawara is just another young high school girl. Well, not quite - for Yawara is being raised by her grandfather, 7th dan Judo master Inokuma Jigorou, to be Japan's great hope for the women's Judo competition at the 1992 Olympics in Barcelona. All the same, Yawara just wants to live a normal life...",Animation|Comedy|Drama,Yuko Minaguchi|Ichiro Nagai|Toshihiko Seki|Yoshino Takamori|Akira Kamiya|Masashi Sugawara|Chiyoko Kawashima,ja,6.7,34.8867,1989-10-16
65336,March Comes In Like a Lion,anime,"This is a gentle tale about people trying to regain something. And it is a tale of battle. Rei Kiriyama had lost his family in an accident when he was young. Now he is a 17-year-old pro shogi player who is burdened with deep loneliness. Rei lives alone in an old town in Tokyo, but after becoming acquainted with three sisters, Akari, Hinata and Momo, he begins to change little by little...",Animation|Drama,Kengo Kawanishi,ja,8.0,45.5676,2016-10-08
34742,To Love Ru,anime,"Rito Yuuki is unlucky when it comes to love — no matter how hard he tries to confess to his crush, his efforts end in failure. After another day’s confession goes down the drain, Rito spends his night sulking in his bathtub. But when a naked girl with a pointed tail teleports into the tub with him, it seems like Rito’s luck is finally looking up! His fortune doesn’t last long when he finds himself accidentally engaged to the buxom beauty who is none other than the princess of the planet Deviluke!",Animation|Comedy|Sci-Fi & Fantasy,Akeno Watanabe|Haruka Tomatsu|Sayuri Yahagi|Misato Fukuen|Kanae Itou|Aki Toyosaki|Kaori Nazuka|Ayako Kawasumi|Ryoka Yuzuki,ja,8.2,43.2539,2008-04-04
223564,"The 100 Girlfriends Who Really, Really, Really, Really, REALLY Love You",anime,"Rentaro Aijo was rejected 100 times in middle school. He visits a shrine and prays for better luck in high school. The God of Love appears and promises that he'll soon meet 100 people he's destined to date. But there's a catch—once destiny introduces someone to him, the two must happily love each other. If they don't, they'll die. What will befall Rentaro and his 100 girlfriends in high school?",Animation|Comedy,Wataru Katoh|Kaede Hondo|Miyu Tomita|Maria Naganawa|Asami Seto|Ayaka Asai|Shigeru Chiba,ja,8.3,38.4439,2023-10-08
105248,Cyberpunk: Edgerunners,anime,"In a dystopia riddled with corruption and cybernetic implants, a talented but reckless street kid strives to become a mercenary outlaw — an edgerunner.",Animation|Action & Adventure|Sci-Fi & Fantasy|Crime,Momoka Terasawa|Akari Kito|Koki Uchiyama|Kentaro Tone,ja,8.5,40.5947,2022-09-13
24835,Clannad,anime,"Tomoya Okazaki is a third year high school student resentful of his life. His mother passed away from a car accident when he was younger, causing his father to resort to alcohol and cigarettes. This results in fights between the two until Tomoya's shoulder is injured in a fight. Since then, Tomoya has had distant relationships with his father, causing him to become a delinquent over time. While on a walk to school, he meets a strange girl named Nagisa Furukawa who is a year older, but is repeating due to illness. Due to this, she is often alone as most of her friends have moved on. The two begin hanging out and slowly, as time goes by, Tomoya finds his life shifting in a new direction.",Animation|Comedy|Drama|Sci-Fi & Fantasy,Yuichi Nakamura|Mai Nakahara|Ryotaro Okiayu|Kikuko Inoue,ja,8.3,41.1085,2007-10-05
85991,Fruits Basket,anime,"After a family tragedy turns her life upside down, 16-year-old high school student Tohru Honda takes matters into her own hands and moves out… into a tent! Unfortunately for her, she pitches her new home on private land belonging to the mysterious Soma clan, and it isn't long before the owners discover her secret. But, as Tohru quickly finds out when the family offers to take her in, the Somas have a secret of their own—when hugged by the opposite sex, they turn into the animals of the Chinese Zodiac!",Animation|Drama|Sci-Fi & Fantasy,Manaka Iwami|Nobunaga Shimazaki|Yuma Uchida|Yuichi Nakamura|Rie Kugimiya|Megumi Han|Makoto Furukawa|Kazuyuki Okitsu|Takahiro Sakurai|Reina Ueda,ja,8.0,42.629,2019-04-06
20353,Magical DoReMi,anime,"Ojamajo Doremi, known as Magical DoReMi internationally, is a magical girl anime television series created by Toei Animation in 1999. It focuses on elementary school students who become witch apprentices. Led by Doremi Harukaze, the girls must maintain their double lives in secret.

Ojamajo Doremi has been followed up by three direct sequels, lasting until its end in 2003. During the television series' runtime, two companion films were released in theaters. The English dub, produced by 4Kids Entertainment, released a preview episode in the US airing on August 13, 2005, and the first episode on September 10, 2005.",Animation|Comedy|Sci-Fi & Fantasy|Action & Adventure|Kids,Chiemi Chiba|Tomoko Akiya|Yuki Matsuoka|Rumi Shishido|Nami Miyahara|Megumi Takamura|Naomi Nagasawa|Sawa Ishige|Ai Nagano|Chigusa Ikeda,ja,8.4,42.6907,1999-02-07
32377,Armored Trooper VOTOMS,anime,The story of stoic Armored Trooper pilot Chirico Cuvie and his quest for answers after a sudden betrayal leaves him on the run from his own military.,Animation|Drama|Sci-Fi & Fantasy,Hozumi Goda|Kazuko Yanaga,ja,7.1,40.6641,1983-04-01
270603,The Exiled Heavy Knight Knows How to Game the System,anime,"Born into a prestigious family of master swordsmen, Elymas Edvaughn's future shatters when he awakens the so-called ""defective"" Heavy Knight class. Disowned and cast out, he regains memories of another life—and realizes this world mirrors a VR game he once mastered. Armed with knowledge no one else possesses, he sets out to rewrite his fate and prove the strength of the ""weakest"" class.",Animation|Action & Adventure|Sci-Fi & Fantasy,Takeo Otsuka|Shion Wakayama|Natsuko Abe|Kentaro Tone|Katsumi Fukuhara|Miyuri Shimabukuro,ja,8.5,40.425,2026-07-03
63164,Sgt. Frog,anime,Alien frogs come to take over the planet & get into all kinds of trouble while living under the roof of a small family.,Animation|Comedy|Sci-Fi & Fantasy,Kumiko Watanabe,ja,7.0,42.7422,2004-04-03
61440,Strike the Blood,anime,"Kojou Akatsuki's days as an ordinary high school student in the Demon District of Itogami Island come to an abrupt end after a fateful encounter leaves him with the remarkable abilities of a vampire.  It isn't long before he is thrust into the center of attention when it is discovered that he is the fourth primogenitor, an immensely powerful vampire whom most consider to be merely a legend. Fearing Kojou's destructive potential, the Lion King Organization sends in an apprentice sword-shaman, Yukina Himeragi, to monitor, and should he become a threat, kill the boy deemed the world's most powerful vampire. Forced together by circumstance, the two form an unlikely alliance as Kojou comes to terms with his abilities and they both struggle to protect the city from various emerging chaotic forces.",Animation|Action & Adventure|Sci-Fi & Fantasy,Yoshimasa Hosoya|Risa Taneda|Asami Seto|Rina Hidaka|Ikumi Hayama|Ryota Osaka|Hisako Kanemoto|Kanae Itou|Yuka Iguchi|Sayaka Senbongi,ja,6.902,41.4135,2013-10-04
38464,Blue Exorcist,anime,"Humans live in the world of Assiah, demons in Gehenna. The two dimensions are not meant to interfere with each other, but demons still possess creatures in Assiah in spite of this. The humans who can fight these demons are known as exorcists. Rin Okumura is a boy who bears the curse of being Satan's illegitimate son. His foster father sacrificed himself to save him from demons. To avenge his foster father's death as well as to prove himself, Rin decides to follow the path of an exorcist and defeat his own father, Satan. To hone his raw skills, Rin enters True Cross Academy to train with other exorcist candidates.",Animation|Sci-Fi & Fantasy|Mystery|Action & Adventure,Hiroshi Kamiya,ja,7.844,38.2762,2011-04-17
54728,Beyblade,anime,"Thirteen-year-old Takao Kinomiya (Tyson Granger), along with his fellow teammates, Kai Hiwatari, Max Mizuhura (Max Tate), and Rei Kon (Ray Kon), strive to become the greatest Beybladers in the world. With the technical help of the team's resident genius, Kyoujyu (Kenny), and with the powerful strength of their BitBeasts, the Bladebreakers armed with their Beys attempt to reach their goal.",Kids|Action & Adventure|Animation|Sci-Fi & Fantasy|Comedy,Motoko Kumai|Kiyu Morita|Daisuke Namikawa|Urara Takano|Chikao Ohtsuka|Hiroshi Kamiya|Kazuyuki Ishikawa|Kaori Saiki|Chiharu Tezuka|Ai Orikasa,ja,7.7,39.1756,2001-01-08
65503,Aikatsu!,anime,"Ichigo Hoshimiya is a regular, ordinary middle school girl. But when her best friend Aoi invites her to join the idol training academy, Starlight Academy, her whole world is turned upside down. As she encounters all kinds of rivals and learns what it takes to be an idol, she uses her Aikatsu Cards to challenge countless auditions.",Animation|Comedy|Drama|Kids|Sci-Fi & Fantasy,Sumire Morohoshi|Ayaka Ohashi|Azusa Tadokoro|Aya Suzaki|Minako Kotobuki|Tomoyo Kurosawa|Sanae Fuku|Shino Shimoji|Kotori Koiwai|Kaya Matsutani,ja,6.7,43.1094,2012-10-08
91768,Ascendance of a Bookworm,anime,"When a sickly young girl suddenly becomes obsessed with inventing new things, her family and friends are all puzzled. ""What has gotten into Myne?"" they wondered, never dreaming that the answer is not a ""What"" but a ""Who"": Urano Motosu, a book-loving apprentice librarian who died in an earthquake in Tokyo who somehow found herself in Myne's body! And since Myne's world is still in a medieval stage, where books can only be owned by the elite, the new Myne intends to do everything she can to bring her beloved books to the masses in the time she has left.",Animation|Drama|Sci-Fi & Fantasy,Yuka Iguchi|Show Hayami,ja,8.1,46.7368,2019-10-03
84980,MÄR: Märchen Awakens Romance,anime,"Dreaming of a magical world every night, the young Toramizu Ginta yearns to be able to go there. With only his friend Koyuki believing in his dreams, Ginta remains positive despite the slander he receives from others over his dreams. But his wishes are answered, as one day a large door appears in front of Ginta, summoning him to the land of MAR Heaven. In this land, the weapons known as ARMS exist. While initially Ginta greatly enjoyed the discovery of this magical world, he soon learns of the terrible wars that have once plagued MAR Heaven and the upcoming war that may soon appear",Animation|Action & Adventure|Comedy,Makoto Yasumura|Kisho Taniyama|Mitsuki Saiga|Katsuyuki Konishi|Hiroshi Shirokuma|Koichi Tochika|Sayaka Ohara|Dai Matsumoto|Shinji Kawada|Toshihiko Nakajima,ja,8.0,42.6563,2005-04-03
56387,Fist of the North Star,anime,"It's the year 199x, and Earth burns with the fires of a nuclear holocaust. On the charred remains of the planet's surface, humans struggle desperately to survive a fearful world. The young wanderer Kenshiro rises to stand against the violent reality. Upon his chest are seven scars in the shape of the North Star!",Action & Adventure|Animation|Sci-Fi & Fantasy|Drama,Akira Kamiya|Takeshi Aono|Koji Totani|Kaneto Shiozawa|Yusaku Yara|Banjo Ginga|Takaya Hashi|Yuriko Yamamoto|Toshio Furukawa|Daisuke Gori,ja,8.1,44.6771,1984-10-11
92892,Ahiru no Sora,anime,"Sora joins the high school basketball club, but his unmotivated teammates don't care about the game. To get anywhere, he has to change their minds.",Animation|Drama,Yuki Kaji|Katsuyuki Konishi|Yuma Uchida|Chado Horii|Taku Yashiro|KENN,ja,8.4,43.6582,2019-10-01
34109,Bakugan Battle Brawlers,anime,Centers on the lives of creatures called Bakugan and the battle brawlers who possess them.,Action & Adventure|Animation|Kids|Sci-Fi & Fantasy,Yu Kobayashi|Keiji Fujiwara|Ryo Hirohashi|Chihiro Suzuki|Chiharu Suzuka|Atsushi Ono|Eiji Miyashita|Hiroki Yasumoto|Ayumi Tsunematsu|Ayumi Tsunematsu,ja,8.3,43.694,2007-04-05
35442,Cardfight!! Vanguard,anime,"Aichi Sendou is a timid third-year middle school student who has always lived his life looking backwards rather than forward. However, he has a card called ""Blaster Blade"" that was given to him when he was little, which is the sole thing that sustains him. Then Toshiki Kai, a cool-hearted high schooler, introduces Aichi to a card game called ""Vanguard"". When participants battle they picture they are on a planet called ""Clay"", and since Vanguard features a never before seen game system it has become popular around the world. Aichi immediately likes Vanguard, so he begins to play it with his friends Misaki Togura and Kamui Katsuragi, and others like his new rival Kai (who is one of the best Vanguard players). Aichi plays every day and he strives with all his soul and heart to play better, so when he battles Kai, Kai will recognize Aichi's worth.",Action & Adventure|Animation|Comedy,Mark Ishii,ja,5.5,44.68,2011-01-08
210879,Rurouni Kenshin,anime,"Ten years have passed since the end of Bakumatsu, an era of war that saw the uprising of citizens against the Tokugawa shogunate. The revolutionaries wanted to create a time of peace, and a thriving country free from oppression. The new age of Meiji has come, but peace has not yet been achieved. Swords are banned but people are still murdered in the streets. Orphans of war veterans are left with nowhere to go, while the government seems content to just line their pockets with money.",Animation|Action & Adventure,Soma Saito|Rie Takahashi|Taku Yashiro|Makoto Koichi|Saori Onishi,ja,8.3,44.7432,2023-07-07
76075,Laid-Back Camp,anime,"Nadeshiko, a high school student who had moved from Shizuoka to Yamanashi, decides to see the famous, 1000 yen-bill-featured Mount Fuji. Even though she manages to bike all the way to Motosu, she's forced to turn back because of worsening weather. Unable to set her eyes on her goal, she faints partway to her destination. When she wakes up, it's night, in a place she's never been before, with no way of knowing how to get home. Nadeshiko is saved when she encounters Rin, a girl who is out camping by herself. This outdoorsy girls story begins with this first encounter between Nadeshiko and Rin.",Animation|Comedy,Yumiri Hanamori|Nao Toyama|Sayuri Hara|Aki Toyosaki|Rie Takahashi,ja,8.2,44.7486,2018-01-04
38251,Toriko,anime,"In a world where gastronomy reigns, Gourmet Hunter Toriko hunts rare ingredients and animals to create his ultimate full-course meal.",Animation|Sci-Fi & Fantasy|Action & Adventure,Ryotaro Okiayu|Mitsuo Iwata|Romi Park|Takahiro Sakurai|Nana Mizuki|Akira Ishida|Asami Tano|Banjo Ginga|Hideyuki Tanaka|Hiro Yuuki,ja,7.5,44.7687,2011-04-03
83121,Kaguya-sama: Love Is War,anime,"Considered a genius due to having the highest grades in the country, Miyuki Shirogane leads the prestigious Shuchiin Academy's student council as its president, working alongside the beautiful and wealthy vice president Kaguya Shinomiya. The two are often regarded as the perfect couple by students despite them not being in any sort of romantic relationship.",Comedy|Animation,Makoto Furukawa|Aoi Koga|Konomi Kohara|Ryota Suzuki|Miyu Tomita|Yumiri Hanamori|Momo Asakura|Rina Hidaka|Taku Yashiro|Kana Ichinose,ja,8.528,45.242,2019-01-12
37305,Soul Eater,anime,"Set in the Shinigami technical school for weapon meisters, the series revolves around 3 groups of each a weapon meister and a human weapon. Trying to make the latter a ""Death Scythe"" which is the highest title for a weapon and thus fit for use by the Shinigami, they must collect the souls of 99 evil humans and 1 witch. Maka & Soul Eater, Black Star & Tsubaki, and Death the Kid with Patty and Liz Thompson are the characters Soul Eater revolves around. Besides taking the time to gather souls, these students of Shibusen defend Death City from some of the most powerful of creatures while still attending school and trying to become stronger.",Animation|Action & Adventure|Comedy|Sci-Fi & Fantasy,Chiaki Omigawa|Koki Uchiyama|Yumiko Kobayashi|Kaori Nazuka|Mamoru Miyano|Maaya Sakamoto|Akeno Watanabe|Rikiya Koyama|Narumi Takahira|Houko Kuwashima,ja,7.8,40.4957,2008-04-07
132791,SUPERKID,anime,"Mitsuo encountered Superman, an alien who is a part of a federation that tries to maintain peace in the galaxy. He then received a helmet (that also serves as a mask) that gives superhuman strength, a cape that enables the wearer to fly, and a badge that allows him to breathe underwater and communicate with his fellow comrades whom he met soon after he utilized these gifts. Superman made it clear to all Permans that their identity must be kept a secret or their brain will be destroyed should it ever be revealed and they are given a special doppelganger robot that can replace them while they are away to achieve this feat, although it is not entirely foolproof nor is it free from potential problems. These equipments then allowed them to be young Permans who try to maintain peace and help the people who are in need.",Animation|Action & Adventure|Sci-Fi & Fantasy|Comedy|Family|Kids,Katsue Miwa|Hiroshi Otake|Eiko Masuyama|Kaneta Kimotsuki|Yoshito Yasuhara,ja,8.0,39.1883,1983-04-04
31724,Code Geass: Lelouch of the Rebellion,anime,"Japan has been invaded and conquered by the Britannian Empire. Japan is now known as Area 11 and its citizens known as Elevens. The Britannian Empire takes away Japan's autonomous power and imposes its rule through the use of Knightmares. The Empire's rule has never faltered, but cracks have begun to show...",Animation|Sci-Fi & Fantasy|Action & Adventure|Drama,Jun Fukuyama|Takahiro Sakurai|Yukana|Ami Koshimizu,ja,8.4,45.4805,2006-10-05
60833,The Irregular at Magic High School,anime,"Siblings Tatsuya and Miyuki enroll at Magic High School, where Miyuki's honors status comes between her and her underachieving older brother.",Animation|Action & Adventure|Sci-Fi & Fantasy,Yuichi Nakamura|Saori Hayami|Yoko Hikasa|Yumi Uchiyama|Takuma Terashima|Satomi Sato|Atsushi Tamaru|Sora Amamiya|Yuiko Tatsumi|Kana Hanazawa,ja,7.747,45.9296,2014-04-06
226688,Beyblade X,anime,Beginner blader Robin Kazami joins up with influencer Multi Nana-iro and former champion Jaxon Cross to form this unlikely trio - ready to climb to the top of The X and win the title of champion blader!,Animation|Action & Adventure|Comedy|Sci-Fi & Fantasy|Kids,Soma Saito|Shuichiro Umeda|Ruriko Noguchi|Kaito Ishikawa|KENN|Tomohiro Ohmachi|Fumitake Ishiguro|Ryota Suzuki|Daiki Hamano|Yuki Wakai,ja,7.1,46.099,2023-10-06
73223,Black Clover,anime,"Asta and Yuno are two orphans who want the same thing: to become the Wizard King. Locked in a friendly rivalry, they work hard towards their goal. While Yuno excels at magic, Asta has a problem uncommon in this world: he has no powers! But, on the day they receive their grimoires, they surprise everyone. To reach their goal, they’ll each find their own path to greatness—with or without magic.",Animation|Action & Adventure|Sci-Fi & Fantasy,Gakuto Kajiwara|Nobunaga Shimazaki|Kana Yuuki|Junichi Suwabe|Genki Muro|Ayumu Murase|Jun Fukuyama|Satoshi Hino|Kiyono Yasuno|Nana Mizuki,ja,8.5,46.2153,2017-10-03
30669,Yu Yu Hakusho,anime,"After dying to save a boy, delinquent tough guy Yusuke Urameshi is granted another chance at life by redeeming himself as a ""Spirit Detective.""",Animation|Action & Adventure|Sci-Fi & Fantasy,Nozomu Sasaki|Shigeru Chiba|Megumi Ogata|Nobuyuki Hiyama|Yuri Amano|Hisako Kyoda|Mayumi Tanaka|Ai Orikasa|Tomomichi Nishimura,ja,8.476,46.1235,1992-10-10
12536,Yu-Gi-Oh! GX,anime,"Ten years after the Ceremonial Battle, a teenage boy named Judai Yuuki (Jaden Yuki) heads off in order to join the Duel Academia (Duel Academy) located on a remote island off the coast of Japan. There he meets his fellow students and gains a few friends, along with a few enemies. Judai is put into the lowest rank of Osiris Red (Slifer Red), but he continues to test his skills against the students and faculty to prove his worth as a Duelist and earn the respect of everyone around him.",Animation|Comedy|Action & Adventure|Sci-Fi & Fantasy|Family,KENN|Masami Suzuki|Kappei Yamaguchi|Sanae Kobayashi|Taiki Matsuno|Takeshi Maeda|Irie Kanako|Koji Yusa|Naru Kawamoto|Naoya Iwahashi,ja,7.9,41.6684,2004-10-06
119495,The Eminence in Shadow,anime,"Shadowbrokers are those who go unnoticed, posing as unremarkable people, when in truth, they control everything from behind the scenes. Sid wants to be someone just like that more than anything, and something as insignificant as boring reality isn’t going to get in his way! He trains in secret every single night, preparing for his eventual rise to power—only to be denied his destiny by a run-of-the-mill (yet deadly) traffic accident. But when he wakes up in a another world and suddenly finds himself at the head of an actual secret organization doing battle with evil in the shadows, he’ll finally get a chance to act out all of his delusional fantasies!",Animation|Comedy|Sci-Fi & Fantasy|Action & Adventure,Seiichiro Yamashita|Asami Seto|Inori Minase|Suzuko Mimori|Fairouz Ai|Hisako Kanemoto|Reina Kondo|Rina Hidaka,ja,8.068,45.4105,2022-10-05
73833,The Ancient Magus' Bride,anime,"Hatori Chise has lived a life full of neglect and abuse, devoid of anything resembling love. Far from the warmth of family, she has had her share of troubles and pitfalls. Just when all hope seems lost, a fateful encounter awaits her. When a man with the head of a beast, wielding strange powers, obtains her through a slave auction, Chise's life will never be the same again. The man is a ""magus,""a sorcerer of great power, who decides to free Chise from the bonds of captivity. The magus then makes a bold statement: Chise will become his apprentice--and his bride!",Animation|Drama|Sci-Fi & Fantasy,Atsumi Tanezaki|Ryota Takeuchi|Koki Uchiyama|Aya Endo|Minami Tsuda|Maki Kawase|Seiichiro Yamashita|Daiki Kobayashi|Reina Ueda|Koutaro Nishiyama,ja,8.359,46.5814,2017-10-08
34163,Urusei Yatsura,anime,"The invasion of an alien race known as the Oni begins a new life for Ataru Moroboshi, a lecherous trouble-making tenth grader in the small town of Tomobiki. After unwittingly proposing to the Oni princess Lum Invader instead of his sweetheart Shinobu, Ataru becomes a conduit for aliens arriving on Earth, causing all sorts of havoc for him and his companions, not to mention his own reputation!",Animation|Comedy|Sci-Fi & Fantasy|Drama,Toshio Furukawa|Fumi Hirano|Akira Kamiya|Saeko Shimazu|Kazuko Sugiyama|Machiko Washio|Ichiro Nagai|Noriko Ohara|Yuko Mita|Yo Inoue,ja,7.3,50.204,1981-10-14
34660,Saiyuki,anime,"Many years ago, humans and demons lived in harmony. But that unity  ended when demons started attacking humans and plotted a mission to  unleash Gyumao - an evil demon imprisoned for thousands of years. Now,  Genjo Sanzo, a rogue priest, must team up with three demons - Sha Gojyo,  Son Goku, and Cho Hakkai - and embark on a perilous journey to the west  to stop these demons from resurrecting Gyumao and restore the balance  between humans and demons on Earth.",Animation|Action & Adventure|Drama|Comedy,Akira Ishida|Soichiro Hoshi|Toshihiko Seki|Hiroaki Hirata|Kaoru Morota,ja,6.3,48.5183,2000-04-04
114868,Record of Ragnarok,anime,"Before eradicating humankind from the world, the gods give them one last chance to prove themselves worthy of survival. Let the Ragnarok battles begin.",Action & Adventure|Animation|Sci-Fi & Fantasy,Miyuki Sawashiro|Tomoyo Kurosawa|Wataru Takagi|Junichi Suwabe|Soma Saito,ja,8.404,40.5337,2021-06-17
68854,From Me to You: Kimi ni Todoke,anime,"Nicknamed ""Sadako"" for her spooky appearance, high schooler Sawako begins to break out of her shell when she befriends popular boy Kazehaya.",Animation|Drama,Mamiko Noto|Daisuke Namikawa|Miyuki Sawashiro|Yuko Sanpei|Yuichi Nakamura|Mamoru Miyano,ja,8.3,41.5728,2009-10-07
20111,Mobile Suit Gundam SEED,anime,"Cosmic Era 71. Mankind has developed into two subspecies: Naturals, who reside on Earth, and Coordinators, genetically enhanced humans capable of withstanding the rigors of space who inhabit orbital colonies known as PLANTs. The story revolves around a young Coordinator named Kira Yamato, who becomes involved in the war between the two races after a neutral space colony secretly developing mobile suits for the Earth Alliance is attacked by the PLANTs' military force, ZAFT.",Action & Adventure|Animation|Sci-Fi & Fantasy|War & Politics,Kenichi Suzumura|Maaya Sakamoto|Toshihiko Seki|Fumiko Orikasa|Mami Koyama|Hiroki Takahashi|Akira Ishida|Soichiro Hoshi|Rie Tanaka|Naomi Shindo,ja,7.6,52.0211,2002-10-05
45782,Sword Art Online,anime,"In the near future, a Virtual Reality Massive Multiplayer Online Role-Playing Game (VRMMORPG) called Sword Art Online has been released where players control their avatars with their bodies using a piece of technology called Nerve Gear. One day, players discover they cannot log out, as the game creator is holding them captive unless they reach the 100th floor of the game's tower and defeat the final boss. However, if they die in the game, they die in real life. Their struggle for survival starts now...",Animation|Sci-Fi & Fantasy|Action & Adventure,Yoshitsugu Matsuoka|Haruka Tomatsu|Hiroaki Hirata|Ai Kayano|Rina Hidaka|Hiroki Yasumoto|Isshin Chiba|Kaori Maeda|Taku Yashiro|Yuhko Kaida,ja,8.145,52.9559,2012-07-08
81044,What She Fell on Was the Tip of My Dick,anime,"Sousuke Aikawa is a part-time worker who lives in a rundown apartment building where his only consolation is that the landlord is a beautiful woman and the girl who lives above him is cute.

One day though, the ceiling above him creaks and... Bang! In from the second floor, directly above him, the cute girl comes crashing down on him…!?

In an erotic encounter that can only be classified as a miracle, hearts and bodies are connected by chance. Then for some reason, he starts to live with both of these beautiful women!? Under this one roof, just what exactly will become of this crowded love triangle...!?",Animation,Shinya Takahashi|Rie Okamoto|Momoko Obana|Sakura Nakamura,ja,7.4,53.6784,2018-07-02
65931,Bungo Stray Dogs,anime,"Stalked by a beastly white tiger, Atsushi Nakajima has no idea that the menace lives inside him—a power that catches the attention of the Armed Detective Agency. Using inhuman abilities to combat crime, this team takes Atsushi under the wing of their most eccentric member, Dazai. Together, they tear through mafia-muddled mysteries while enemies keep an eye on the tiger’s lofty bounty.",Animation|Action & Adventure|Mystery|Sci-Fi & Fantasy,Mamoru Miyano|Yuto Uemura|Masaaki Mizunaka|Hiroyuki Yoshino|Sumire Morohoshi|Junichi Suwabe|Shunsuke Takeuchi|Takayuki Sugo|Jun Fukuyama|Mitsuru Miyamoto,ja,8.2,48.7403,2016-04-07
30623,Shin Chan,anime,"Shin-chan, the boy next door, is a walking disaster, creating chaos wherever he goes. With the body of a child and the mind of an adult, Shinchan is wreaking more havoc than any child before. Shin-chan is carefree, optimistic and gets excited about everything. This 5 year-old likes to do things his way.",Animation|Comedy,Akiko Yajima|Miki Narahashi|Keiji Fujiwara|Satomi Korogi|Mari Mashiba|Chie Sato|Rokuro Naya|Michie Tomizawa|Teiyu Ichiryusai|Yumi Takada,ja,7.8,53.9338,1992-04-13
76757,Golden Kamuy,anime,"A Russo-Japanese War veteran partners with an Ainu girl to find a treasure stolen from her people, but they’re not the only ones pursuing the gold.",Action & Adventure|Animation|Comedy,Chikahiro Kobayashi|Haruka Shiraishi|Takayuki Sugo|Kentaro Ito|Yoshimasa Hosoya|Toshihiko Seki|Jouji Nakata|Kenjiro Tsuda|Tomokazu Sugita|Akio Otsuka,ja,7.5,51.6774,2018-04-09
1429,Attack on Titan,anime,"100 years ago, the last remnants of humanity were forced to retreat behind the towering walls of a fortified city to escape the massive, man-eating Titans that roamed the land outside their fortress. Only the members of the Scouting Legion dared to stray beyond the safety of the walls – but even those brave warriors seldom returned alive. Those within the city clung to the illusion of a peaceful existence until the day that dream was shattered, and their slim chance at survival was reduced to one horrifying choice: kill – or be devoured!",Animation|Sci-Fi & Fantasy|Action & Adventure,Marina Inoue|Hiro Shimono|Yuki Kaji|Natsuki Hanae|Ayane Sakura|Kisho Taniyama|Yui Ishikawa|Yoshimasa Hosoya|Takehito Koyasu,ja,8.687,52.6646,2013-04-07
82684,That Time I Got Reincarnated as a Slime,anime,"Corporate worker Mikami Satoru is stabbed by a random killer, and is reborn to an alternate world. But he turns out to be reborn a slime! Thrown into this new world with the name Rimuru, he begins his quest to create a world that’s welcoming to all races.",Action & Adventure|Animation|Sci-Fi & Fantasy|Comedy,Miho Okasaki|Tomoaki Maeno|Takuya Eguchi|Hochu Otsuka|Asuna Tomari|Chikahiro Kobayashi|Jun Fukushima|Rie Tanaka|Rina Hidaka|Anzu Haruno,ja,8.426,50.8766,2018-10-02
99071,Redo of Healer,anime,"In a world of monsters, adventurers and magic, some of the most gifted healers are subjugated to brute force. Keyaru gains the ability to rewind time and turns the tables on those who’ve exploited him in this dark fantasy tale of vengeance and fury.",Animation|Action & Adventure|Sci-Fi & Fantasy|Drama|Crime,Yuya Hozumi|Ayano Shibuya|Shizuka Ishigami|Natsuki Aikawa|Natsumi Takamori|Minami Tsuda|Mami Fujita|Tetsu Inada|Asuka Nishi,ja,8.3,51.8889,2021-01-13
284780,Unexpectedly Naughty Fukami,anime,"""Why is a perfect specimen of a man like me getting this turned on by a guy like that?!"" Thus begins the obstinate relationship of a playboy narcissist and a deceivingly frumpily-dressed, hot bodied otaku!",Animation|Comedy,Chasuke|Marshmallow Yakitaro,ja,6.6,51.8953,2025-04-07
137065,Arknights,anime,"In the wake of unknown Catastrophes in the heart of Terra, a mineral of unimaginable power has been discovered. With it, society's technology has made huge leaps and bounds, but the substance causes a deadly incurable disease, leading to a worldwide enslavement of the infected. As a rebellion is now on the rise, a pharmaceutical company races for a cure to save humanity.",Animation|Action & Adventure|Sci-Fi & Fantasy,Yuki Kaida|Tomoyo Kurosawa|Atsumi Tanezaki|Ayane Sakura|Risa Taneda|Yoko Hikasa|Momo Asakura|Chiaki Kobayashi|Yuu Asakawa|Saki Fujita,ja,6.4,52.293,2022-10-29
53787,Aria,anime,"Set in the early 24th century against the backdrop of the city of Neo Venezia on the planet Mars. No longer the barren red planet, Mars has been flooded, inhabited and is something of a tourist hub for those looking for rest, relaxation and a gondola ride – the primary mode of travel in Neo Venezia. The Undines are professional gondoliers, tour guides for the people passing through. Akari Mizunashi is an Undine in training and this is a piece of her story.",Animation|Sci-Fi & Fantasy,Erino Hazuki|Chiwa Saito|Ryo Hirohashi|Sayaka Ohara|Chinami Nishimura|Kaori Mizuhashi,ja,8.6,52.2944,2005-10-06
13916,Death Note,anime,"Light Yagami is an ace student with great prospects—and he’s bored out of his mind. But all that changes when he finds the Death Note, a notebook dropped by a rogue Shinigami death god. Any human whose name is written in the notebook dies, and Light has vowed to use the power of the Death Note to rid the world of evil. But will Light succeed in his noble goal, or will the Death Note turn him into the very thing he fights against?",Animation|Mystery|Sci-Fi & Fantasy,Mamoru Miyano|Kappei Yamaguchi|Shido Nakamura|Aya Hirano|Noriko Hidaka|Nozomu Sasaki|Kimiko Saito|Naoya Uchida|Ryou Naitou|Keiji Fujiwara,ja,8.619,52.4448,2006-10-04
80885,Ninja Hattori-kun,anime,"11-year-old Kenichi Mitsuba is an average kid who goes to secondary school and struggles with his studies, he is very stubborn and is very lazy and therefore always ends up frustrating his parents and teacher. He loves to find an easy way of things. He befriends Hattori Kanzo, a ninja from the Iga Clan, and he becomes part of the Mitsuba family along with his brother, Shinzo and his ninja dog, Shishimaru. Hattori helps Kenichi with his problems, and constantly keeps an eye on him, as a good friend. The main antagonist Kemumaki, a Koga ninja and his ninja cat, Kagechiyo always troubles Kenichi, mainly because of their feud over one girl, Yumeko. Kenichi asks Hattori to take revenge as a recurring storyline in many episodes. Although Hattori is a good friend, Kenichi sometimes fights with Hattori due to misunderstandings created by Kemumaki. Sometimes Jippou, Togejirou and Tsubame help him.",Animation|Action & Adventure|Comedy|Family|Kids,Kenichi Ogata|Kaneta Kimotsuki|Yuko Mita|Masako Sugaya|Runa Akiyama,ja,6.4,43.4743,1981-09-28
30977,A Certain Scientific Railgun,anime,"Misaka's electro-manipulation skills - and her delightfully destructive railgun projectile movement - make her a rock star in Academy City. The techno-metropolis is filled with supernaturally powerful students known as Espers, including Misaka's flirtatious friend and roommate, Shirai Kuroko. She uses her teleportation skills as a member of the Judgment law enforcement team, fighting crime alongside fellow agent Uiharu. Joined by their friend Saten, a spunky Level 0 Esper, Misaka, Kuroko, and Uiharu have a blast taking on danger whenever and wherever it arises.",Animation|Action & Adventure|Comedy|Sci-Fi & Fantasy,Rina Sato|Satomi Arai|Aki Toyosaki|Kanae Itou|Minako Kotobuki|Atsuko Tanaka|Atsushi Abe|Kana Ueda,ja,7.361,45.4403,2009-10-02
35610,InuYasha,anime,"Kagome Higurashi is a modern day young girl who lives with her family by the old Higure shrine. Unbeknownst to Kagome, she is the reincarnation of priestess Kikyo and posseses the ""Jewel of Four Souls"" (the Shikon jewel). One ill-fated day, Kagome locates an ancient well near her home and is abruptly transported through the well and into a feudal Japan, inhabited by demons. There, she encounters Inuyasha, son of a powerful demon father and a human mother, who is pinned to a tree by an enchanted arrow.",Animation|Action & Adventure|Sci-Fi & Fantasy,Kappei Yamaguchi|Satsuki Yukino|Koji Tsujitani|Houko Kuwashima|Ken Narita|Mamiko Noto|Noriko Hidaka|Toshiyuki Morikawa|Izumi Ōgami|Takeshi Kusao,ja,8.6,53.2925,2000-10-16
211608,Ruriiro Princess,anime,"Ruri, a ditzy high school girl who lost her parents in a fire at a young age, is now living a blissful life with her cousin Tooru, for whom she harbours romantic feelings, and his family. But one day her life is thrown into turmoil, when members of the popular j-pop band B-Flash appear before her and reveal Ruri to be a descendant of the Pulsean Moon's royal family. One by one assailants try to take her life, only to be thwarted by Tooru in their attempts. However, the fate of the two is taken to a trial once he receives a mortal wound trying to protect her.",Animation,Mika Kanai|Kazuhiko Inoue|Yasunori Matsumoto|Masako Katsuki|Koji Tsujitani,ja,4.0,53.4272,1992-06-01
112527,Obake no Q-tarō,anime,"Q-taro, a monster, is living with the Ohara family. He can fly and make his body transparent, but he cannot turn his body into other things like other monsters do. He is a scattered mind, and he always makes mistakes and causes trouble.

Sequel of Shin Obake no Q-tarou.",Animation|Comedy|Kids,Eiko Masuyama|Keiko Yokozawa|Fusako Amachi|Fuyumi Shiraishi|Naoki Tatsuta|Kaneta Kimotsuki,ja,8.0,54.0481,1985-04-01
56426,KochiKame,anime,"Ryotsu Kankichi, or Ryo-san for short, is an unconventional cop working at the local police station who loves money. Together with famous celebrities like Nakagawa and Reiko, his strict boss Police Chief Ohara, and other wildly unique characters, he gets everyone caught up in all sorts of hijinks!",Animation|Comedy|Crime|Family|Action & Adventure,LaSalle Ishii|Haruki Sayama|Yuko Doi|Shigeru Ushiyama|Yumi Morio|Maya Okamoto|Jin Nishimura|Mitsuru Miyamoto|Hiroshi Yanaka|Kaori Asoh,ja,8.1,54.2692,1996-06-16
69500,Natsume's Book of Friends,anime,"Natsume Takashi has the ability to see spirits, which he has long kept secret. However, once he inherits a strange book that belonged to his deceased grandmother, Reiko, he discovers the reason why spirits surround him.",Animation|Sci-Fi & Fantasy,Hiroshi Kamiya|Kazuhiko Inoue|Eiji Itoh|Miki Ito|Hisayoshi Suganuma|Akira Ishida|Sanae Kobayashi|Ryohei Kimura|Miyuki Sawashiro|Kazuma Horie,ja,8.2,54.9496,2008-07-08
64196,Overlord,anime,"In the year 2138, virtual reality gaming is booming. Yggdrasil, a popular online game is quietly shut down one day. However, one player named Momonga decides to not log out. Momonga is then transformed into the image of a skeleton as ""the most powerful wizard."" The world continues to change, with non-player characters (NPCs) beginning to feel emotion. Having no parents, friends, or place in society, this ordinary young man Momonga then strives to take over the new world the game has become.",Animation|Sci-Fi & Fantasy|Action & Adventure,Satoshi Hino|Yumi Hara|Sumire Uesaka|Manami Numakura|Akeno Watanabe|Aoi Yuuki|Ayumu Murase|Emiri Kato|Yumi Uchiyama|Masayuki Katou,ja,8.443,55.2268,2015-07-07
37567,Dr. Slump,anime,"Senbei Norimaki, known by his nickname Dr. Slump, a genius yet under-respected inventor and roboticist, creates an android by the name of Arale, and poses her as his little sister. What starts as an experiment in robotics turns into an adventure every day for the residents of Penguin Village, a wacky rural community with several colorful characters interacting with Arale and her creator.",Animation|Comedy|Sci-Fi & Fantasy,Mami Koyama|Kenji Utsumi|Mitsuko Horie|Kazuko Sugiyama|Naomi Jinbo|Isamu Tanonaka|Hiroshi Otake|Mariko Mukai|Masaharu Sato|Seiko Nakano,ja,7.9,55.2991,1981-04-08
139060,Chained Soldier,anime,"Destructive monsters from the Mato dimension threaten the earth, while women gifted with powers from Peaches try to stop them. But to save the world, Yuuki must be willing to become Chief Kyoka's servant both on the battlefield and at home.",Animation|Action & Adventure|Sci-Fi & Fantasy,Yuya Hirose|Akari Kito|Yume Miyamoto|Hina Tachibana|Maaya Uchida|Nene Hieda|Reina Ueda|Mari Hino,ja,8.1,55.9017,2024-01-04
45857,REBORN!,anime,"Tsuna, a timid junior high student, is a failure at school, sports, and social life. But everything around Tsuna has been completely changed when a baby called Reborn, who claims to be an Italian hit man from Vongola family shows up! Reborn was sent to groom Tsuna for his future life as a mafia boss of the family!",Animation|Comedy|Action & Adventure,Yukari Kokubun|NEEKO|Takashi Kondo|Toshinobu Iida|Kenjiro Tsuda|Yuka Terasaki|Junko Takeuchi|Satomi Akesaka|Suguru Inoue|Hidenobu Kiuchi,ja,8.2,58.306,2006-10-07
105903,Eternity Shinya no Nurekoi Channel,anime,Anime adaptation of 12 romantic works from the Eternity Books manga label.,Animation|Drama,,ja,5.3,58.4997,2020-10-05
80559,Puzzle & Dragons,anime,"The story is set in modern day Japan following the growth of the protagonist Taiga Akashi, an elementary school kid who wants to be a professional gamer someday.",Kids|Animation|Action & Adventure|Sci-Fi & Fantasy|Comedy,Asuna Tomari|Tetsuya Kakihara|Honoka Inoue|Yusuke Kobayashi|Chie Koujiro|Minami Takayama,ja,8.0,60.127,2018-04-02
96316,Rent-a-Girlfriend,anime,"Kinoshita Kazuya is a 20-year-old failure of a college student. He managed to kiss his girlfriend once, but was dumped after a month. Completely spiteful, Kazuya uses a certain method to date a girl. He goes to their meeting place and a beautiful girl brushing her long, black hair behind her ear was there, smiling at him. Her name was Mizuhara Chizuru. Something real is born after just a single rental! A reckless rom-com filled with love and excitement is about to begin!",Animation|Comedy,Shun Horie|Sora Amamiya|Aoi Yuuki|Nao Toyama|Rie Takahashi|Yu Serizawa|Yukari Nozawa|Sayuri Sadaoka|Masayuki Akasaka|Gakuto Kajiwara,ja,8.285,49.0801,2020-07-11
46437,Kingdom,anime,"In the Warring States period, young orphan Xin vows to aid King Zheng of Qin in his quest to unify China by becoming a general himself.",Action & Adventure|Animation|Drama,Masakazu Morita|Jun Fukuyama|Rie Kugimiya|Yoko Hikasa|Yoshimasa Hosoya|Hirofumi Nojima|Kenyu Horiuchi|Mie Sonozaki|Kentaro Ito|Toshiyuki Morikawa,ja,7.7,62.6786,2012-06-04
42912,Inazuma Eleven,anime,"Mamoru Endou is a cheerful goalkeeper in Raimon Jr High, with six other players in the team. But there was a day when the team was almost lead to disbandment by Natsumi unless they are able to win the match against the Teikoku Gakuen, currently the best team in Japan. He tried to save the club by gathering four more players to join the team.",Animation|Sci-Fi & Fantasy,Yuka Terasaki|Takashi Oohara|Mitsuki Saiga|Yu Kobayashi|Aya Endo,ja,8.008,63.8507,2008-10-05
105009,Tokyo Revengers,anime,"Takemichi Hanagaki is a freelancer that’s reached the absolute pits of despair in his life. He finds out that the only girlfriend he ever had, in middle school, Hinata Tachibana, had been killed by the ruthless Tokyo Manji Gang. The day after hearing about her death, he’s standing on the station platform and ends up being pushed over onto the tracks by a herd of people. He closes his eyes thinking he’s about to die, but when he opens his eyes back up, he somehow had gone back in time 12 years. Now that he’s back living the best days of his life, Takemichi decides to get revenge on his life.",Animation|Action & Adventure|Crime|Drama,Yuuki Shin|Azumi Waki|Ryota Osaka|Yuu Hayashi|Tatsuhisa Suzuki|Takuma Terashima|Yuya Hirose|Shunsuke Takeuchi|Shota Hayama|Satoshi Hino,ja,8.395,64.6153,2021-04-11
131660,Show Time!,anime,"Fujimoto Shouji is a widowed single father who aspires to be a picture book author. Kana, his only daughter, is a big fan of Takasaki Minami, the singing idol on the children’s educational show “Let’s Sing With Big Sis!” One day, Shouji encounters Minami while she is outside of work. As a television icon for children, Minami is prohibited from romantic relationships, so she is lonely in her private life. Thus begins an adult love story with a songstress.

(Inspired by the character Uta no Oneesan from the children’s show Okaasan to Issho.)",Animation|Drama,Ryoko Ono|Takaya Kiyosato|Airi Akatsuki|Kanade Shirakami|Alice Sakurai|Marimo Yuki,ja,7.2,65.3246,2021-10-04
72517,Classroom of the Elite,anime,"Kiyotaka Ayanokouji enrolls at the prestigious Tokyo Koudo Ikusei Academy, but is assigned to Class 1-D, where students with behavioral problems are housed. The school awards points equivalent to 100,000 yen per month and allows unusual freedom in classes, masking a more complex system.",Animation|Drama|Mystery,Shoya Chiba|Akari Kito|Ayana Taketatsu|Yurika Kubo|Mao Ichimichi|Ryota Osaka|Eiji Takeuchi|Rina Hidaka|Nao Toyama|Rina Sato,ja,8.432,65.566,2017-07-12
194916,Chiikawa,anime,"The story follows the sometimes happy, sometimes sad, and a tad stressful daily life of ""some sort of small, cute creature"" (Nanka Chiisakute Kawaii Yatsu) known as Chiikawa. Chiikawa enjoys delicious food with bees and rabbits, toils hard every day for the rewards of work, and still maintains a smile.",Animation|Comedy|Family|Kids|Sci-Fi & Fantasy,Haruka Aoki|Ari Ozawa|Makoto Tanaka|Yuka Iguchi|Tomokazu Sugita|Hiroki Touchi|Yoshitsugu Matsuoka|Yuma Uchida|Takayuki Asai,ja,8.2,65.6894,2022-04-04
236338,Gushing Over Magical Girls,anime,"Hiragi Utena is a major fangirl of the magical girls protecting her city and leaps at the chance to join their ranks. But once she transforms, she learns she's a villain who enjoys being a magical-girl-tormenting sadist instead!",Animation|Sci-Fi & Fantasy|Comedy,Fuka Izumi|Misato Fukuen|Aoi Koga|Shiori Sugiura|Kaori Maeda|Mayuko Kazama|Misaki Ikeda|Kana Asumi,ja,8.365,65.9712,2024-01-03
60761,Ace of the Diamond,anime,"Scouted for his potential, brash left-handed pitcher Eijun Sawamura joins baseball powerhouse Seido High to become the undisputed ace of the team.",Animation,Ryota Osaka|Takahiro Sakurai|Nobunaga Shimazaki|Natsuki Hanae|Shintaro Asanuma,ja,7.9,66.2531,2013-10-06
88090,Araiya-san! Ore to Aitsu ga Onnayu de!?,anime,"Male student Souta Tsukishima begins working at his family's public bathhouse as a back washer. While concealing her true identity, Souta's classmate Aoi Yuzuki visits the bathhouse. A relationship between the two begins to develop when Souta washes Aoi's back.",Animation,Ayaka Igasaki|Shohei Kajikawa|Ringo Aoba|Tetsuto Furuwaka|Momoko Obana,ja,5.9,66.3244,2019-04-08
902,Yu-Gi-Oh! Duel Monsters,anime,"Bullies often target someone frail and weak—someone exactly like Yûgi Muto. He treasures his Millennium Puzzle, an ancient Egyptian artifact that was brought into his grandfather's game shop. Believing that solving the puzzle will grant him his wish, he completes the puzzle, unleashing a new personality within him, the soul of the ""King of Games."" The new personality named Yami Yûgi is the exact opposite of Yûgi. Upon any injustice toward him, Yami Yûgi takes over Yûgi's body and forces the opponent into a ""Shadow Game"".",Animation|Action & Adventure,Kenjiro Tsuda|Hiroki Takahashi|Shunsuke Kazama|Maki Saito|Takayuki Kondo|Rica Matsumoto|Junko Takeuchi|Tetsuya Iwanaga|Ryou Naitou|Haruhi Nanao,ja,8.3,67.2438,2000-04-18
3570,Sailor Moon,anime,"One day, Usagi Tsukino, clumsy 2nd-year middle school student, stumbles upon a talking cat named Luna. Luna tells her that she is destined to be Sailor Moon, ""champion of love and justice"", and she must search for the fabled Moon Princess. Usagi finds friends that turn out to be destined senshi as well, and together they fight to save the world from the certain doom brought upon by the Dark Kingdom.",Action & Adventure|Animation|Comedy|Sci-Fi & Fantasy|Kids,Kotono Mitsuishi|Aya Hisakawa|Michie Tomizawa|Emi Shinohara|Rica Fukami|Toru Furuya|Keiko Han|Kae Araki|Yasuhiro Takato,ja,8.355,67.3589,1992-03-07
60844,Baby Steps,anime,"Eiichirō Maruo (nicknamed ""Ei-chan"" for his grades being straight ""A"") is an honor student, bookworm, and is not interested in anything other than studying. In order to solve his problem of lacking physical strength, he enrolled a tennis school and soon found the fascinating side of tennis. Being a tennis newbie lacking physical strength, he supplement his shortcomings with his excellent observing and analyzing skills.",Animation|Comedy,Taishi Murata|Minako Kotobuki|Daisuke Namikawa|Asami Seto|Hiro Shimono|Taiten Kusunoki|Takuma Terashima|Tetsuya Kakihara|Chisa Yuuki|Kohsuke Toriumi,ja,7.5,67.8156,2014-04-06
45950,High School DxD,anime,"Issei Hyodo is your average perverted high school student whose one wish in life is to have his own harem, but he's got to be one of the unluckiest guys around. He goes on his first date with a girl only to get brutally attacked and killed when it turns out the girl is really a vicious fallen angel. To top it all off, he's later reincarnated as a devil by his gorgeous senpai who tells him that she is also a devil and now his master! One thing's for sure, his peaceful days are over. In a battle between devils and angels, who will win?",Animation|Action & Adventure|Comedy|Sci-Fi & Fantasy,Yuki Kaji|Yoko Hikasa|Azumi Asakura|Shizuka Itoh|Ayana Taketatsu|Fumihiko Tachiki|Saori Seto|Risa Taneda,ja,8.503,68.6671,2012-01-06
40424,Initial D,anime,"Takumi’s job as a tofu delivery boy has turned him into one of the most formidable drivers around. Behind the wheel of his Eight-Six, he’s one with the road—and his life shifts into high gear when the underground street racing world takes notice. Drivers from across the region are lining up for a shot at the new guy. Takumi’s not just focused on winning—he’s out to prove he’s the best.",Animation|Action & Adventure|Drama,Shin-ichiro Miki|Atsushi Abe|Takehito Koyasu|Tomokazu Seki|Hidenobu Kiuchi|Yasuyuki Kase|Yuuka Hirose,ja,7.969,69.5137,1998-04-18
45854,Yu-Gi-Oh! Zexal,anime,"When aspiring duelist Yuma meets Astral, a mysterious visitor from another universe, it seems like destiny. Yuma needs Astral to teach him how to duel, and Astral needs Yuma to help him regain his memories!",Animation|Comedy|Action & Adventure|Sci-Fi & Fantasy|Kids,Tasuku Hatanaka|Miyu Irino|Mikako Komatsu|Toshiki Masuda|Koki Uchiyama|Tomoaki Maeno|Shinji Ogawa|Nami Miyahara|Ikuko Tani,ja,7.3,52.6864,2011-04-11
31572,Lupin the 3rd,anime,"Follow the exciting adventures of Arsene Lupin III, the grandson of the world's greatest thief, Arsene Lupin. Together with Daisuke Jigen, Goemon Ishikawa and his love interest Fujiko Mine, he carries out the greatest robberies of all time, all the while evading the control of Inspector Koichi Zenigata.",Animation|Action & Adventure|Sci-Fi & Fantasy,Kanichi Kurita|Akio Otsuka|Miyuki Sawashiro|Daisuke Namikawa|Koichi Yamadera,ja,7.993,73.7108,1971-10-24
91801,Welcome to Demon School! Iruma-kun,anime,"Fourteen-year-old Iruma Suzuki has just been abandoned and sold to a demon by his irresponsible parents! Surprisingly, the next thing he knows he's living with the demon who has adopted him as his new grandson and has been transferred into a school in the Netherworld where his new demon grandfather works as the principal. Thus begins the cowardly Iruma-kun's extraordinary school life among the otherworldly as he faces his true self, takes on challenges, and rises to become someone great.",Animation|Comedy|Sci-Fi & Fantasy,Ayumu Murase|Ryohei Kimura|Ayaka Asai|Daisuke Ono|Saori Hayami|Takuya Sato|Takaya Kuroda|Mitsuki Saiga|Yoshitaka Yamaya|Nao Toyama,ja,8.29,74.0392,2019-10-05
31911,Fullmetal Alchemist: Brotherhood,anime,"Disregard for alchemy’s laws ripped half of Edward Elric’s limbs from his body and left his brother Alphonse’s soul clinging to a suit of armor. To restore what was lost, the brothers seek the Philosopher’s Stone. Enemies and allies – the corrupt military, the Homunculi, and foreign alchemists – will alter the Elric brothers course, but their purpose will remain unchanged and their bond unbreakable.",Animation|Action & Adventure|Sci-Fi & Fantasy|Drama,Romi Park|Rie Kugimiya|Shin-ichiro Miki|Fumiko Orikasa|Megumi Takamoto,ja,8.713,74.8801,2009-04-05
46392,Duel Masters,anime,"A mysterious organization is interested in fledging duelist Shobu Kirifuda's ability to bring Duel Master creatures to life. With the support of his friends, Shobu duels with passion, discipline, and heart as he strives to be like his father and become the next Kaijudo master.",Action & Adventure|Animation|Sci-Fi & Fantasy|Kids,,ja,6.2,80.6829,2002-10-21
220150,Pokémon Horizons,anime,"Follow Liko and Roy as they unravel the mysteries that surround them and encounter Friede, Captain Pikachu, Amethio, and others during their exciting adventures!",Animation|Action & Adventure|Sci-Fi & Fantasy|Kids,Minori Suzuki|Yuka Terasaki|Yoshino Aoyama,ja,8.6,83.3068,2023-04-14
45247,Chihayafuru,anime,"Chihaya Ayase has spent most of her life supporting her sister’s model career. When she meets a boy named Arata Wataya, he thinks Chihaya has potential to become a great karuta player. As Chihaya dreams of becoming Japan's best karuta player, she is soon separated from her karuta playing friends. Now in high school, Chihaya still plays karuta in the hope that she will one day meet her friends again.",Animation|Drama,Asami Seto|Mamoru Miyano|Yoshimasa Hosoya,ja,7.6,86.2517,2011-10-05
37854,One Piece,anime,"Years ago, the fearsome Pirate King, Gol D. Roger was executed leaving a huge pile of treasure and the famous ""One Piece"" behind. Whoever claims the ""One Piece"" will be named the new King of the Pirates.

Monkey D. Luffy, a boy who consumed a ""Devil Fruit,"" decides to follow in the footsteps of his idol, the pirate Shanks, and find the One Piece. It helps, of course, that his body has the properties of rubber and that he's surrounded by a bevy of skilled fighters and thieves to help him along the way.

Luffy will do anything to get the One Piece and become King of the Pirates!",Action & Adventure|Comedy|Animation,Mayumi Tanaka|Kazuya Nakai|Mari Yaguchi|Akemi Okamura|Kappei Yamaguchi|Hiroaki Hirata|Ikue Otani|Yuriko Yamaguchi|Kazuki Yao|Katsuhisa Houki,ja,8.752,88.8622,1999-10-20
154743,The Angel Next Door Spoils Me Rotten,anime,"Amane lives alone in an apartment, and the most beautiful girl in school, Mahiru, lives just next door. They've almost never spoken—until the day he sees her in distress on a rainy day and lends her his umbrella. To return the favour, she offers him help around the house, and a relationship slowly begins to blossom as the distance between them closes…",Animation|Comedy,Taito Ban|Manaka Iwami|Taku Yashiro|Haruka Shiraishi,ja,7.707,90.7257,2023-01-07
46195,Monogatari,anime,"Koyomi Araragi, a high school student, finds himself constantly encountering girls afflicted by supernatural ""oddities."" He dedicates himself to helping them, often with the aid of the eccentric specialist Meme Oshino. Each arc talks about a different girl's unique struggle and the mysterious cause of their affliction. The series explores themes of adolescence, personal growth, and the complexities of human relationships. It's known for its witty dialogue, stylistic animation, and unique narrative structure.",Animation|Comedy|Drama|Mystery,Hiroshi Kamiya|Chiwa Saito|Yui Horie|Maaya Sakamoto|Satsuki Yukino|Miyuki Sawashiro,ja,8.1,91.6881,2009-07-03
209867,Frieren: Beyond Journey's End,anime,"After the party of heroes defeated the Demon King, they restored peace to the land and returned to lives of solitude. Generations pass, and the elven mage Frieren comes face to face with humanity's mortality. She takes on a new apprentice and promises to fulfill old friends' dying wishes. Can an elven mind make peace with the nature of life and death? Frieren embarks on her quest to find out.",Animation|Action & Adventure|Drama|Sci-Fi & Fantasy,Atsumi Tanezaki|Kana Ichinose|Chiaki Kobayashi|Nobuhiko Okamoto|Hiroki Touchi|Yoji Ueda,ja,8.816,92.5258,2023-09-29
31910,Naruto Shippūden,anime,"After 2 and a half years Naruto finally returns to his village of Konoha, and sets about putting his ambitions to work. It will not be easy though as he has amassed a few more dangerous enemies, in the likes of the shinobi organization; Akatsuki.",Animation|Action & Adventure|Sci-Fi & Fantasy,Junko Takeuchi|Noriaki Sugiyama|Chie Nakamura|Kazuhiko Inoue|Showtaro Morikubo|Satoshi Hino|Akira Ishida|Hideo Ishikawa|Koichi Tochika|Keiko Nemoto,ja,8.529,94.5322,2007-02-15
120089,SPY x FAMILY,anime,"A spy, an assassin and a telepath come together to pose as a family, each for their own reasons, while hiding their true identities from each other.",Animation|Action & Adventure|Comedy,Takuya Eguchi|Atsumi Tanezaki|Saori Hayami|Kenichirou Matsuda,ja,8.5,97.6561,2022-04-09
57911,Doraemon,anime,Doraemon is an anime TV series created by Fujiko F. Fujio and based on the manga series of the same name. This anime is the much more successful successor of the 1973 anime.,Action & Adventure|Animation|Comedy|Sci-Fi & Fantasy|Kids|Family,Nobuyo Oyama|Noriko Ohara|Sachiko Chijimatsu|Kaneta Kimotsuki|Michiko Nomura|Keiko Yokozawa|Kazuya Tatekabe|Rei Sakuma|Sumiko Shirakawa,ja,7.698,100.2648,1979-04-02
45952,Hunter x Hunter,anime,"Gon Freecss discovers that the father he had always been told was dead was actually alive the whole time. Ging is a famous Hunter: an individual who has proven themself an elite member of humanity. Gon becomes determined to follow in his father's footsteps, pass the rigorous Hunter Examination.",Sci-Fi & Fantasy|Action & Adventure|Animation|Comedy|Drama,Junko Takeuchi|Kanako Mitsuhashi|Yuki Kaida|Hozumi Goda|Hiroki Takahashi|Shiori Ohta|Tanuki Sugino|Yoshikazu Nagano|Urara Takano|Akari Hibino,ja,8.4,100.7743,1999-10-16
60863,Haikyu!!,anime,"Inspired by a small-statured pro volleyball player, Hinata creates a volleyball team in his last year of middle school. Unfortunately the team is matched up against the ""King of the Court"" Tobio Kageyama’s team in their first tournament and inevitably lose. After the crushing defeat, Hinata vows to surpass Kageyama After entering high school, Hinata joins the volleyball team only to find that Tobio has also joined.",Animation|Comedy|Drama,Ayumu Murase|Kaito Ishikawa,ja,8.61,61.5056,2014-04-06
127532,Solo Leveling,anime,"They say whatever doesn’t kill you makes you stronger, but that’s not the case for the world’s weakest hunter Sung Jinwoo. After being brutally slaughtered by monsters in a high-ranking dungeon, Jinwoo came back with the System, a program only he could see, that’s leveling him up in every way. Now, he’s inspired to discover the secrets behind his powers and the dungeon that spawned them.",Animation|Action & Adventure|Sci-Fi & Fantasy,Taito Ban|Genta Nakamura|Haruna Mikawa|Reina Ueda|Daisuke Hirakawa|Hiroki Touchi|Banjo Ginga|Makoto Furukawa,ja,8.684,61.6324,2024-01-07
46298,Hunter x Hunter,anime,"Gon, a young boy who lives on Whale Island, dreams of becoming a Hunter like his father, who left when Gon was still young.",Animation|Action & Adventure|Sci-Fi & Fantasy,Megumi Han|Mariya Ise|Issei Futamata|Keiji Fujiwara,ja,8.658,104.6687,2011-10-02
12971,Dragon Ball Z,anime,"Now happily married and with a son, martial arts champion Goku must defend Earth from a series of extraterrestrial invaders bent on destruction.",Animation|Sci-Fi & Fantasy|Action & Adventure,Masako Nozawa|Ryo Horikawa|Toshio Furukawa|Mayumi Tanaka|Naoki Tatsuta|Ryusei Nakao|Joji Yanami|Naoko Watanabe|Hirotaka Suzuoki|Miki Ito,ja,8.379,105.4791,1989-04-26
57706,Ranma ½,anime,"Ranma Saotome, a teenage martial artist, and his father Genma travel to the 'cursed training ground' of Jusenkyo in China. There, despite the warnings of the Chinese guard, they fall into the cursed springs. From now on, whenever Ranma is doused in cold water, he turns into a girl and a cute, well-built redhead at that. Hot water changes him back into a man again, but only until the next time. To make matters worse, his father engages him to Akane Tendo, a girl who hates boys.",Comedy|Action & Adventure|Animation|Sci-Fi & Fantasy,Kappei Yamaguchi|Megumi Hayashibara,ja,8.618,108.0502,1989-04-15
259140,Ranma1/2,anime,"Akane Tendo meets her new fiancé, Ranma Saotome, a martial arts prodigy with a twist: he magically transforms into a girl upon touching cold water.",Animation|Action & Adventure|Comedy,Kappei Yamaguchi|Megumi Hayashibara|Noriko Hidaka,ja,8.069,111.5885,2024-10-06
100937,Crazy Over His Fingers: Just the Two of Us in a Salon After Closing,anime,"Fumi works as an assistant at a popular salon in the city and is aiming to become a hairdresser. She receives strict guidance from Sousuke, the salon's charismatic hairdresser and manager. Every time he touches Fumi, she becomes agitated. One day after the salon closed, Fumi stands in as Sousuke's practice partner at the shampoo station. As he touches her and sprinkles her with water, she becomes angry again! Or so the thought...could she actually be attracted to him? Sousuke flashes an evil smile as he senses Fumi's heart, and his fingertips start to stroke every corner of her body...Fumi cannot refuse his fingers anymore.",Animation,Yuri Yamaoka|Wataru Komada|Masatomo Nakazawa|Takuma Nagatsuka|Sakura Ice Shishimaru,ja,6.4,123.175,2020-04-06
233643,Secret Mission - Undercover Agents Never Back Down!,anime,"Narcotics Enforcement Agent Riko Ikazuchi is undercover with her junior colleague Noma in an apartment that serves as the hideout for a criminal organization. Despite Riko and Noma posing as a newlywed couple, the criminals begin to suspect them after not hearing any marital intimacy during the night. To convince them that they are a loving couple, Noma starts touching Riko's body...",Animation,Sahomi Koyama|Jun Osuka,ja,6.2,112.5133,2023-10-02
95479,JUJUTSU KAISEN,anime,"Yuji Itadori is a boy with tremendous physical strength, though he lives a completely ordinary high school life. One day, to save a classmate who has been attacked by curses, he eats the finger of Ryomen Sukuna, taking the curse into his own soul. From then on, he shares one body with Ryomen Sukuna. Guided by the most powerful of sorcerers, Satoru Gojo, Itadori is admitted to Tokyo Jujutsu High School, an organization that fights the curses... and thus begins the heroic tale of a boy who became a curse to exorcise a curse, a life from which he could never turn back.",Animation|Sci-Fi & Fantasy|Action & Adventure,,ja,8.578,119.4181,2020-10-03
241002,Adam's Sweet Agony,anime,"This is the story of a boy, who became the lone Adam among four billion Eves. In a world where a pandemic has rendered all men impotent, high school student Itsuki is the exception who escaped it. In order to protect this secret, he transfers to a very special high school, which turns out to be composed of 90% girls! There, he encounters an upbeat and friendly senior, a sexually frustrated female teacher, a tomboyish school 'prince,' and an heiress from a wealthy family. For Itsuki, who has his pick of any woman in the world, the question remains: which one will he choose?",Animation,Hana Kuga|Shizuka Itoh|Mari Kirimura|Kaho Shibuya|Shinnosuke Tachibana|Harumichi Shito,ja,6.9,119.437,2024-01-08
220542,The Apothecary Diaries,anime,"Maomao lived a peaceful life with her apothecary father. Until one day, she's sold as a lowly servant to the emperor's palace. But she wasn't meant for a compliant life among royalty. So when imperial heirs fall ill, she decides to step in and find a cure! This catches the eye of Jinshi, a handsome palace official who promotes her. Now, she's making a name for herself solving medical mysteries!",Animation|Drama|Mystery,Aoi Yuuki|Takeo Otsuka|Katsuyuki Konishi,ja,8.638,123.6512,2023-10-22
204269,Caressing My Hibernating Bear,anime,"Nowa, a bear living in the forest, decides to take an abandoned puppy under his wing. He names it Airi and takes care of it with great care. Time passes and Nowa soon has to leave him temporarily alone in order to hibernate. Waking up several months later, he discovers that Airi has grown well into an attractive young man.",Animation,Kohei Amasaki|Kazuyuki Okitsu|Kengo Kawanishi|Seiichiro Yamashita,ja,5.9,131.677,2022-07-04
46260,Naruto,anime,"Naruto Uzumaki, a mischievous adolescent ninja, struggles as he searches for recognition and dreams of becoming the Hokage, the village's leader and strongest ninja.",Animation|Action & Adventure|Sci-Fi & Fantasy,Junko Takeuchi|Noriaki Sugiyama|Chie Nakamura|Kazuhiko Inoue|Hidekatsu Shibata|Koichi Tochika|Masashi Ebara|Yōichi Masukawa|Yukari Tamura|Ryoka Yuzuki,ja,8.363,122.3592,2002-10-03
34860,Ninja Boy Rantaro,anime,"Rantarō, Shinbei and Kirimaru are ninja  apprentices in the Ninja Gakuen, where first grade ones are called  ""Nintamas"". They must learn  everything a ninja must know, but as for our heroes, money, food or  playing are more interesting. The series show the everyday adventures of  our heroes.",Comedy|Action & Adventure|Kids|Animation|Family,,ja,6.8,133.4484,1993-04-10
60572,Pokémon,anime,"Join Ash accompanied by his partner Pikachu, as he travels through many regions, meets new friends and faces new challenges on his quest to become a Pokémon Master.",Animation|Action & Adventure|Sci-Fi & Fantasy,Rica Matsumoto|Ikue Otani|Daiki Yamashita|Kenyu Horiuchi,ja,7.989,140.6421,1997-04-01
30981,Monster,anime,"Kenzou Tenma, a Japanese brain surgeon in Germany, finds his life in utter turmoil after getting involved with a psychopath that was once a former patient.",Animation|Drama|Mystery|Crime,Hidenobu Kiuchi|Nozomu Sasaki|Mamiko Noto|Tsutomu Isobe,ja,8.498,71.6958,2004-04-07
212568,Fufu Kokan: Modorenai Yoru,anime,"Reiji and his wife joined their friends on a getaway to a traditional Japanese inn, hoping to conceive a child. However, their plans took an unexpected turn when Reiji was seduced by his friend's wife, while his own wife engaged in a passionate affair with their mutual friend.  Amidst forbidden desires and the thrill of pushing boundaries, the four of them delved deeper into temptation.  As they surrendered to their carnal passions, could they ever reclaim the innocence of their marriages?",Animation,Yuuto Suzuki|Amu Mochiri|Cinnamon Yatsuhashi|Tapioca Kuroi,ja,7.6,73.4469,2023-07-03
8974,Hell Girl,anime,"A supernatural system allows people to take revenge by having other people sent to Hell via the services of a mysterious entity and her assistants who implement this system. Revenge, injustice, hatred, and the nature of human emotions are common themes throughout the series.",Animation|Drama|Mystery|Sci-Fi & Fantasy,Masaya Matsukaze|Mamiko Noto|Takayuki Sugo|Takako Honda|Kanako Sakai|Hekiru Shiina|Nana Mizuki|Misaki Watada|Misaki Watada,ja,8.2,27.7921,2005-10-04
90937,BEASTARS,anime,"In a world where beasts of all kinds coexist, a gentle wolf awakens to his own predatory urges as his school deals with a murder within its midst.",Animation|Drama|Mystery|Crime,Chikahiro Kobayashi|Sayaka Senbongi|Yuki Ono,ja,8.4,28.6423,2019-10-10
39659,TIGER & BUNNY,anime,"In an alternate New York City protected by a band of superheroes called NEXT, veteran Wild Tiger is forced to team up with rookie Barnaby Brooks Jr.",Action & Adventure|Animation|Comedy|Sci-Fi & Fantasy,Hiroaki Hirata|Masakazu Morita|Go Inoue|Kenjiro Tsuda|Mariya Ise|Minako Kotobuki|Nobuhiko Okamoto|Taiten Kusunoki,ja,6.8,28.8094,2011-04-03
220118,Sazanami Soushi ni Junketsu wo Sasagu,anime,"""If it's a request from my precious wife, then I will give you the moon and the stars."" He flashes his gorgeous tattoos at me as he makes passionate love to me. This is bad! Something's coming...!!",Animation,Saho Shirasu|Satomi Miura|Yoshiki Nakajima|Dai Kuki|Daiki Hamano|Tetsu Watake|Kouta Mashiro|Shuuji Inozuki,ja,6.6,26.1221,2023-04-03
14451,Shugo Chara!,anime,"Shugo Chara! centers on elementary school girl Amu Hinamori, whose popular exterior, referred to as ""cool and spicy"" by her classmates, contrasts with her introverted personality. When Amu wishes for the courage to be reborn as her would-be self, she is surprised to find three colorful eggs the next morning, which hatch into three Guardian Characters: Ran, Miki, and Su.",Animation|Comedy|Kids|Drama|Action & Adventure|Sci-Fi & Fantasy,Kanae Itou|Kana Asumi|Nanae Kato|Aki Toyosaki|Reiko Takagi|Kaya Miyake|Yuichi Nakamura|Miyuki Sawashiro|Nana Mizuki|Yokote Kumiko,ja,7.8,29.6498,2007-10-06
21729,Gurren Lagann,anime,"When a young laborer escapes to the world aboveground, he discovers a violent land in which humans battle robots controlled by a power-hungry noble.",Animation|Action & Adventure|Sci-Fi & Fantasy,Tetsuya Kakihara|Katsuyuki Konishi|Marina Inoue|Kiyoyuki Yanada|Nobuyuki Hiyama|Mitsuki Saiga|Yukari Fukui|Michiko Neya|Takako Honda|Takashi Kondo,ja,8.2,29.651,2007-04-01
66862,Descending Stories,anime,"When a certain man is released from prison, he knows exactly where he's heading first. After falling in love with a traditional comic storyteller's rendition of the story called ""Shinigami,"" he is determined to become his apprentice. The performer, Yakumo, has never taken an apprentice before, but to everyone's surprise, he accepts the eager ex-prisoner, nicknaming him ""Yotaro."" As Yotaro happily begins his new life, he meets others in Yakumo's life, including Yakumo's ward Konatsu. Konatsu was the daughter of a famous storyteller, and Yakumo took her in after her father's tragic death. Konatsu loved her father's storytelling, and would love to become a performer in her own right—but that path is not available for women.",Animation|Drama,Tomokazu Seki|Koichi Yamadera|Akira Ishida|Kappei Yamaguchi|Megumi Hayashibara|Yu Kobayashi|Toshihiko Seki|Shigeru Ushiyama|Koji Yusa|Ayaka Asai,ja,8.0,29.6646,2016-01-09
30982,Hikaru no Go,anime,Hikaru Shindo is like any sixth-grader in Japan: a pretty normal kid with a two-tone head of hair and a penchant for antics. His life completely changes when he finds an old bloodstained go board in his grandfather's attic. The ghost of an ancient go master named Fujiwara-no-Sai was trapped in the board and soon becomes a part of Hikaru's consciousness. Together Hikaru and Sai make an unstoppable go-playing team!,Animation|Sci-Fi & Fantasy,Tomoko Kawakami|Susumu Chiba|Sanae Kobayashi|Yumi Kakazu|Makoto Tsumura|Kentaro Ito|Yuu Asakawa|Mayumi Asano|Takahiro Sakurai|Reiko Takagi,ja,7.8,29.7954,2001-10-10
46412,Utawarerumono,anime,"Hakuoro has lost his memory after succumbing to serious injuries. But thanks to an elderly woman and her granddaughter Eruruu, he is nursed back to health. His face is covered by a strange irremovable mask and he occasionally sees beastly visions. Eruruu now cares for him as he becomes accustomed to the village and its inhabitants, who all bear strange ears (the women also have tails). Though these people venerate the forces of nature, desecration of an altar forces them to take drastic measures to preserve their lives from the wrath of Mutikapa-sama, guardian of the forest.",Animation|Action & Adventure|Sci-Fi & Fantasy,Kentaro Tone|Risa Taneda|Chinatsu Akasaki|Inori Minase|Miyuki Sawashiro|Rie Kugimiya|Sayaka Ohara,ja,7.2,29.8128,2006-04-03
10826,Astro Boy,anime,"In the year 2000, Dr. Boyton creates a super-robot in his deceased son's image. He calls the robot Astro Boy. Astro Boy can swim oceans, leap over mountains, even fly into space on his own power. However, Astro Boy can't replace his son. Dr. Boyton becomes dissatisfied with the boy robot and disowns him.

Astro Boy is befriended by Dr. Packadermus J. Elefun of the Institute of Science, who guides him through his adventures. Endowed with super strength, rocket-powered flight, a selfless heart and a kind demeanor, Astro Boy fights a never-ending crusade against the forces of evil!",Animation|Mystery|Sci-Fi & Fantasy|Kids,Mari Shimizu|Kazue Tagami|Youko Mizugaki|Akihiko Mitsueda|Seizo Kato|Shingo Kanemoto|Kiyoshi Komiyama|Masaaki Yajima|Hisashi Yokomori|Shinpei Sakamoto,ja,7.25,29.9174,1963-01-01
128055,HANAKAPPA,anime,"In the lush Yamabiko Village lives a family of Kappas who grow unique flowers on their heads. While the adults have permanent blossoms, a young kappa sprouts a different ""whatever flower"" every day until reaching adulthood. Chaos constantly erupts in the village as the villainous Kurobaya Chobei gang schemes to steal the ""Waka-ran,"" a rare, youth-restoring flower, leaving everyone wondering what will bloom next. And what on earth will the little kappa’s flower turn out to be?",Animation|Kids,Rie Nakagawa|Rumi Shishido|Cocoro Kikuchi|Kana Ueda|Tetsuya Yanagihara|Mai Hashimoto|Mai Gotou|Kappei Yamaguchi|Wataru Takagi|Hidenobu Kiuchi,ja,6.0,29.958,2010-03-29
85937,Demon Slayer: Kimetsu no Yaiba,anime,"After a demon attack leaves his family slain and his sister cursed, Tanjiro embarks upon a perilous journey to find a cure and avenge those he's lost.",Animation|Action & Adventure|Sci-Fi & Fantasy,Natsuki Hanae|Akari Kito|Hiro Shimono|Yoshitsugu Matsuoka,ja,8.638,29.9917,2019-04-06
258348,Clevatess,anime,"One of the Lords of Dark Beasts, Clevatess’s reign shatters when he revives a hero he personally slayed and adopts an orphaned humanoid baby—the last hope to save a dying world. Now bound together, what fate awaits this unlikely trio?",Animation|Action & Adventure|Sci-Fi & Fantasy,Haruka Shiraishi|Mutsumi Tamura|Yuichi Nakamura|Saya Aizawa,ja,8.018,30.0356,2025-07-02
19612,Mashin Hero Wataru,anime,"Mashin Hero Wataru is a comedy/adventure Super Robot multimedia franchise originally consisting of 45 episode anime series created by Sunrise first aired on April 15, 1988. Sunrise credited ""Hajime Yatate"" for the storyline and Shuji Iuchi directed the series. The series employs a kinetic visual gag style, often employing characters running with their feet over their shoulders derived from Sunrise's previous Super Robot anime series Choriki Robo Galatt.",Animation|Action & Adventure|Kids|Sci-Fi & Fantasy,Mayumi Tanaka|Tessyo Genda|Megumi Hayashibara|Tomomichi Nishimura|Kenichi Ogata|Kazue Ikura|Konami Yoshida|Yumiko Shibata|Masako Katsuki|Yuko Mizutani,ja,7.1,30.0977,1988-04-16
75865,Teasing Master Takagi-san,anime,"""If you blush, you lose."" Living by this principle, the middle schooler Nishikata gets constantly made fun of by his seat neighbor Takagi-san. With his pride shattered to pieces, he vows to turn the tables and get back at her some day. And so, he attempts to tease her day after day, only to find himself victim to Takagi-san's ridicule again sooner than later. Will he be able to make Takagi-san blush from embarrassment even once in the end?",Animation|Comedy,Yuki Kaji|Rie Takahashi,ja,8.2,28.3119,2018-01-08
56568,NANA,anime,"Nana Osaki and Nana Komatsu meet while traveling to Tokyo in pursuit of their respective dreams, and decide to be roommates. Although drastically different people, the two become very close and together they find out if their biggest dreams have room for their best friend.",Animation|Drama,Romi Park|KAORI|Akira Ishida|Megumi Kojima|Anna Tsuchiya|Aya Hirano|Tomokazu Seki|Hiroki Takahashi|Olivia Lufkin|Toshiyuki Morikawa,ja,8.5,27.8482,2006-04-05
63322,Superb Song of the Valkyries: Symphogear,anime,"During a concert by idol group Zwei Wing, an alien force known as the Noise attack the stage. Group members Tsubasa Kazanari and Kanade Amou suppress the attack using their Symphogear armor, but despite their best efforts, innocent bystander Hibiki Tachibana is fatally injured. Distraught and much to Tsubasa's dismay, Kanade sacrifices herself in the process to save Hibiki.

Two years later, Hibiki lives on. Tsubasa now fights alone. With the threat of the Noise increasing, Hibiki finds herself encountering the Noise once again but this time she is granted a chance to become attuned with the same Symphogear that Kanade wielded.",Animation|Sci-Fi & Fantasy|Action & Adventure|Drama,Aoi Yuuki|Nana Mizuki|Ayahi Takagaki|Yuka Iguchi|Hideo Ishikawa|Yoko Hikasa|Ai Kayano|Yoshino Nanjo|Kenji Akabane|Asami Seto,ja,6.9,27.7714,2012-01-06
324301,クレヨンしんちゃん,anime,,Animation,Akiko Yajima|Keiji Fujiwara|Miki Narahashi|Satomi Korogi|Mari Mashiba|Satomi Korogi|Tamao Hayashi|Teiyu Ichiryusai|Chie Sato,ja,9.0,27.7016,1992-04-13
120013,RE-MAIN,anime,"Minato is a boy who stopped playing water polo due to a certain incident in the winter of his third middle school year. He picks the sport back up again with a new team when he starts in high school, but the fledgling team runs into many problems.",Animation|Comedy|Drama,Yuto Uemura|Koutaro Nishiyama|Subaru Kimura|Lynn|Soma Saito|Makoto Furukawa|Tasuku Hatanaka|Daisuke Hirose,ja,6.8,27.5818,2021-07-04
42509,Steins;Gate,anime,"A group of friends have customized their microwave so that it can send text messages to the past. As they perform different experiments, an organization named SERN who has been doing their own research on time travel tracks them down and now the characters have to find a way to avoid being captured by them.",Animation|Sci-Fi & Fantasy|Mystery|Comedy,Mamoru Miyano|Asami Imai|Kana Hanazawa|Tomokazu Seki|Yukari Tamura|Haruko Momoi|Yu Kobayashi,ja,8.5,27.5181,2011-04-06
9160,Candy Candy,anime,"This story is about a girl, Candy, who is a orphan. She is a nice and optimistic girl and she has a warm heart. When she was a child, she lived in an orphanage called Pony's Home. She had a good friend called Ann. And she met the ""handsome boy on the hill"" who is a important person in her life, on the hill behind the orphanage.

She was adopted by the Loka's family. What's awaiting her are the bad-hearted Leo and his sister, Eliza. One day, in the rose garden, she met a boy, who is identical to the ""handsome boy on the hill"" who she had met in her childhood. The boy is called Antony. Thereafter, a fantastic story that she has never expected begins.",Animation|Drama|Kids,Minori Matsushima|Makio Inoue|Kei Tomiyama|Kazuhiko Inoue|Kaneta Kimotsuki|Yuji Mitsuya|Mami Koyama|Chiyoko Kawashima|Yumi Nakatani|Kiyoshi Komiyama,ja,8.529,27.4915,1976-10-01
276880,"Please Put Them On, Takamine-san",anime,"Student council president Takane Takamine is a popular star student. On the other hand, Koushi Shirota doesn't have many friends. That all changes when Koushi accidentally discovers Takane's ability to go back in time and alter past actions just by changing her lingerie. After some pestering, Koushi agrees to help Takane and be her closet, by having spare lingerie on hand.",Animation|Comedy,Yurika Kubo|Daisuke Kasuya|Sumire Uesaka|Miyu Tomita,ja,7.532,27.4773,2025-04-02
63087,Snow White with the Red Hair,anime,"Shirayuki was a young girl born with unique apple-red hair. She meets a famous but foolish Prince Raji, who falls in love with her at first sight and orders her to become his concubine. With nowhere else to go, Shirayuki cuts her hair and escapes to a neighboring country. While traversing through the forests, she meets a young boy, Zen, who helps her after she boldly cures his wounds but then gets poisoned by an apple given to Shirayuki. Meanwhile, Prince Raji sends out henchmen to search for her. What will happen to Shirayuki? What is Zen's true character? A refreshing fantasy story between an optimistic heroine and a prince who constantly stays on her watch.",Animation|Drama|Sci-Fi & Fantasy,Saori Hayami|Ryota Osaka,ja,7.7,27.4107,2015-07-07
1450,The Closer,tv,"Deputy Police Chief Brenda Leigh Johnson transfers from Atlanta to LA to head up a special unit of the LAPD that handles sensitive, high-profile murder cases. Johnson's quirky personality and hard-nosed approach often rubs her colleagues the wrong way, but her reputation as one of the world's best interrogator eventually wins over even her toughest critics.",Crime|Drama|Mystery,Kyra Sedgwick|J.K. Simmons|Corey Reynolds|Robert Gossett|G.W. Bailey|Tony Denison|Michael Paul Chan|Phillip P. Keene|Jon Tenney|Raymond Cruz,en,7.806,98.9957,2005-06-13
1018,Bonanza,tv,The High-Sierra adventures of Ben Cartwright and his sons as they run and defend their ranch while helping the surrounding community.,Western|Action & Adventure|Drama|Family,Lorne Greene|Michael Landon|David Canary|Tim Matheson|Mitch Vogel,en,7.5,101.9911,1959-09-12
1415,Elementary,tv,"A modern-day drama about a crime-solving duo that cracks the NYPD's most impossible cases. Following his fall from grace in London and a stint in rehab, eccentric Sherlock escapes to Manhattan where his wealthy father forces him to live with his worst nightmare - a sober companion, Dr. Watson.",Drama|Mystery|Crime,Jonny Lee Miller|Lucy Liu|Jon Michael Hill|Aidan Quinn,en,7.635,96.6354,2012-09-27
39269,Scandal,tv,"Everyone has secrets and Olivia Pope has dedicated her life to protecting and defending the public images of the elite by keeping those secrets under wraps. Pope and her team are at the top of their game when it comes to getting the job done for their clients, but it becomes apparent that these ""gladiators in suits,"" who specialize in fixing the lives of other people, have trouble fixing those closest at hand -- their own.",Drama,Kerry Washington|Darby Stanchfield|Katie Lowes|Guillermo Díaz|Jeff Perry|Tony Goldwyn|Joshua Malina|Bellamy Young|George Newbern|Scott Foley,en,7.2,96.242,2012-04-05
15844,A Kindred Spirit,tv,"A Kindred Spirit was a television drama series that was broadcast on TVB Jade in Hong Kong from 15 May 1995 to 13 November 1999. It is one of the longest running drama shows in Hong Kong television history. Its exceptional longevity still amazes people in a city where scripted TV drama programs typically only last around 20 episodes. The total number of episodes is 1,128. Each episode airs a few days in each week.

The show centres on a family who operates a barbecue pork restaurant in Happy Valley, Hong Kong, and their life.",Drama|Comedy,Louise Lee Sze-Kei|Danny Lau Dan|Ram Chiang Chi-Kwong|Louisa So Yuk-Wah|Kenix Kwok Ho-Ying|Ben Wong Chi-Yin|Angie Cheung Wai-Yee|Florence Kwok Siu-Wan|Hawick Lau Hau-Wai|Lai Suen,cn,0.0,95.9323,1995-05-15
40694,Lenßen & Partner,tv,Attorney Ingo Lenssen and his team of investigators who specialize in sensitive cases involving clients who prefer private investigations to legal advice.,Reality|Crime,Ingo Lenßen|Christian Storm|Sandra Zirngibl-Kowalski|Sandra Corzilius,de,6.5,95.8504,2003-03-10
54999,Uusi Päivä,tv,"Set in the small town of Virtaus, the series follows the lives of the town’s residents—both young and old—through their joys and sorrows.",Comedy|Drama|Family,Inga Sulin|Lari Halme|Thelma Siberg|Aimo Räsänen|Panu Mikkola|Lotta Lehtikevari,fi,5.3,94.6583,2010-10-04
284558,Kill Jackie,tv,"Jackie Price has been living a wealthy, luxurious life for the past 20 years after escaping a dangerous past as an international cocaine dealer. But just as life begins to feel a little boring, she discovers that The Seven Demons, a group of the world’s most terrifying hitmen, have been hired to kill her.",Drama|Crime,Catherine Zeta-Jones|Daniel Ings|Sidse Babett Knudsen|Julian Rhind-Tutt|Raff Law|Christine Adams,en,7.0,94.6493,2026-10-02
4630,The Fairly OddParents,tv,"The zany, fast-paced adventures of a 10-year-old boy and his fairy godparents, who inadvertently create havoc as they grant wishes for their pint-sized charge.",Animation|Comedy|Sci-Fi & Fantasy|Kids,Tara Strong|Susanne Blakeslee|Daran Norris|Carlos Alazraqui|Jim Ward|Gary LeRoi Gray|Grey DeLisle|Kari Wahlgren,en,7.6,94.4403,2001-03-30
12415,Egoli: Place of Gold,tv,"A South African television soap opera created by Franz Marx which revolves around the daily ups, downs, trials and tribulations of a handful of families in and around Johannesburg (which is often referred to as eGoli - the City of Gold)",Soap,,af,7.2,94.086,1992-04-06
318490,Kavyanjali,tv,,Drama|Soap,Vidyashree Jayaram|Akshata Deshpande|Darshak Gowda|Pavan Ravindra,kn,0.0,94.0426,2020-08-03
299939,Monster: The Lizzie Borden Story,tv,"Trapped in a cruel Victorian-era household, Lizzie Borden kills her parents in a gory ax murder that shocks the nation.",Drama|Crime,Ella Beatty|Vicky Krieps|Sarah Paulson|Charlie Hunnam|Rebecca Hall|Billie Lourd|Jessica Barden,en,7.049,93.9127,2026-09-17
94372,FBI: Most Wanted,tv,"The Fugitive Task Force relentlessly tracks and captures the notorious criminals on the Bureau's Most Wanted list. Seasoned agents oversee the highly skilled team that functions as a mobile undercover unit that is always out in the field, pursuing those who are most desperate to elude justice.",Crime|Drama,Dylan McDermott|Shantel VanSanten|Roxy Sternberg|Keisha Castle-Hughes|Edwin Hodge,en,7.6,93.8634,2020-01-07
15804,Batman: The Brave and the Bold,tv,"The Caped Crusader is teamed up with Blue Beetle, Green Arrow, Aquaman and countless others in his quest to uphold justice.",Animation|Action & Adventure|Sci-Fi & Fantasy,Diedrich Bader,en,7.6,93.737,2008-11-14
2593,Without a Trace,tv,The series follows the ventures of a Missing Persons Unit of the FBI in New York City.,Crime|Mystery|Action & Adventure|Drama,Anthony LaPaglia|Poppy Montgomery|Marianne Jean-Baptiste|Enrique Murciano|Roselyn Sánchez|Eric Close,en,7.2,93.5669,2002-09-26
108978,Reacher,tv,"Jack Reacher, a veteran military police investigator, has just recently entered civilian life. Reacher is a drifter, carrying no phone and the barest of essentials as he travels the country and explores the nation he once served.",Action & Adventure|Crime,Alan Ritchson|Agnez Mo|Sydelle Noel|Anggun|Christopher Rodriguez Marquette|Kevin Corrigan,en,8.135,548.5718,2022-02-03
2734,Law & Order: Special Victims Unit,tv,"In the criminal justice system, sexually-based offenses are considered especially heinous. In New York City, the dedicated detectives who investigate these vicious felonies are members of an elite squad known as the Special Victims Unit. These are their stories.",Crime|Drama|Mystery,Mariska Hargitay|Ice-T|Kelli Giddish|Peter Scanavino|Aimé Donna Kelly|Kevin Kane|Corey Cott,en,7.956,530.8975,1999-09-20
33238,Running Man,tv,"These days, as variety shows are gradually disappearing, this is one of Korea’s representative variety shows that has been responsible for Sunday evenings for over 10 years. This program features numerous stars and members going around various places, playing games, and completing missions. In particular, among the many fun elements of variety shows, this one focuses solely on laughter.

Open your eyes! Big fun is coming in!

Open your mouth! Big laughter is coming in!

Open your heart! Useful lessons are coming in!",Comedy|Reality,Yu Jae-seok|Jee Seok-jin|Kim Jong-kook|Haha|Song Ji-hyo|Yang Se-chan|Ji Ye-eun|Jeon So-min|Lee Kwang-soo|Kang Gary,ko,8.2,493.4989,2010-07-11
4304,Xplay,tv,"Xplay (previously GameSpot TV and Extended Play) is a TV program about video games. The program, known for its reviews and comedy skits, airs on G4 in the United States and had aired on G4 Canada in Canada (and briefly on YTV during its time as GameSpot TV), FUEL TV in Australia, Ego in Israel, GXT in Italy, MTV Russia & Rambler TV in Russia, Solar Sports in the Philippines and Adult Swim and MuchMusic in Latin America. The show ran between July 4, 1998, and January 23, 2013, and returned in November 2021 as a part of G4's relaunch.",,,en,8.5,433.6553,2003-04-28
5920,The Mentalist,tv,"Patrick Jane, a former celebrity psychic medium, uses his razor sharp skills of observation and expertise at ""reading"" people to solve serious crimes with the California Bureau of Investigation.",Crime|Drama|Mystery,Simon Baker|Robin Tunney|Tim Kang|Rockmond Dunbar|Joe Adler|Josie Loren,en,8.413,413.4778,2008-09-23
456,The Simpsons,tv,"Set in Springfield, the average American town, the show focuses on the antics and everyday adventures of the Simpson family; Homer, Marge, Bart, Lisa and Maggie, as well as a virtual cast of thousands. Since the beginning, the series has been a pop culture icon, attracting hundreds of celebrities to guest star. The show has also made name for itself in its fearless satirical take on politics, media and American life in general.",Animation|Comedy,Dan Castellaneta|Julie Kavner|Nancy Cartwright|Yeardley Smith|Hank Azaria|Harry Shearer,en,8.024,412.5483,1989-12-17
61818,Late Night with Seth Meyers,tv,"Seth Meyers, who is ""Saturday Night Live's"" longest serving anchor on the show's wildly popular ""Weekend Update,"" takes over as host of NBC's ""Late Night"" — home to A-list celebrity guests, memorable comedy and the best in musical talent. As the Emmy Award-winning head writer for ""SNL,"" Meyers has established a reputation for sharp wit and perfectly timed comedy, and has gained fame for his spot-on jokes and satire. Meyers takes his departure from ""SNL"" to his new post at ""Late Night,"" as Jimmy Fallon moves to ""The Tonight Show"".",Talk|Comedy,Seth Meyers,en,5.088,393.8057,2014-02-25
549,Law & Order,tv,"In cases ripped from the headlines, police investigate serious and often deadly crimes, weighing the evidence and questioning the suspects until someone is taken into custody. The district attorney's office then builds a case to convict the perpetrator by proving the person guilty beyond a reasonable doubt. Working together, these expert teams navigate all sides of the complex criminal justice system to make New York a safer place.",Crime|Drama,Maura Tierney|David Ajala|Tony Goldwyn|Hugh Dancy|Odelya Halevi,en,7.286,390.1178,1990-09-13
275102,The Scandal,tv,"In Joseon, a secret proposal ignites hidden desires in a gifted noblewoman, a famed lover and an unsuspecting lady caught in their dangerous game.",Drama,Son Ye-jin|Ji Chang-wook|Nana|Han Seon-hwa|Shin Youn-ha|Kang Ji-eun|Kwon Do-kyun|Kang Chan-hee|Kang Myung-soo|Jeong Gi-seop,ko,6.7,369.9242,2026-09-18
2316,The Office,tv,"The everyday lives of office employees in the Scranton, Pennsylvania branch of the fictional Dunder Mifflin Paper Company.",Comedy,Rainn Wilson|John Krasinski|Jenna Fischer|Ed Helms,en,8.584,353.4069,2005-03-24
1416,Grey's Anatomy,tv,Follows the personal and professional lives of a group of doctors at Seattle's Grey Sloan Memorial Hospital.,Drama,Ellen Pompeo|Chandra Wilson|James Pickens Jr.|Caterina Scorsone|Camilla Luddington|Jason George|Chris Carmack|Anthony Hill|Adelaide Kane|Alexis Floyd,en,8.2,346.5717,2005-03-27
2224,The Daily Show,tv,"The World's Fakest News Team tackle the biggest stories in news, politics and pop culture.",News|Comedy,,en,6.406,343.8889,1996-07-22
1434,Family Guy,tv,"Sick, twisted, politically incorrect and Freakin' Sweet animated series featuring the adventures of the dysfunctional Griffin family. Bumbling Peter and long-suffering Lois have three kids. Stewie (a brilliant but sadistic baby bent on killing his mother and taking over the world), Meg (the oldest, and is the most unpopular girl in town) and Chris (the middle kid, he's not very bright but has a passion for movies). The final member of the family is Brian - a talking dog and much more than a pet, he keeps Stewie in check whilst sipping Martinis and sorting through his own life issues.",Animation|Comedy,Seth MacFarlane|Alex Borstein|Mila Kunis|Seth Green|Patrick Warburton|Arif Zahir,en,7.409,317.6615,1999-01-31
94722,Tagesschau,tv,"German daily news program, the oldest still existing program on German television.",News,,de,6.8,314.1969,1952-12-26
113962,Lioness,tv,"Cruz Manuelos, a rough-around-the-edges but passionate young Marine, is recruited to join the CIA's Lioness Engagement Team to help bring down a terrorist organization from within. Joe, the station chief of the Lioness program, is tasked with training, managing and leading her female undercover operatives.",Drama|War & Politics,Zoe Saldaña|Laysla De Oliveira|Dave Annable|Jill Wagner|LaMonica Garrett|James Jordan|Genesis Rodriguez|Michael Kelly|Austin Hébert|Jonah Wharton,en,8.255,306.7611,2023-07-23
48866,The 100,tv,"100 years in the future, when the Earth has been abandoned due to radioactivity, the last surviving humans live on an ark orbiting the planet — but the ark won't last forever. So the repressive regime picks 100 expendable juvenile delinquents to send down to Earth to see if the planet is still habitable.",Sci-Fi & Fantasy|Action & Adventure|Drama|Crime,Eliza Taylor|Bob Morley|Lindsey Morgan|Marie Avgeropoulos|Richard Harmon|Tasya Teles|JR Bourne|Shannon Kook|Chuku Modu|Shelby Flannery,en,7.878,92.3273,2014-03-19
11890,"Goede Tijden, Slechte Tijden",tv,"Goede tijden, slechte tijden, also known as GTST, is the longest-running Dutch soap opera,  revolving around the lives of the families Alberts, Sanders, De Jong, Van Houten and Bouwhuis. It all takes place in the fictional town of Meerdijk.",Soap,,nl,5.3,243.0346,1990-10-01
206559,Binnelanders,tv,"A South African Afrikaans soap opera. It is set in and around the fictional private hospital, Binneland Kliniek, in Pretoria, and the storyline follows the trials, trauma and tribulations of the staff and patients of the hospital.",Soap,Hans Strydom|Germandt Geldenhuys|Je-ani Swiegelaar|Gerald Steyn|Marlee van der Merwe|Roberto Kyle|Antoinette Modise|Megan Troskie|Izette Blignaut,af,5.5,232.7054,2005-10-13
2661,Kamen Rider,tv,"Takeshi Hongo is a promising young man with a passion for motorcycle racing. However, his dreams are suddenly ruined when he gets kidnapped by Shocker, the evil secret organization planning to dominate the world. After being remodeled into a cyborg, Takeshi escapes and swears to protect the world from the inhuman monsters.",Action & Adventure|Sci-Fi & Fantasy|Drama,,ja,6.4,228.5797,1971-04-03
36325,Homework,tv,"A drama about two young couples, both of them having problem keeping their relationship together.",Drama,Toshiaki Karasawa|Misa Shimizu|Masaharu Fukuyama|Akiko Urae|Toshio Kakei|Chiharu|Akira Takarada,ja,5.0,205.7117,1992-10-16
32415,Conan,tv,A late night television talk show hosted by  Conan O'Brien.,Talk|Comedy|News,Conan O'Brien|Andy Richter,en,7.18,219.8038,2010-11-08
125988,Silo,tv,"In a ruined and toxic future, thousands live in a giant silo deep underground. After its sheriff breaks a cardinal rule and residents die mysteriously, engineer Juliette starts to uncover shocking secrets and the truth about the silo.",Sci-Fi & Fantasy|Drama,Rebecca Ferguson|Common|Chinaza Uche|Ashley Zukerman|Shane McRae|Remmie Milner|Alexandria Riley|Reed Birney|Laura Innes|Jessica Brown Findlay,en,8.219,219.5783,2023-05-04
1911,Bones,tv,"Dr. Temperance Brennan and her colleagues at the Jeffersonian's Medico-Legal Lab assist Special Agent Seeley Booth with murder investigations when the remains are so badly decomposed, burned or destroyed that the standard identification methods are useless.",Crime|Drama,Emily Deschanel|David Boreanaz|John Boyd|Michaela Conlin|Tamara Taylor|T.J. Thyne,en,8.175,228.8087,2005-09-13
46952,The Blacklist,tv,"Raymond ""Red"" Reddington, one of the FBI's most wanted fugitives, surrenders in person at FBI Headquarters in Washington, D.C. He claims that he and the FBI have the same interests: bringing down dangerous criminals and terrorists. In the last two decades, he's made a list of criminals and terrorists that matter the most but the FBI cannot find because it does not know they exist. Reddington calls this ""The Blacklist"". Reddington will co-operate, but insists that he will speak only to Elizabeth Keen, a rookie FBI profiler.",Drama|Crime|Mystery,James Spader|Diego Klattenhoff|Hisham Tawfiq|Anya Banerjee|Harry Lennix,en,7.632,202.5883,2013-09-23
1667,Saturday Night Live,tv,"A late-night live television sketch comedy and variety show created by Lorne Michaels. The show's comedy sketches, which parody contemporary culture and politics, are performed by a large and varying cast of repertory and newer cast members. Each episode is hosted by a celebrity guest, who usually delivers an opening monologue and performs in sketches with the cast, and features performances by a musical guest.",Comedy|News,Michael Che|Mikey Day|Andrew Dismukes|Marcello Hernández|James Austin Johnson|Colin Jost|Ashley Padilla|Sarah Sherman|Kenan Thompson|Jane Wickline,en,6.901,217.193,1975-10-11
3034,Scene of the Crime,tv,"Tatort is a long-running German/Austrian/Swiss crime television series set in various parts of these countries. The show is broadcast on the channels of ARD in Germany, ORF in Austria and SF1 in Switzerland.",Drama|Crime,,de,6.2,202.5835,1970-11-29
45789,Storm of Love,tv,"These are the stories of relationships taking place in the fictional five-star hotel Fürstenhof, located in Feldkirchen-Westerham near Rosenheim with the plot revolving around members of the family room area, the hotel owners, and employees.",Drama|Soap,Dirk Galuba|Sepp Schauer|Antje Hagen,de,6.0,227.6402,2005-09-26
70672,Men on a Mission,tv,"Male celebs play make-believe as high schoolers, welcoming star transfer students every week and engaging in battles of witty humor and slapstick.",Reality|Comedy,Kim Young-cheol|Min Kyung-hoon|Kang Ho-dong|Lee Su-geun|Kim Hee-chul|Seo Jang-hoon|Lee Sang-min,ko,7.4,188.4103,2015-12-05
1399,Game of Thrones,tv,"Seven noble families fight for control of the mythical land of Westeros. Friction between the houses leads to full-scale war. All while a very ancient evil awakens in the farthest north. Amidst the war, a neglected military order of misfits, the Night's Watch, is all that stands between the realms of men and icy horrors beyond.",Sci-Fi & Fantasy|Drama|Action & Adventure,Peter Dinklage|Kit Harington|Nikolaj Coster-Waldau|Lena Headey|Emilia Clarke|Liam Cunningham|Maisie Williams|Isaac Hempstead Wright|Sophie Turner|John Bradley,en,8.472,227.9462,2011-04-17
227292,Capitão Furacão,tv,"""Capitão Furacão"" premiered on TV Globo's launch day, April 26, 1965, with the motto ""Always alert and obedient!"" The children's program was hosted by Pietro Mario (Capitão Furacão). In the second year, actress Elizangela began co-hosting alongside him, becoming his loyal assistant. Capitão Furacão was always surrounded by children; while spinning his ship's helm, he would read letters sent by viewers, organize games and contests, tell stories about the sea, offer advice to aspiring sailors, and present short films and cartoons.",Kids,Pietro Mário|Elizângela,pt,0.0,190.9723,1965-04-26
45140,Teen Titans Go!,tv,"Robin, Starfire, Raven, Beast Boy and Cyborg return in all-new, comedic adventures. They may be super heroes who save the world every day ... but somebody still has to do the laundry!",Animation|Action & Adventure|Comedy|Family|Sci-Fi & Fantasy,Scott Menville|Greg Cipes|Khary Payton|Tara Strong|Hynden Walch,en,6.4,152.0315,2013-04-23
95480,Slow Horses,tv,"Follow a dysfunctional team of MI5 agents—and their obnoxious boss, the notorious Jackson Lamb—as they navigate the espionage world's smoke and mirrors to defend England from sinister forces.",Crime|Drama|Mystery,Gary Oldman|Jack Lowden|Kristin Scott Thomas|Hugo Weaving|Saskia Reeves|Christopher Chung|Aimee-Ffion Edwards,en,8.038,222.4465,2022-04-01
72879,Tomorrow Is Ours,tv,"The story revolves around the people of Sète, France. Their lives are punctuated by family rivalries, romance and scenes from daily life, but also by plots involving police investigations, secrets and betrayals.",Crime|Drama|Soap,Ingrid Chauvin|Charlotte Valandrey|Alexandre Brasseur|Lorie Pester|Samy Gharbi|Solène Hébert|Clément Remiens|Juliette Tresanini|Cyril Garnier|Luce Mouchel,fr,6.2,158.4629,2017-07-17
2912,Jeopardy!,tv,"America's favorite quiz show where contestants are presented with general knowledge clues in the form of answers, and must phrase their responses in question form.",Reality|Family,Ken Jennings|Johnny Gilbert,en,6.9,165.2988,1984-09-10
4601,Law & Order: Criminal Intent,tv,The third installment of the “Law & Order” franchise takes viewers deep into the minds of its criminals while following the intense psychological approaches the Major Case Squad uses to solve its crimes.,Drama,Vincent D'Onofrio|Kathryn Erbe|Julia Ormond|Jay O. Sanders,en,7.6,176.7012,2001-09-30
764,Midsomer Murders,tv,"The peacefulness of the Midsomer community is shattered by violent crimes, suspects are placed under suspicion, and it is up to a veteran DCI and his young sergeant to calmly and diligently eliminate the innocent and ruthlessly pursue the guilty. ",Crime|Drama|Mystery,Neil Dudgeon|Nick Hendrix|Fiona Dolman|Annette Badland,en,7.5,192.6019,1997-03-23
50821,Among Friends,tv,Miklós introduces viewers into the world of Money and Charm.,Drama|Family,Zoltán Szőke|Izabella Varga|Virág Pásztor|Edina Som-Balogh,hu,3.8,182.2912,1998-10-26
60735,The Flash,tv,"After being struck by lightning, CSI investigator Barry Allen awakens from a nine-month coma to discover he has been  granted the gift of super speed.  Teaming up with S.T.A.R. Labs, Barry takes on the persona of The Flash, the Fastest  Man Alive, to protect his city.",Drama|Sci-Fi & Fantasy,Grant Gustin|Candice Patton|Danielle Panabaker|Danielle Nicolet|Kayla Compton|Brandon McKnight|Jon Cor,en,7.745,188.5801,2014-10-07
1421,Modern Family,tv,"The Pritchett-Dunphy-Tucker clan is a wonderfully large and blended family. They give us an honest and often hilarious look into the sometimes warm, sometimes twisted, embrace of the modern family.",Comedy,Ed O'Neill|Sofía Vergara|Julie Bowen|Ty Burrell|Jesse Tyler Ferguson|Eric Stonestreet|Sarah Hyland|Ariel Winter|Nolan Gould|Rico Rodriguez,en,7.912,188.1643,2009-09-23
2221,The View,tv,"ABC Daytime's morning chatfest, currently featuring Whoopi Goldberg, Joy Behar, Sunny Hostin, Sara Haines, Alyssa Farah Griffin, and Ana Navarro discussing the most exciting events of the day. Hot topics in the news, the best experts in their field, celebrity interviews and general entertainment are all part of The View.",Talk,Joy Behar|Sara Haines|Whoopi Goldberg|Alyssa Farah Griffin|Ana Navarro|Sunny Hostin,en,4.296,179.8585,1997-08-11
4604,Smallville,tv,The origins of the world’s greatest hero–from Krypton refugee Kal-el’s arrival on Earth through his tumultuous teen years to Clark Kent’s final steps toward embracing his destiny as the Man of Steel.,Sci-Fi & Fantasy|Action & Adventure|Drama,Tom Welling|Erica Durance|Cassidy Freeman|Justin Hartley,en,8.189,158.5981,2001-10-16
1419,Castle,tv,"After a serial killer imitates the plots of his novels, successful mystery novelist Richard ""Rick"" Castle receives permission from the Mayor of New York City to tag along with an NYPD homicide investigation team for research purposes.",Drama|Crime,Nathan Fillion|Stana Katic|Molly C. Quinn|Jon Huertas|Seamus Dever|Susan Sullivan|Tamala Jones|Toks Olagundoye,en,8.0,184.4626,2009-03-09
30801,2 Days and 1 Night,tv,"2 Days & 1 Night is a South Korean reality-variety show with the motto ""real wild road variety."" Its main concept is to recommend various places of interest that viewers can visit in South Korea.",Comedy|Reality,Kim Jong-min|Moon Se-yoon|DinDin|Yoo Seon-ho|Jo Se-ho|Lee Joon,ko,6.7,171.1008,2007-08-05
5092,Infinite Challenge,tv,"Infinite Challenge has been reported as the first ""Real-Variety"" show in Korean television history. The program is largely unscripted, and follows a similar format of challenge-based Reality Television programs, familiar to the audiences in the West, but the challenges are often silly, absurd, or impossible to achieve, so the program takes on the aspect of a satirical comedy variety show, rather than a more standard reality or contest program. In order to achieve its comedic purposes its 6 hosts and staff continuously proclaim, the elements of this show are the 3-Ds, Dirty, Dangerous, and Difficult.",Reality|Comedy,Yu Jae-seok|Park Myung-soo|Jeong Jun-ha|Haha|Yang Se-hyung|Jeong Hyeong-don|Noh Hong-chul|Gil|Jun Jin|Jo Se-ho,ko,7.7,170.7026,2005-04-23
34307,Shameless,tv,"Chicagoan Frank Gallagher is the proud single dad of six smart, industrious, independent kids, who without him would be... perhaps better off. When Frank's not at the bar spending what little money they have, he's passed out on the floor. But the kids have found ways to grow up in spite of him. They may not be like any family you know, but they make no apologies for being exactly who they are.",Drama|Comedy,William H. Macy|Jeremy Allen White|Ethan Cutkosky|Shanola Hampton|Steve Howey|Emma Kenney|Christian Isaiah|Cameron Monaghan|Noel Fisher|Kate Miner,en,8.164,184.5679,2011-01-09
1220,The Graham Norton Show,tv,Each week celebrity guests join Irish comedian Graham Norton to discuss what's being going on around the world that week. The guests poke fun and share their opinions on the main news stories. Graham is often joined by a band or artist to play the show out.,Comedy|Talk,Graham Norton,en,7.234,180.9245,2007-02-22
291,Coronation Street,tv,"The residents of Coronation Street are ordinary, working-class people, and the show follows them through regular social and family interactions at home, in the workplace, and in their local pub, the Rovers Return Inn. Britain's longest-running soap.",Soap,,en,5.4,181.2969,1960-12-09
60625,Rick and Morty,tv,Follows a sociopathic genius scientist who drags his inherently timid grandson on adventures across the universe.,Animation|Comedy|Sci-Fi & Fantasy|Action & Adventure,Chris Parnell|Spencer Grammer|Sarah Chalke|Ian Cardoni|Harry Belden,en,8.681,181.9319,2013-12-02
13945,"Gute Zeiten, schlechte Zeiten",tv,"Gute Zeiten, schlechte Zeiten is a long-running German television soap opera, first broadcast on RTL in 1992. The programme concerns the lives of a fictional neighborhood in Germany's capital city Berlin. Over the years the soap opera tends to have an overhaul of young people in their late teens and early twenties; targeting a young viewership.",Drama|Soap,,de,5.5,169.5042,1992-05-11
1408,House,tv,"Dr. Gregory House, a drug-addicted, unconventional, misanthropic medical genius, leads a team of diagnosticians at the fictional Princeton–Plainsboro Teaching Hospital in New Jersey.",Drama,Hugh Laurie|Robert Sean Leonard|Omar Epps|Jesse Spencer|Odette Annable|Peter Jacobson|Lo Mutuc,en,8.562,180.4757,2004-11-16
8514,RuPaul's Drag Race,tv,"Join RuPaul, the world's most famous drag queen, as the host, mentor and judge for the ultimate in drag queen competitions. The top drag queens in the U.S. will vie for drag stardom as RuPaul, in full glamazon drag, will reign supreme in all judging and eliminations while helping guide the contestants as they prepare for each challenge.",Reality,RuPaul|Michelle Visage,en,7.5,157.9797,2009-02-02
62223,The Late Late Show with James Corden,tv,"Once Craig Ferguson retires, James Corden will be taking over The Late Late Show. The show is a late night talk show that interviews celebrities and has its own bits. And of course, it's all hosted by James Corden.",Talk,James Corden|Reggie Watts,en,5.1,178.6151,2015-03-23
502,Sesame Street,tv,"On a special inner city street, the inhabitants—human and muppet—teach preschoolers basic educational and social concepts using comedy, cartoons, games, and songs.",Kids|Comedy,Sonia Manzano|Roscoe Orman|Martin P. Robinson|Suki Lopez|Violet Tinnirello|Jennifer Barnhart|Ryan Dillon|Alan Muraoka,en,7.1,169.573,1969-11-10
32798,Hawaii Five-0,tv,"Steve McGarrett returns home to Oahu, in order to find his father's killer. The governor offers him the chance to run his own task force (Five-0). Steve's team is joined by Chin Ho Kelly, Danny ""Danno"" Williams, and Kono Kalakaua.",Crime|Drama|Action & Adventure,Alex O'Loughlin|Scott Caan|Ian Anthony Dale|Meaghan Rath|Beulah Koale|Dennis Chun|Kimee Balmilero|Chi McBride|Taylor Wily|Katrina Law,en,7.73,178.625,2010-09-20
1668,Friends,tv,"Six young people from New York City, on their own and struggling to survive in the real world, find the companionship, comfort and support they get from each other to be the perfect antidote to the pressures of life.",Comedy,Jennifer Aniston|Courteney Cox|Lisa Kudrow|Matt LeBlanc|Matthew Perry|David Schwimmer,en,8.407,170.8888,1994-09-22
693,Desperate Housewives,tv,"Looking down on her friends and family isn't a way of life for Mary Alice Young... it's a way of death. One day, in her perfect house, in the loveliest of suburbs, Mary Alice ended it all. Now she's taking us into the lives of her family, friends and neighbors, commenting from her elevated P.O.V.",Mystery|Drama|Comedy,Teri Hatcher|Felicity Huffman|Marcia Cross|Eva Longoria|Ricardo Chavira|Doug Savant|James Denton|Brenda Strong|Vanessa Williams,en,7.894,173.0891,2004-10-03
288024,Pherari Mon,tv,Gender bias and betrayal force Tulsi to infiltrate Agni's life. Will she win her battle?,Drama,Sudipta Roy|Bipul Patra|Bidipta Chakraborty|Arindam Ganguly,bn,0.0,160.7752,2022-11-07
4385,The Colbert Report,tv,"The Colbert Report is an American satirical late night television program. It stars political humorist Stephen Colbert, a former correspondent for The Daily Show with Jon Stewart. The Colbert Report is a spin-off from and counterpart to The Daily Show that comments on politics and the media in a similar way. The show focuses on a fictional anchorman character named Stephen Colbert, played by his real-life namesake. The character, described by Colbert as a ""well-intentioned, poorly informed, high-status idiot"", is a caricature of televised political pundits.",News|Comedy,Stephen Colbert,en,7.0,178.9217,2005-10-17
1396,Breaking Bad,tv,"Walter White, a New Mexico chemistry teacher, is diagnosed with Stage III cancer and given a prognosis of only two years left to live. He becomes filled with a sense of fearlessness and an unrelenting desire to secure his family's financial future at any cost as he enters the dangerous world of drugs and crime.",Drama|Crime,Bryan Cranston|Aaron Paul|Anna Gunn|RJ Mitte|Dean Norris|Betsy Brandt|Bob Odenkirk|Jonathan Banks,en,8.954,210.2579,2008-01-20
14981,The Late Late Show with Craig Ferguson,tv,"The Late Late Show with Craig Ferguson is an American late-night talk show hosted by Scottish American comedian Craig Ferguson, who is the third regular host of the Late Late Show franchise. It follows Late Show with David Letterman in the CBS late-night lineup, airing weekdays in the US at 12:37 a.m. It is taped in front of a live studio audience from Monday to Friday at CBS Television City in Los Angeles, California, directly above the Bob Barker Studio. It is produced by David Letterman's production company Worldwide Pants Incorporated and CBS Television Studios.

Since becoming host on January 3, 2005, after Craig Kilborn and Tom Snyder, Ferguson has achieved the highest ratings since the show's inception in 1995. While the majority of the episodes focus on comedy, Ferguson has also addressed difficult subject matter, such as the deaths of his parents, and undertaken serious interviews, such as one with Desmond Tutu, which earned the show a 2009 Peabody Award.",Comedy|Talk,Craig Ferguson,en,6.854,178.5215,2005-01-03
58841,Chicago P.D.,tv,"A riveting police drama about the men and women of the Chicago Police Department's District 21 who put it all on the line to serve and protect their community. District 21 is made up of two distinctly different groups: the uniformed cops who patrol the beat and go head-to-head with the city's street crimes and the Intelligence Unit that combats the city's major offenses - organized crime, drug trafficking, high profile murders and beyond.",Crime|Drama,Jason Beghe|Marina Squerciati|Patrick John Flueger|Benjamin Levy Aguilar|Arienne Mandi|Amy Morton,en,8.418,168.4835,2014-01-08
65282,Home Alone,tv,"It can be a badge of honor to be “single.” “I Live Alone” is a documentary-style South Korean reality series that follows the members of a self-formed club called Rainbow, which is comprised of  celebrities who are single and live alone.",Reality,Park Na-rae|Jeon Hyun-moo|Key|Hwasa|Code Kunst|Kian84|Lee Jang-woo|Lee Ju-seung|Kim Kwang-kyu|Cha Seo-won,ko,7.5,149.3541,2013-03-22
4177,Perry Mason,tv,The cases of master criminal defense attorney Perry Mason and his staff who handled the most difficult of cases in the aid of the innocent.,Mystery|Drama|Crime,Raymond Burr|Barbara Hale|William Hopper|William Talman|Ray Collins,en,7.7,157.9818,1957-09-21
44006,Chicago Fire,tv,"An edge-of-your-seat view into the lives of everyday heroes committed to one of America's noblest professions. For the firefighters, rescue squad and paramedics of Chicago Firehouse 51, no occupation is more stressful or dangerous, yet so rewarding and exhilarating. These courageous men and women are among the elite who forge headfirst into danger when everyone else is running the other way and whose actions make the difference between life and death.",Drama,Taylor Kinney|David Eigenberg|Christian Stolte|Miranda Rae Mayo|Hanako Greensmith|Jocelyn Hudon|Brandon Larracuente|Da'Vinchi,en,8.4,165.1564,2012-10-10
1620,CSI: Miami,tv,"The show follows Crime Scene Investigators working for the Miami-Dade Police Department as they use physical evidence, similar to their Las Vegas counterparts, to solve grisly murders. The series mixes deduction, gritty subject matter, and character-driven drama in the same vein as the original series in the CSI franchise, except that the Miami CSIs are cops first, scientists second.",Drama|Mystery|Crime,David Caruso|Emily Procter|Omar Benson Miller|Jonathan Togo|Adam Rodriguez|Rex Linn|Eva LaRue,en,7.68,162.416,2002-09-23
221468,Hollywood Squares,tv,"On September 14, 1998, a Hollywood Squares revival debuted with Tom Bergeron as its host. In addition to her production duties, Whoopi Goldberg served as the permanent center square, with series head writer Bruce Vilanch, Gilbert Gottfried, Martin Mull, and Caroline Rhea as regular panelists and Brad Garrett, Bobcat Goldthwait, Jeffrey Tambor, George Wallace, Kathy Griffin and various others as semi-regular panelists. Shadoe Stevens returned to announce, although he was not given a square on the panel as he had been when John Davidson was host.",,Tom Bergeron|John Moschitta Jr.,en,7.6,162.4239,1998-09-14
65701,Good Mythical Morning,tv,"Two ""Internetainers"" (Rhett & Link) go far out and do the weirdest things, giving you a daily dose of casual comedy every Monday-Friday.",Comedy,Link Neal|Rhett McLaughlin,en,6.938,163.4379,2012-01-09
17610,NCIS: Los Angeles,tv,"The exploits of the Los Angeles–based Office of Special Projects (OSP), an elite division of the Naval Criminal Investigative Service that specializes in undercover assignments.",Action & Adventure|Drama|Crime|Mystery,Chris O'Donnell|Daniela Ruah|Eric Christian Olsen|Barrett Foa|Medalion Rahimi|Caleb Castille|Gerald McRaney|LL Cool J,en,7.527,175.6564,2009-09-22
1973,24,tv,"Counterterrorism agent Jack Bauer fights the bad guys of the world, a day at a time. With each week's episode unfolding in real-time, ""24"" covers a single day in the life of Bauer each season.",Action & Adventure|Drama|Crime,Kiefer Sutherland|Mary Lynn Rajskub|Kim Raver|Yvonne Strahovski|Tate Donovan|William Devane,en,7.78,157.9183,2001-11-06
37971,The Old Fox,tv,"A police department, lead by an older, experienced detective solve crimes together.",Crime|Drama,Thomas Heinze|Stephanie Stumph|Yun Huang|Sidonie von Krosigk,de,6.3,150.4187,1977-04-11
71790,S.W.A.T.,tv,"A Los Angeles S.W.A.T. sergeant is assigned to lead a highly skilled unit in the community where he grew up. Torn between loyalty to the streets, where the cops are sometimes the enemy, and allegiance to his brothers in blue, he strategically straddles the two worlds.",Crime|Action & Adventure|Drama,Shemar Moore|Jay Harrington|David Lim|Patrick St. Esprit|Anna Enger Ritch|Niko Pepaj|Annie Ilonzeh,en,8.0,161.8101,2017-11-02
4376,JAG,tv,"Harmon ""Harm"" Rabb Jr. is a former pilot turned lawyer working for the military's JAG (Judge Advocate General) division, the elite legal wing of officers that prosecutes and defends those accused of military-related crimes. He works closely with Lt. Col. Sarah Mackenzie, and together they do what needs to be done to find the truth.",Drama|Action & Adventure|Crime,David James Elliott|Catherine Bell|Patrick Labyorteaux,en,7.3,152.3859,1995-09-23
265167,ZIBB,tv,,News|Talk,,de,7.0,158.1778,2003-11-10
64190,Volle Kanne,tv,,News,Nadine Krüger|Florian Weiss,de,4.4,158.3465,1999-08-30
2691,Two and a Half Men,tv,A hedonistic jingle writer's free-wheeling life comes to an abrupt halt when his brother and 10-year-old nephew move into his beach-front house.,Comedy,Ashton Kutcher|Jon Cryer|Conchata Ferrell,en,7.448,154.6209,2003-09-22
80748,FBI,tv,"The New York office of the FBI brings to bear all their talents, intellect and technical expertise on major cases in order to keep their city and the country safe.",Crime|Action & Adventure|Drama,Missy Peregrym|Zeeko Zaki|Jeremy Sisto,en,7.9,155.0315,2018-09-25
1489,Jimmy Kimmel Live!,tv,"Jimmy Kimmel Live! is an American late-night talk show, created and hosted by Jimmy Kimmel and broadcast on ABC.",Talk|Comedy,Jimmy Kimmel|Guillermo Rodriguez,en,5.3,161.1991,2003-01-26
1405,Dexter,tv,"Dexter Morgan, a blood spatter pattern analyst for the Miami Metro Police also leads a secret life as a serial killer, hunting down criminals who have slipped through the cracks of justice.",Crime|Drama|Mystery,Michael C. Hall|Jennifer Carpenter|Geoff Pierson|David Zayas|James Remar|Aimee Garcia|Desmond Harrington|C.S. Lee,en,8.244,160.3812,2006-10-01
1871,EastEnders,tv,"The everyday lives of working-class residents of Albert Square, a traditional Victorian square of terrace houses surrounding a park in the East End of London's Walford borough.",Soap|Drama|Crime,,en,4.274,151.9968,1985-02-19
32692,Blue Bloods,tv,"A drama about a multi-generational family of cops dedicated to New York City law enforcement. Frank Reagan is the New York Police Commissioner and heads both the police force and the Reagan brood. He runs his department as diplomatically as he runs his family, even when dealing with the politics that plagued his unapologetically bold father, Henry, during his stint as Chief.",Crime|Drama,Tom Selleck|Donnie Wahlberg|Bridget Moynahan|Will Estes|Len Cariou|Gregory Jbara|Abigail Hawk,en,7.793,153.4089,2010-09-24
65270,Radio Star,tv,"“Radio Star” is a South Korean music talk show where the guests and hosts talk openly and intimately about their lives, their pasts and their work. It is part of Munhwa Broadcasting Corporation's ""Golden Fishery"" programming block.",Talk,Kim Gu-ra|Kim Guk-jin|Yoo Se-yoon|Jang Do-yeon,ko,5.5,134.5672,2007-05-30
66732,Stranger Things,tv,"When a young boy vanishes, a small town uncovers a mystery involving secret experiments, terrifying supernatural forces, and one strange little girl.",Action & Adventure|Mystery|Sci-Fi & Fantasy,Winona Ryder|David Harbour|Millie Bobby Brown|Finn Wolfhard|Gaten Matarazzo|Caleb McLaughlin|Noah Schnapp|Sadie Sink|Natalia Dyer|Charlie Heaton,en,8.549,148.9534,2016-07-15
65334,Miraculous: Tales of Ladybug & Cat Noir,tv,"Marinette and Adrien, two Parisian teenagers, are entrusted with powerful jewels in order to transform into superheroes Ladybug and Cat Noir. But neither hero knows the other's true identity — or that they're classmates!",Action & Adventure|Animation|Kids,Anouck Hautbois|Benjamin Bollen|Marie Nonnenmacher|Thierry Kazazian,fr,8.066,153.0953,2015-10-19
31132,Regular Show,tv,The surreal misadventures of two best friends - a blue jay and a raccoon - as they seek to liven up their mundane jobs as groundskeepers at the local park.,Animation|Comedy|Action & Adventure|Sci-Fi & Fantasy,J.G. Quintel|William Salyers|Mark Hamill|Sam Marin|Minty Lewis|Matthew Mercer|Vanessa Marshall,en,8.6,151.8052,2010-09-06
204746,The Jennifer Hudson Show,tv,Talented entertainer and newly-minted EGOT Jennifer Hudson takes on the daytime talk show landscape.,Talk,Jennifer Hudson,en,5.6,157.5318,2022-09-12
23915,Markus Lanz,tv,"TV presenter Markus Lanz invites prominent guests and experts from all areas of public life to his colourful talk show. As a rule, there are four guests, introduced individually to contribute their personal experiences to the topics.",Talk,Markus Lanz,de,5.5,160.1723,2008-06-03
62650,Chicago Med,tv,"An emotional thrill ride through the day-to-day chaos of the city's most explosive hospital and the courageous team of doctors who hold it together. They will tackle unique new cases inspired by topical events, forging fiery relationships in the pulse-pounding pandemonium of the emergency room.",Drama,Steven Weber|Jessy Schram|Luke Mitchell|Sarah Ramos|Darren Barnet|S. Epatha Merkerson|Oliver Platt,en,8.257,147.9084,2015-11-17
154770,Hello Saturday,tv,"""Hello, Saturday"" is the rebranding of the popular Chinese show ""Happy Camp"", hosted by He Jiong and with a fixed group of regular celebrity members.

The program showcases the talent of various stars as well as social topics through creative and diverse content and games. It aims to spread positive energy while keeping up with the current trends and leading youth culture.",Reality,He Jiong|Li Xueqin|Yang Di|Ding Chengxin|Wu Ze Lin,zh,6.5,147.5036,2022-01-01
2190,South Park,tv,"Follow the misadventures of four irreverent grade-schoolers in the quiet, dysfunctional town of South Park, Colorado.",Comedy|Animation,Trey Parker|Matt Stone|Mona Marshall|Jennifer Howell,en,8.335,148.7686,1997-08-13
57532,PAW Patrol,tv,"Marshall, Rocky, Rubble, Zuma and Skye are doing their best to protect the people of their town. Led by Ryder, a tech-savvy 10-year-old boy, each of them is equipped with special equipment and together they help anyone who finds themselves in trouble. No task is too big for them and no puppy is too small.",Animation|Kids,Majestie lewton ll,en,6.976,142.86,2013-08-12
62992,DAS!,tv,"Every evening at 6:45 p.m. sharp, a prominent guest takes a seat on the red sofa—and DAS! provides daily updates on what's hot in the north.",Talk|News,Hinnerk Baumgarten|Inka Schneider|Bettina Tietjen,de,4.7,167.1568,1991-01-02
1900,LIVE with Kelly and Mark,tv,"A morning talk show with A-list celebrity guests, top-notch performances and one-of-a-kind segments that are unrivaled on daytime television, plus spontaneous, hilarious and unpredictable talk.",Talk,,en,5.6,144.9844,1988-09-05
4087,The X-Files,tv,"The exploits of FBI Special Agents Fox Mulder and Dana Scully who investigate X-Files: marginalized, unsolved cases involving paranormal phenomena. Mulder believes in the existence of aliens and the paranormal while Scully, a skeptic, is assigned to make scientific analyses of Mulder's discoveries that debunk Mulder's work and thus return him to mainstream cases.",Mystery|Sci-Fi & Fantasy|Crime,David Duchovny|Gillian Anderson,en,8.369,145.6723,1993-09-10
688,The West Wing,tv,The West Wing provides a glimpse into presidential politics in the nation's capital as it tells the stories of the members of a fictional presidential administration. These interesting characters have humor and dedication that touches the heart while the politics that they discuss touch on everyday life.,Drama,Martin Sheen|Allison Janney|John Spencer|Bradley Whitford|Joshua Malina|Alan Alda|Jimmy Smits|Kristin Chenoweth|Mary McCormack,en,8.261,136.7594,1999-09-22
282326,Against the Current,tv,"Shen Jialan, once a nobleman's granddaughter, falls from grace after her family is falsely accused of treason. Abandoned by her fiancé Lin Jinqi, she is forced to assume a servant's identity in his household. Despite hardships, she refuses to bow to fate. With resilience and wit, she rises above class barriers, wins Lin Jinqi's heart, earns the family's respect, and ultimately clears her family's name.",Drama|Family,Tan Songyun|Liu Xueyi,zh,6.8,143.6169,2026-09-11
2288,Prison Break,tv,"Due to a political conspiracy, an innocent man is sent to death row and his only hope is his brother, who makes it his mission to deliberately get himself sent to the same prison in order to break the both of them out, from the inside out.",Action & Adventure|Crime|Drama,Wentworth Miller|Dominic Purcell|Sarah Wayne Callies|Rockmond Dunbar|Robert Knepper|Inbar Lavi|Augustus Prew|Mark Feuerstein|Said Bey,en,8.062,142.5234,2005-08-29
277494,Aggabai Sunbai,tv,"In this spin-off of the popular show Aggabai Sasubai, a homely Asawari has evolved to become the director of a renowned chain of restaurants, while her irresponsible son seems to have matured too.",Drama|Soap,Uma Pendharkar|Nivedita Joshi Saraf|Girish Oak|Adwait Dadarkar|Mohan Joshi,mr,0.0,128.879,2021-03-15
17887,7de Laan,tv,"7de Laan is an extraordinary microcosm where good and bad, evil and wholesome characters find themselves forming part of a wholesome community where no matter what – everyone counts and everyone cares…",Soap,Ingrid Paulus|Hildegardt Whites|Carina Nel|Kristen Raath|David Rees|Deirdre Wolhuter|Nicholas Nkuna|Keabetswe Motsilanyane|Dirk Stoltz|Nazli George,af,8.3,149.9926,2000-04-04
37288,Morgenmagazin,tv,,News|Talk,Mitri Sirin|Andreas Wunn|Mirjam Meinhardt|Philip Wortmann|Eva-Maria Lemke|Benjamin Stöwe|Maral Bazargani|Dunja Hayali,de,5.3,141.4513,1992-07-19
4419,Real Time with Bill Maher,tv,"Each week Bill Maher surrounds himself with a panel of guests which include politicians, actors, comedians, musicians and the like to discuss what's going on in the world.",Comedy|Talk,Bill Maher,en,6.0,145.2286,2003-02-21
1981,Charmed,tv,"Three sisters (Prue, Piper and Phoebe) reunite and unlock their powers to become the Charmed Ones, the most powerful good witches of all time, whose prophesied destiny is to protect innocent lives from evil beings such as demons and warlocks. Each sister possesses unique magical powers that grow and evolve, while they attempt to maintain normal lives in modern day San Francisco. ",Comedy|Drama|Mystery|Sci-Fi & Fantasy,Holly Marie Combs|Alyssa Milano|Rose McGowan|Brian Krause|Kaley Cuoco,en,8.2,140.9573,1998-10-07
63247,Westworld,tv,"A dark odyssey about the dawn of artificial consciousness and the evolution of sin. Set at the intersection of the near future and the reimagined past, it explores a world in which every human appetite, no matter how noble or depraved, can be indulged.",Sci-Fi & Fantasy|Western,Evan Rachel Wood|Thandiwe Newton|Jeffrey Wright|Tessa Thompson|Aaron Paul|James Marsden|Angela Sarafyan|Ed Harris|Luke Hemsworth,en,8.012,133.3141,2016-10-02
57243,Doctor Who,tv,"The Doctor is a Time Lord: a 900 year old alien with 2 hearts, part of a gifted civilization who mastered time travel. The Doctor saves planets for a living—more of a hobby actually, and the Doctor's very, very good at it.",Action & Adventure|Drama|Sci-Fi & Fantasy,Jodie Whittaker|Mandip Gill|John Bishop,en,7.626,140.3172,2005-03-26
121,Doctor Who,tv,"The adventures of The Doctor, a time-traveling humanoid alien known as a Time Lord. He explores the universe in his TARDIS, a sentient time-traveling spaceship. Its exterior appears as a blue British police box, which was a common sight in Britain in 1963 when the series first aired. Along with a succession of companions, The Doctor faces a variety of foes while working to save civilizations, help ordinary people, and right many wrongs.",Drama|Action & Adventure|Sci-Fi & Fantasy,Sylvester McCoy|Sophie Aldred,en,7.91,135.1481,1963-11-23
75219,9-1-1,tv,"Explore the high-pressure experiences of police officers, paramedics and firefighters who are thrust into the most frightening, shocking and heart-stopping situations. These emergency responders must try to balance saving those who are at their most vulnerable with solving the problems in their own lives.",Drama|Crime|Action & Adventure,Angela Bassett|Jennifer Love Hewitt|Oliver Stark|Aisha Hinds|Kenneth Choi|Ryan Guzman|Corinne Massiah|Elijah M. Cooper,en,8.22,118.0476,2018-01-03
40605,Die Harald Schmidt Show,tv,"The Harald Schmidt Show is a German late night talk show hosted on Sky Deutschland by comedian Harald Schmidt. The show first aired from 5 December 1995 to 23 December 2003 on Sat.1. Schmidt then moved his show to Das Erste as Harald Schmidt and Schmidt & Pocher, but he returned to Sat.1 on 13 September 2011. After cancellation on Sat.1, the show continued on Sky Deutschland in September 2012.",Reality,Harald Schmidt|Manuel Andrack|Helmut Zerlett,de,7.4,138.8161,1995-12-05
81329,Chronicles of the Sun,tv,Claire is surprised when she gets arrested for the murder of her childhood friend after she returns to Montpellier.,Soap,Marthe Fieschi|Maéva El Aroussi|Auguste Yvon|Mélanie Robert|Marie-Clotilde Ramos-Ibanez|Stéphane Monpetit|Malik Elakehal El Miliani|Naïma Rodric|Benjamin Combettes|Charly Totterwitz,fr,6.6,134.1696,2018-08-27
1412,Arrow,tv,"Spoiled billionaire playboy Oliver Queen is missing and presumed dead when his yacht is lost at sea. He returns five years later a changed man, determined to clean up the city as a hooded vigilante armed with a bow.",Crime|Drama|Action & Adventure,Stephen Amell|David Ramsey|Rick Gonzalez|Juliana Harkavy|Katherine McNamara|Ben Lewis|Joseph David-Jones|Katie Cassidy,en,6.834,141.9238,2012-10-10
38693,Ninjago: Masters of Spinjitzu,tv,"When the fate of their world, Ninjago, is challenged by great threats, it's up to the ninja: Kai, Jay, Cole, Zane, Lloyd and Nya to save the world.",Animation|Action & Adventure|Sci-Fi & Fantasy|Comedy|Family|Kids,,en,7.97,196.1052,2012-01-11
4586,Gilmore Girls,tv,"Set in the charming town of Stars Hollow, Connecticut, the series follows the captivating lives of Lorelai and Rory Gilmore, a mother/daughter pair who have a relationship most people only dream of.",Comedy|Drama,Lauren Graham|Alexis Bledel|Scott Patterson|Melissa McCarthy|Keiko Agena|Yanic Truesdale|Liza Weil|Sean Gunn|Matt Czuchry|Kelly Bishop,en,7.89,133.3397,2000-10-05
1636,Top of the Pops,tv,"The biggest stars, the most iconic performances, the most outrageous outfits – it’s Britain’s number one pop show.",Reality,Richard Bacon|Fearne Cotton|Reggie Yates|Edith Bowman|Rufus Hound,en,6.6,142.1868,1964-01-01
3452,Frasier,tv,"After many years spent at the “Cheers” bar, Frasier moves back home to Seattle to work as a radio psychiatrist after his policeman father gets shot in the hip on duty.",Comedy|Family,Kelsey Grammer|Jane Leeves|David Hyde Pierce|Peri Gilpin|John Mahoney,en,7.697,133.5036,1993-09-16
37680,Suits,tv,"While running from a drug deal gone bad, Mike Ross, a brilliant young college-dropout, slips into a job interview with one of New York City's best legal closers, Harvey Specter. Tired of cookie-cutter law school grads, Harvey takes a gamble by hiring Mike on the spot after he recognizes his raw talent and photographic memory.",Drama,Gabriel Macht|Rick Hoffman|Sarah Rafferty|Amanda Schull|Dulé Hill|Katherine Heigl,en,8.22,143.5268,2011-06-23
298505,Coven Academy,tv,A coven protects their magic school from a dark fate.,Mystery|Drama|Comedy,Malina Weissman|Malachi Barton|Jordan Leftwich|Ora Duplass|Louis Thresher|Tiffani Thiessen|Devon Sawa,en,7.3,132.9512,2026-10-01
1435,The Good Wife,tv,Alicia Florrick boldly assumes full responsibility for her family and re-enters the workforce after her husband's very public sex and political corruption scandal lands him in jail.,Drama,Julianna Margulies|Christine Baranski|Matt Czuchry|Alan Cumming|Cush Jumbo|Jeffrey Dean Morgan,en,7.6,133.1225,2009-09-22
18165,The Vampire Diaries,tv,"The story of two vampire brothers obsessed with the same girl, who bears a striking resemblance to the beautiful but ruthless vampire they knew and loved in 1864.",Drama|Sci-Fi & Fantasy,Paul Wesley|Ian Somerhalder|Kat Graham|Candice King|Zach Roerig|Michael Malarkey|Matthew Davis,en,8.299,137.0105,2009-09-10
4607,Lost,tv,"Stripped of everything, the survivors of a horrific plane crash must work together to stay alive. But the island holds many secrets.",Mystery|Action & Adventure|Drama,Matthew Fox|Evangeline Lilly|Terry O'Quinn|Josh Holloway|Michael Emerson|Jorge Garcia|Naveen Andrews|Jeff Fahey|Henry Ian Cusick|Nestor Carbonell,en,7.961,134.8441,2004-09-22
4629,Stargate SG-1,tv,"The story of Stargate SG-1 begins about a year after the events of the feature film, when the United States government learns that an ancient alien device called the Stargate can access a network of such devices on a multitude of planets. SG-1 is an elite Air Force special operations team, one of more than two dozen teams from Earth who explore the galaxy and defend against alien threats such as the Goa'uld, Replicators, and the Ori.",Sci-Fi & Fantasy|Action & Adventure,Ben Browder|Amanda Tapping|Christopher Judge|Michael Shanks|Claudia Black|Beau Bridges,en,8.266,134.9184,1997-07-27
124364,FROM,tv,"Unravel the mystery of a nightmarish town in middle America that traps all those who enter. As the unwilling residents fight to keep a sense of normalcy and search for a way out, they must also survive the threats of the surrounding forest – including the terrifying creatures that come out when the sun goes down.",Mystery|Drama|Sci-Fi & Fantasy,Harold Perrineau|Catalina Sandino Moreno|Ricky He|David Alpay|Chloe Van Landschoot|Hannah Cheramy|Pegah Ghafoori|Simon Webster|Elizabeth Saunders|Avery Konrad,en,8.489,129.5183,2022-02-20
1402,The Walking Dead,tv,Sheriff's deputy Rick Grimes awakens from a coma to find a post-apocalyptic world dominated by flesh-eating zombies. He sets out to find his family and encounters many other survivors along the way.,Action & Adventure|Drama|Sci-Fi & Fantasy,Lauren Cohan|Norman Reedus|Jeffrey Dean Morgan|Melissa McBride|Christian Serratos|Seth Gilliam|Ross Marquand|Josh McDermitt|Khary Payton|Cooper Andrews,en,8.079,153.4513,2010-10-31
39351,Grimm,tv,"After Portland homicide detective Nick Burkhardt discovers he's descended from an elite line of criminal profilers known as ""Grimms,"" he increasingly finds his responsibilities as a detective at odds with his new responsibilities as a Grimm.",Drama|Mystery|Sci-Fi & Fantasy,David Giuntoli|Silas Weir Mitchell|Russell Hornsby|Sasha Roiz|Reggie Lee|Bree Turner|Claire Coffee|Elizabeth Tulloch,en,8.263,129.0377,2011-10-28
63174,Lucifer,tv,"Bored and unhappy as the Lord of Hell, Lucifer Morningstar abandoned his throne and retired to Los Angeles, where he has teamed up with LAPD detective Chloe Decker to take down criminals. But the longer he's away from the underworld, the greater the threat that the worst of humanity could escape.",Crime|Sci-Fi & Fantasy,Tom Ellis|Lauren German|Kevin Alejandro|D. B. Woodside|Lesley-Ann Brandt|Aimee Garcia|Rachael Harris|Brianna Hildebrand,en,8.429,133.8716,2016-01-25
76479,The Boys,tv,A group of vigilantes known informally as “The Boys” set out to take down corrupt superheroes with no more than blue-collar grit and a willingness to fight dirty.,Sci-Fi & Fantasy|Action & Adventure,Karl Urban|Jack Quaid|Antony Starr|Erin Moriarty|Laz Alonso|Chace Crawford|Tomer Capone|Karen Fukuhara|Nathan Mitchell|Colby Minifie,en,8.428,130.2088,2019-07-25
790,Agatha Christie's Poirot,tv,"From England to Egypt, accompanied by his elegant and trustworthy sidekicks, the intelligent yet eccentrically-refined Belgian detective Hercule Poirot pits his wits against a collection of first class deceptions.",Crime|Drama|Mystery,David Suchet,en,8.2,134.6987,1989-01-08
250307,The Pitt,tv,The staff of Pittsburgh's Trauma Medical Center work around the clock to save lives in an overcrowded and underfunded emergency department.,Drama,Noah Wyle|Patrick Ball|Katherine LaNasa|Supriya Ganesh|Fiona Dourif|Taylor Dearden|Isa Briones|Gerran Howell|Shabana Azeez|Sepideh Moafi,en,8.732,125.025,2025-01-09
112470,Ici tout commence,tv,"This television drama series is centered around the prestigious culinary school of renowned chef Auguste Armand. The show follows the lives of students and staff as they navigate the challenges and pressures of the culinary world—delving into their personal and professional lives, revealing secrets, rivalries, and complex relationships.",Soap|Drama,Aurélie Pons|Julie Sassoust|Rébecca Benhamour|Nicolas Anselmo|Catherine Davydzenka|Alizée Bochet|Sidney Cadot-Sambosi|Marvin Pellegrino|Pola Petrenko|Sarah Fitri,fr,6.8,120.25,2020-11-02
78648,Amazing Saturday,tv,"A group of hungry celebrities listen to poppin’ tunes, from recent hits to all-time-favorites, to correctly dictate a part of the lyrics.

The songs may sound familiar, but the part they must dictate are unclear to the naked ear, as the lyrics are slurred, muffled by strong beats, etc.

If they get the lyrics right, they get to share exquisite regional dishes. But if they get them wrong, a professional eater gobbles it up instead.",Comedy|Reality,Shin Dong-yup|Park Na-rae|Kim Dong-hyun|Lee Min-ho|Moon Se-yoon|Key|Hanhae|Taeyeon|Nucksal|P.O,ko,7.6,116.5813,2018-04-07
52910,Law of the Jungle,tv,"Law of the Jungle is a hybrid reality show combining elements of drama and documentary. The show is hosted by comedian Kim Byung Man, and each episode invites various celebrities from the various field. So far, many of idol stars and famous actors have appeared on the show. The show introduces viewers to exotic locations around the world where celebrities must work together in order to complete missions and survive. The cast celebrities travel to less habituated, natural places to survive on their own and experience life with local tribes and people. In each location, the guests are tasked to hunt and prepare their meals and also create shelter for the tribe. They sometimes confronted by many difficult challenges. Where will the tribe visit? And how will they survive on their own? Stay tuned to check out!",Reality,Kim Byung-man,ko,5.7,117.5553,2011-10-21
655,Star Trek: The Next Generation,tv,"Follow the intergalactic adventures of Capt. Jean-Luc Picard and his loyal crew aboard the all-new USS Enterprise NCC-1701D, as they explore new worlds.",Sci-Fi & Fantasy|Action & Adventure|Drama|Mystery,Patrick Stewart|Jonathan Frakes|Brent Spiner|LeVar Burton|Michael Dorn|Marina Sirtis|Gates McFadden,en,8.384,127.3477,1987-09-28
71712,The Good Doctor,tv,"Shaun Murphy, a young surgeon with autism and savant syndrome, relocates from a quiet country life to join a prestigious hospital's surgical unit. Unable to personally connect with those around him, Shaun uses his extraordinary medical gifts to save lives and challenge the skepticism of his colleagues.",Drama,Freddie Highmore|Fiona Gubelmann|Will Yun Lee|Christina Chang|Paige Spara|Bria Samoné Henderson|Noah Galvin|Chuku Modu|Richard Schiff,en,8.452,131.3097,2017-09-25
306114,Rififi,tv,"""RIFIFI"" is inspired by the notorious bank robbery that took place in Athens in 1992. Who carried it out and why? The authorities spoke of organized crime, terrorist groups, and highly educated, ruthless perpetrators. But was it really like that? Through the power of fiction, the new production by COSMOTE TV combines the biggest heist ever committed in Greece with a true story of human tragedy, creating a character-driven series full of emotion and strong elements of humor.",Crime|Drama|Comedy,Vassilis Haralambopoulos|Panos Vlahos|Prometheus Aleifer|Evaggelia Moumouri|Hristos Hatzipanagiotis|Vladimiros Kiriakidis|Dimos Gigantakis|Achilleas Zervas|Rania Papadakou,el,8.0,121.2151,2025-12-15
94997,House of the Dragon,tv,"The Targaryen dynasty is at the absolute apex of its power, with more than 15 dragons under their yoke. Most empires crumble from such heights. In the case of the Targaryens, their slow fall begins when King Viserys breaks with a century of tradition by naming his daughter Rhaenyra heir to the Iron Throne. But when Viserys later fathers a son, the court is shocked when Rhaenyra retains her status as his heir, and seeds of division sow friction across the realm.",Sci-Fi & Fantasy|Drama|Action & Adventure,Matt Smith|Emma D'Arcy|Olivia Cooke|James Norton|Steve Toussaint|Fabien Frankel|Matthew Needham|Sonoya Mizuno|Tom Glynn-Carney|Ewan Mitchell,en,8.38,132.2197,2022-08-21
8590,Plus belle la vie,tv,"The daily lives of the inhabitants of ""le Mistral"", an imaginary neighbourhood in the Mediterranean port city of Marseille, where wealthy families cross paths with the less than rich.",Drama|Comedy|Crime,Michel Cordes|Laurent Kerusoré|Éléonore Sarrazin|Cécilia Hornus|Rebecca Hampton|Anne Décis|Serge Dupire|Sylvie Flepp|Lisa Cipriani|Pauline Bression,fr,4.4,107.422,2004-08-30
1920,Twin Peaks,tv,The body of Laura Palmer is washed up on a beach near the small Washington state town of Twin Peaks. FBI Special Agent Dale Cooper is called in to investigate her strange demise only to uncover a web of mystery that ultimately leads him deep into the heart of the surrounding woodland and his very own soul.,Drama|Mystery,Kyle MacLachlan,en,8.3,114.0783,1990-04-08
2883,Dark Shadows,tv,"Dark Shadows is an American gothic soap opera that originally aired weekdays on the ABC television network, from June 27, 1966, to April 2, 1971. The show was created by Dan Curtis. The story bible, which was written by Art Wallace, does not mention any supernatural elements. It was unprecedented in daytime television when ghosts were introduced about six months after it began.

The series became hugely popular when vampire Barnabas Collins appeared a year into its run. Dark Shadows also featured werewolves, zombies, man-made monsters, witches, warlocks, time travel, and a parallel universe. A small company of actors each played many roles; indeed, as actors came and went, some characters were played by more than one actor. Major writers besides Art Wallace included Malcolm Marmorstein, Sam Hall, Gordon Russell, and Violet Welles.",Drama|Sci-Fi & Fantasy|Soap,Jonathan Frid|Grayson Hall|Nancy Barrett|David Selby|Joan Bennett|Lara Parker|David Henesy|Kathryn Leigh Scott|Thayer David|Roger Davis,en,7.339,105.0415,1966-06-27
71728,Young Sheldon,tv,"The early life of child genius Sheldon Cooper, later seen in The Big Bang Theory.",Comedy|Family|Drama,Iain Armitage|Zoe Perry|Lance Barber|Montana Jordan|Raegan Revord|Annie Potts|Emily Osment|Jim Parsons,en,8.027,127.5758,2017-09-25
2122,King of the Hill,tv,"Set in Texas, this animated series follows the life of propane salesman Hank Hill, who lives with his overly confident substitute Spanish teacher wife Peggy, wannabe comedian son Bobby, and naive niece Luanne. Hank has conservative views about God, family, and country, but his values and ethics are often challenged by the situations he, his family, and his beer-drinking neighbors/buddies find themselves in.",Animation|Comedy|Family,Mike Judge|Kathy Najimy|Pamela Adlon|Stephen Root|Lauren Tom|Toby Huss,en,7.403,134.0926,1997-01-12
71789,SEAL Team,tv,"Military drama following the professional and personal lives of the most elite unit of Navy SEALs as they train, plan and execute the most dangerous, high stakes missions our country can ask of them.",Action & Adventure|Drama|War & Politics,David Boreanaz|Neil Brown Jr.|A.J. Buckley|Toni Trucks|Beau Knapp|Tyler Grey|Justin Melnick|Raffi Barsoumian,en,8.038,121.0953,2017-09-27
1695,Monk,tv,"Adrian Monk was once a rising star with the San Francisco Police Department, legendary for using unconventional means to solve the department's most baffling cases. But after the tragic (and still unsolved) murder of his wife Trudy, he developed an extreme case of obsessive-compulsive disorder. Now working as a private consultant, Monk continues to investigate cases in the most unconventional ways.",Drama|Comedy|Crime|Mystery,Tony Shalhoub|Ted Levine|Jason Gray-Stanford|Traylor Howard,en,7.937,121.917,2002-07-12
873,Columbo,tv,"Columbo is a friendly, verbose, disheveled-looking police detective who is consistently underestimated by his suspects. Despite his unprepossessing appearance and apparent absentmindedness, he shrewdly solves all of his cases and secures all evidence needed for indictment. His formidable eye for detail and meticulously dedicated approach often become clear to the killer only late in the storyline.",Crime|Drama|Mystery,Peter Falk,en,8.066,127.2724,1971-09-15
1100,How I Met Your Mother,tv,A father recounts to his children - through a series of flashbacks - the journey he and his four best friends took leading up to him meeting their mother.,Comedy,Josh Radnor|Neil Patrick Harris|Jason Segel|Alyson Hannigan|Cobie Smulders|Cristin Milioti,en,8.116,124.8148,2005-09-19
2625,Diagnosis: Murder,tv,"Dr. Mark Sloan is a good-natured, offbeat physician who is called upon to solve murders.",Drama|Family|Mystery|Crime,Dick Van Dyke|Victoria Rowell|Charlie Schlatter|Barry Van Dyke,en,7.1,113.0337,1993-10-29
2035,20/20,tv,"20/20 is an American television newsmagazine that has been broadcast on ABC since June 6, 1978. Created by ABC News executive Roone Arledge, the show was designed similarly to CBS's 60 Minutes but focuses more on human interest stories than international and political subjects. The program's name derives from the ""20/20"" measurement of visual acuity.

The hour-long program has been a staple on Friday evenings for much of the time since it moved to that timeslot from Thursdays in September 1987, though special editions of the program occasionally air on other nights.",News|Documentary,,en,6.3,115.8671,1978-06-06
1508,Dancing with the Stars,tv,"The competition sees celebrities perform choreographed dance routines which are judged by a panel of renowned ballroom experts and voted on by viewers. Enjoy sizzling salsas, sambas and spray-tans as they vie for the coveted Mirrorball Trophy.",Reality|Family,Alfonso Ribeiro|Julianne Hough|Derek Hough|Carrie Ann Inaba|Bruno Tonioli,en,6.151,122.7097,2005-06-01
32726,Bob's Burgers,tv,"Bob's Burgers follows a third-generation restaurateur, Bob, as he runs Bob's Burgers with the help of his wife and their three kids. Bob and his quirky family have big ideas about burgers, but fall short on service and sophistication. Despite the greasy counters, lousy location and a dearth of customers, Bob and his family are determined to make Bob's Burgers ""grand re-re-re-opening"" a success.",Animation|Comedy,H. Jon Benjamin|John Roberts|Kristen Schaal|Eugene Mirman|Dan Mintz|Larry Murphy,en,7.837,122.9321,2011-01-09
73586,Yellowstone,tv,"Follow the violent world of the Dutton family, who controls the largest contiguous ranch in the United States. Led by their patriarch John Dutton, the family defends their property against constant attack by land developers, an Indian reservation, and America’s first National Park.",Western|Drama,Luke Grimes|Kelly Reilly|Wes Bentley|Cole Hauser|Kelsey Asbille|Brecken Merrill|Ryan Bingham|Finn Little|Ian Bohen|Forrie J. Smith,en,8.273,121.9462,2018-06-20
1411,Person of Interest,tv,"John Reese, former CIA paramilitary operative, is presumed dead and teams up with reclusive billionaire Finch to prevent violent crimes in New York City by initiating their own type of justice. With the special training that Reese has had in Covert Operations and Finch's genius software inventing mind, the two are a perfect match for the job that they have to complete. With the help of surveillance equipment, they work ""outside the law"" and get the right criminal behind bars. ",Action & Adventure|Crime|Sci-Fi & Fantasy,Jim Caviezel|Michael Emerson|Kevin Chapman|Amy Acker|Sarah Shahi,en,8.098,100.023,2011-09-22
210081,Sherri,tv,"Sherri Shepherd, actress, comic, and Emmy Award-winning longtime co-host of ""The View"", appears before a live audience with a daily dose of pop culture, comedy, conversations, and daytime talk staples, including celebrity and human interest interviews.",Talk,Sherri Shepherd|Rolonda Watts,en,2.6,119.1818,2022-09-12
280926,Boron,tv,"Righteous Tithi has to endure the harsh consequences of spoilt brat Rudrik's actions. but when two souls at war get untied in martrimony, will they find love?",Drama|Family|Comedy,Indrani Paul|Sushmit Mukherjee|Priya Mondal|Kushal Chakraborty,bn,0.0,123.4283,2021-04-05
10160,Big Brother,tv,"American version of the reality game show which follows a group of HouseGuests living together 24 hours a day in the ""Big Brother"" house, isolated from the outside world but under constant surveillance with no privacy for three months.",Reality,Julie Chen|Clayton Halsey,en,4.8,116.7613,2000-07-05
4239,Married... with Children,tv,"Al Bundy is an unsuccessful middle aged shoe salesman with a miserable life and an equally dysfunctional family. He hates his job, his wife is lazy, his son is dysfunctional (especially with women), and his daughter is dim-witted and promiscuous.",Comedy,Ed O'Neill|Katey Sagal|Amanda Bearse|Christina Applegate|David Faustino|Ted McGinley,en,7.7,119.4393,1987-04-05
37678,The Voice,tv,"The strongest vocalists from across the United states compete in a blockbusters vocal competition, the winner becomes “The Voice.” The show's innovative format features four stages of competition: the blind auditions, the battle rounds, the knockouts and, finally, the live performance shows.",Reality,Carson Daly|Adam Levine|Kelly Clarkson|Queen Latifah|Riley Green,en,5.9,116.8968,2011-04-26
111979,Leute heute,tv,,News,,de,5.2,117.3097,1997-07-23
258165,East of Eden,tv,"In the early 1900s, a fiercely independent woman drives a rift between two brothers, igniting a saga that unfolds across two generations.",Drama,Florence Pugh|Christopher Abbott|Mike Faist|Hoon Lee|Ciarán Hinds|Joseph Zada|Costa D'Angelo,en,7.9,109.9896,2026-10-01
269,One Tree Hill,tv,"In Tree Hill, North Carolina two half brothers share a last name and nothing else. Brooding, blue-collar Lucas is a talented street-side basketball player, but his skills are appreciated only by his friends at the river court. Popular, affluent Nathan basks in the hero-worship of the town, as the star of his high school team. And both boys are the son of former college ball player Dan Scott whose long ago choice to abandon Lucas and his mother Karen, will haunt him long into his life with wife Deb and their son Nathan.",Drama,James Lafferty|Bethany Joy Lenz|Sophia Bush|Austin Nichols|Robert Buckley|Shantel VanSanten|Jackson Brundage|Lee Norris|Lisa Goldstein Kirsch|Stephen Colletti,en,7.812,122.2484,2003-09-23
60059,Better Call Saul,tv,"Six years before Saul Goodman meets Walter White. We meet him when the man who will become Saul Goodman is known as Jimmy McGill, a small-time lawyer searching for his destiny, and, more immediately, hustling to make ends meet. Working alongside, and, often, against Jimmy, is “fixer” Mike Ehrmantraut. The series tracks Jimmy’s transformation into Saul Goodman, the man who puts “criminal” in “criminal lawyer"".",Crime|Drama,Bob Odenkirk|Jonathan Banks|Rhea Seehorn|Tony Dalton|Giancarlo Esposito,en,8.716,112.2821,2015-02-08
48891,Brooklyn Nine-Nine,tv,"A single-camera ensemble comedy following the lives of an eclectic group of detectives in a New York precinct, including one slacker who is forced to shape up when he gets a new boss.",Comedy|Crime,Andy Samberg|Melissa Fumero|Terry Crews|Joe Lo Truglio|Stephanie Beatriz|Andre Braugher|Dirk Blocker|Joel McKinnon Miller,en,8.208,112.539,2013-09-17
82588,Köln 50667,tv,"The show is set in the city of Cologne and follows the lives of a group of young people in their twenties and thirties. The characters work, live, and love in the city, and the show focuses on their relationships, dramas, and personal struggles.",Drama|Soap,Christoph Oberheide,de,0.0,111.1828,2013-01-07
66465,The Kapil Sharma Show,tv,"Kapil Sharma is back with his gang - Bindu, Chandan and 'mohalle ki dhoban' Gudiya. In tow is a new character, Maski, along with Goli, Roopmati and more! Enjoy guaranteed laughter with Kapil and his antics as different celebrities join in.",Comedy|Talk,Kapil Sharma|Archana Puran Singh|Krishna Abhishek|Kiku Sharda|Sumona Chakravarti,hi,7.0,110.1738,2016-04-23
2025,"Beverly Hills, 90210",tv,"Follow the lives of a group of teenagers living in the upscale, star-studded community of Beverly Hills, California and attending the fictitious West Beverly Hills High School and, subsequently, the fictitious California University after graduation.",Drama,Jennie Garth|Ian Ziering|Luke Perry|Brian Austin Green|Tori Spelling|Vincent Young|Lindsay Price|Daniel Cosgrove,en,7.287,111.3906,1990-10-04
1705,Fringe,tv,"FBI Special Agent Olivia Dunham, brilliant but formerly institutionalized scientist Walter Bishop and his scheming, reluctant son Peter uncover a deadly mystery involving a series of unbelievable events and realize they may be a part of a larger, more disturbing pattern that blurs the line between science fiction and technology.",Sci-Fi & Fantasy|Drama|Mystery,Anna Torv|Joshua Jackson|Jasika Nicole|John Noble,en,8.132,110.8234,2008-09-09
40663,AIBOU: Tokyo Detective Duo,tv,"Detective Ukyo Sugishita confronts crime on the basis of his own convictions. He has a partner that works for him in the Special Task Unit. For the first 7 seasons, Ukyo’s first partner is Kaoru Kameyama. He is a good-natured, hot-tempered, straightforward and somewhat scattered detective. Beginning in Season 8, Takeru Kanbe replaces Kameyama. Contrary to his predecessor, Takeru is a lanky, cool, conceited and confident detective. From Season 11 to Season 13, Ukyo’s partner is a young detective Toru Kai. Toru is a son of Deputy Director-General of The National Police Agency. But he became a detective by his own effort. And starting with Season 14, Ukyo’s current partner is Wataru Kaburagi, an elite bureaucrat who came to the Metropolitan Police Department on temporary assignment. As the first partner without any career of a police officer, he will face challenging cases together with Ukyo.",Drama|Crime|Mystery,Yutaka Mizutani|Takashi Yamanaka|Kazuhisa Kawahara|Atsushi Yamanishi|Ryuji Katagiri|Ryo Ono|Mitsuhiro Oikawa,ja,7.5,111.9744,2002-10-09
14610,Secret Lives,tv,Salatut elämät (Secret Lives) is a Finnish television soap opera that premiered on MTV3 on 25 January 1999. The series' storylines follow the daily lives of several families who live in the same apartment block in Helsinki.,Soap|Drama,,fi,4.2,109.6865,1999-01-25
4556,Scrubs,tv,"In the unreal world of Sacred Heart Hospital, John ""J.D."" Dorian learns the ways of medicine, friendship and life.",Comedy,Zach Braff|Donald Faison|John C. McGinley|Eliza Coupe|Kerry Bishé|Michael Mosley|Dave Franco,en,8.2,114.1929,2001-10-02
1855,Star Trek: Voyager,tv,"Pulled to the far side of the galaxy, where the Federation is 75 years away at maximum warp speed, a Starfleet ship must cooperate with Maquis rebels to find a way home.",Sci-Fi & Fantasy|Drama|Action & Adventure,Kate Mulgrew|Robert Beltran|Roxann Dawson|Robert Duncan McNeill|Ethan Phillips|Robert Picardo|Tim Russ|Jeri Ryan|Garrett Wang,en,7.8,116.2445,1995-01-16
15260,Adventure Time,tv,"Young Finn and his shape-shifting dog buddy, Jake, go on a series of surreal adventures as they journey through the postapocalyptic Land of Ooo.",Animation|Comedy|Sci-Fi & Fantasy,Jeremy Shada|John DiMaggio|Tom Kenny|Hynden Walch|Olivia Olson|Niki Yang|Pendleton Ward|Polly Lou Livingston,en,8.508,112.4134,2010-04-05
615,Futurama,tv,"The adventures of a late-20th-century New York City pizza delivery boy, Philip J. Fry, who, after being unwittingly cryogenically frozen for one thousand years, finds employment at Planet Express, an interplanetary delivery company in the retro-futuristic 31st century.",Animation|Comedy|Sci-Fi & Fantasy,Billy West|Katey Sagal|John DiMaggio|Tress MacNeille|Maurice LaMarche|Lauren Tom|Phil LaMarr|David Herman,en,8.365,109.7571,1999-03-28
12225,Peppa Pig,tv,"Peppa Pig is an energetic piggy who lives with Mummy, Daddy, and little brother George. She loves to jump in mud puddles and make loud snorting noises.",Animation|Kids,John Sparkes|Morwenna Banks|Richard Ridings|Amelie Bea Smith|Alice May|Frances White|David Rintoul|David Graham|Sarah Ann Kennedy|Kira Monteith,en,6.5,110.6116,2004-05-31
44217,Vikings,tv,"The adventures of Ragnar Lothbrok, the greatest hero of his age. The series tells the sagas of Ragnar's band of Viking brothers and his family, as he rises to become King of the Viking tribes. As well as being a fearless warrior, Ragnar embodies the Norse traditions of devotion to the gods. Legend has it that he was a direct descendant of Odin, the god of war and warriors.",Action & Adventure|Drama|War & Politics,Alex Høgh Andersen|Jordan Patrick Smith|Marco Ilsø|Peter Franzén|Georgia Hirst|Danila Kozlovsky,en,8.102,107.6894,2013-03-03
6744,The Merv Griffin Show,tv,,Talk,Merv Griffin,en,6.8,105.6611,1962-10-01
91555,All Elite Wrestling: Dynamite,tv,A world-class roster of diverse male and female wrestlers give fans a new wrestling experience for the first time in 20 years.,Action & Adventure|Drama,,en,7.893,109.7737,2019-10-02
236235,The Gentlemen,tv,"When aristocratic Eddie inherits the family estate, he discovers that it's home to an enormous weed empire — and its proprietors aren't going anywhere.",Comedy|Drama|Crime,Theo James|Kaya Scodelario|Daniel Ings|Joely Richardson|Vinnie Jones|Giancarlo Esposito|Benedetta Porcaroli,en,7.873,110.9915,2024-03-07
41956,Death in Paradise,tv,A brilliant but idiosyncratic British detective and his resourceful local team solve baffling murder mysteries on the fictional Caribbean island of Saint Marie.,Comedy|Crime|Drama|Mystery,Don Warrington|Élisabeth Bourgine|Shantol Jackson|Don Gilet|Shaquille Ali-Yebuah|Catherine Garton,en,7.4,109.1414,2011-10-25
2710,It's Always Sunny in Philadelphia,tv,"Four egocentric friends run a neighborhood Irish pub in Philadelphia and try to find their way through the adult world of work and relationships. Unfortunately, their warped views and precarious judgments often lead them to trouble, creating a myriad of uncomfortable situations that usually only get worse before they get better.",Comedy,Charlie Day|Glenn Howerton|Rob Mac|Kaitlin Olson|Danny DeVito,en,8.254,109.0649,2005-08-04
14750,Na Wspólnej,tv,"Na Wspólnej is a Polish soap opera. It has been running since 2003 on the TVN channel as its flagship primetime weekday soap opera. It is loosely based on the German production Unter Uns and it follows the lives of the inhabitants of an apartment block in Wspólna Street, Warsaw. Episodes tend to last around 20 minutes. It is a Polish version of the Hungarian ""Barátok közt"".

The series is shot almost entirely in Warsaw and produced by the Polish branch of Freemantle Media. On 9 September 2008 it celebrated its 1000th episode; ""Na Wspólnej"" was the fourth Polish television series ever to achieve such status. A special episode was broadcast in which characters from some other of TVN's most popular shows visited Wspólna Street.",Soap,Sylwia Gliwa|Bożena Dykiel|Mieczysław Hryniewicz|Anna Korcz|Robert Kudelski|Grażyna Wolszczak|Michał Tomala|Waldemar Obłoza|Kazimierz Mazur|Joanna Jabłczyńska,pl,5.0,106.2031,2003-01-27
1877,Phineas and Ferb,tv,"Each day, two kindhearted suburban stepbrothers on summer vacation embark on some grand new project, which annoys their controlling sister, Candace, who tries to bust them. Meanwhile, their pet platypus plots against evil Dr. Doofenshmirtz.",Animation|Comedy|Family|Sci-Fi & Fantasy,Vincent Martella|David Errigo Jr.|Ashley French|Caroline Rhea|Dee Bradley Baker|Alyson Stoner|Dan Povenmire|Jeff 'Swampy' Marsh,en,7.887,107.5086,2007-08-17
60622,Fargo,tv,"A close-knit anthology series dealing with stories involving malice, violence and murder based in and around Minnesota.",Crime|Drama,Juno Temple|Jennifer Jason Leigh|David Rysdahl|Joe Keery|Lamorne Morris|Richa Shukla Moorjani|Sam Spruell|Sienna King|Dave Foley|Jon Hamm,en,8.289,107.0117,2014-04-15
35007,The Daily Fable,tv,"Fabeltjeskrant [ 'faːbəɫcəskrɑnt] is a Dutch children's television series featuring puppetry and stop motion. Created in 1968 by Leen Valkenier and produced by Thijs Chanowski and Loek de Levita, it ended in 1989 and was broadcast on the Dutch channels NOS, RTL 4 and RTL 8 and on Belgian channel VRT. From 1973 to 1975 it was broadcast also in the United Kingdom, on ITV, with the title The Daily Fable.",Kids,Frans van Dusschoten|Ger Smit|Elsje Scherjon,nl,8.0,106.747,1968-09-29
4546,Curb Your Enthusiasm,tv,"The off-kilter, unscripted comic vision of Larry David, who plays himself in a parallel universe in which he can't seem to do anything right, and, by his standards, neither can anyone else.",Comedy,Larry David|Jeff Garlin|Susie Essman|Cheryl Hines|JB Smoove,en,8.051,105.6606,2000-10-15
31991,WWE NXT,tv,Wrestlers will portray heroes or villains as they follow a series of events that build tension and culminate in a wrestling match or series of matches.,Action & Adventure|Drama|Reality,,en,6.655,104.8068,2010-02-23
224,Match of the Day,tv,"BBC's football highlights and analysis.

""The longest-running football television programme in the world"" as recognised by Guinness World Records in 2015.",Talk|News,,en,7.6,104.4571,1964-08-22
2354,Home and Away,tv,"Home and Away is set in the fictional town of Summer Bay, a coastal town in New South Wales, and follows the personal and professional lives of the people living in the area. The show initially focused on the Fletcher family, Pippa and Tom Fletcher and their five foster children Frank Morgan, Carly Morris, Steven Matheson, Lynn Davenport and Sally Keating, who would go on to become one of the show's longest-running characters. The show also originally and currently focuses on the Stewart family. Home and Away had proved popular when it premiered in 1988 and had risen to become a hit in Australia, and after only a few weeks, the show tackled its first major and disturbing storyline, the rape of Carly Morris; it was one of the first shows to feature such storylines during the early timeslot. H&A has tackled many adult-themed and controversial storylines; something rarely found in its restricted timeslot.",Drama|Soap,Ray Meagher|Ada Nicodemou|Emily Symons|Shane Withington|James Stewart|Ethan Browne|Nicholas Cartwright|Adam Rowland|Stephanie Panozzo|Emily Weir,en,6.4,104.0557,1988-01-18
3091,Family Affairs,tv,Focuses on the lives of residents in the fictional London suburb of Charnham.,Drama|Soap,Richard Hawley|Florence Hoath|Nicola Duffett|Gareth Hale|Ebony Thomas|Kazia Pelka|Kate Williams|Gary Webster|Rebecca Hunter|Leah Coombes,en,3.7,103.5583,1997-03-30
39272,Once Upon a Time,tv,"There is a town in Maine where every story book character you've ever known is trapped between two worlds, victims of a powerful curse. Only one knows the truth and only one can break the spell.",Drama|Sci-Fi & Fantasy,Lana Parrilla|Colin O'Donoghue|Robert Carlyle|Gabrielle Anwar|Dania Ramirez|Mekia Cox|Andrew J. West|Alison Fernández,en,7.395,103.4903,2011-10-23
4467,Late Night with David Letterman,tv,"Late Night with David Letterman is a nightly hour-long comedy talk show on NBC that was created and hosted by David Letterman. It premiered in 1982 as the first incarnation of the Late Night franchise and went off the air in 1993, after Letterman left NBC and moved to Late Show on CBS. Late Night with Conan O'Brien then filled the time slot. As of March 2, 2009, the slot has been filled by Late Night with Jimmy Fallon. It will be filled by Seth Meyers in the spring of 2014, after Fallon becomes host of The Tonight Show.",Comedy|Talk,David Letterman,en,6.1,103.4644,1982-02-01
1685,Project Runway,tv,"Aspiring fashion designers compete for a chance to break into the industry. Each week, a designer is eliminated from the competition after exhibiting their work in front of a judges' panel.",Reality,Nina Garcia,en,6.3,103.163,2004-12-01
67136,This Is Us,tv,"Follows the lives and families of three adults living and growing up in the United States of America in present and past times. As their paths cross and their life stories intertwine in curious ways, we find that several of them share the same birthday - and so much more than anyone would expect.",Drama,Milo Ventimiglia|Mandy Moore|Sterling K. Brown|Chrissy Metz|Justin Hartley|Susan Kelechi Watson|Chris Sullivan|Jon Huertas,en,8.2,102.7933,2016-09-20
1639,Heroes,tv,Common people discover that they have super powers. Their lives intertwine as a devastating event must be prevented.,Sci-Fi & Fantasy|Drama,Zachary Quinto|Hayden Panettiere|Milo Ventimiglia|Masi Oka|Jack Coleman|Adrian Pasdar|Greg Grunberg|Sendhil Ramamurthy|Ali Larter|Robert Knepper,en,7.441,99.6052,2006-09-25
56570,Outlander,tv,"The story of Claire Randall, a married combat nurse from 1945 who is mysteriously swept back in time to 1743, where she is immediately thrown into an unknown world where her life is threatened. When she is forced to marry Jamie, a chivalrous and romantic young Scottish warrior, a passionate affair is ignited that tears Claire's heart between two vastly different men in two irreconcilable lives.",Drama|Sci-Fi & Fantasy,Caitríona Balfe|Sam Heughan|Sophie Skelton|Richard Rankin|John Bell|David Berry|Charles Vandervaart|Izzy Meikle-Small,en,8.199,102.6531,2014-08-09
14686,Alles was zählt,tv,"Alles was zählt is a German television soap opera first broadcast on RTL on September 4, 2006. The original plot revolved around Diana Sommer's dream to become a world class ice skater. She fell in love with Julian Herzog, who signed her at the prestigious Steinkamp Sport and Wellness Center, run by the unscrupulous Steinkamp dynasty. Diana and Julian eventually became a couple, but in November 2007, Julian suffered a brain hemorrhage and died during their wedding. Diana remained in Essen until January 2009, when she left to join a skating centre in Halle. The story continues to revolve around the Steinkamp Sport and Wellness Centre and its quest to become a sporting powerhouse, as well as the lives of the characters who work at and around the Centre.",Soap|Drama,Silvan-Pierre Leirich|Tatjana Clasing|André Dietz|Sam Eisenstein|Igor Dolgatschew|Julia Augustin|Lars Korten,de,4.9,97.6801,2006-09-04
21561,The Outer Limits,tv,"Anthology series composed of distinct story episodes, sometimes with a plot twist at the end, with occasional recurring story elements that were often tied together during season-finale clip shows.",Drama|Sci-Fi & Fantasy,,en,7.709,91.52,1995-03-26
129552,The Night Agent,tv,"Brought together by a midnight phone call, an FBI agent and a cybersecurity expert must unravel an ever-growing web of political conspiracies.",Action & Adventure|Drama|Mystery,Gabriel Basso|Fola Evans-Akingbola|Louis Herthum|Genesis Rodriguez|Albert Jones|Ward Horton|David Lyons|Jennifer Morrison|Stephen Moyer|Callum Vinson,en,7.69,110.2495,2023-03-23
95,Buffy the Vampire Slayer,tv,"Into every generation a slayer is born: one girl in all the world, a chosen one. She alone will wield the strength and skill to fight the vampires, demons, and the forces of darkness; to stop the spread of their evil and the swell of their number. She is the Slayer.",Comedy|Drama|Sci-Fi & Fantasy,Sarah Michelle Gellar|Nicholas Brendon|Alyson Hannigan|Emma Caulfield|Michelle Trachtenberg|James Marsters,en,8.1,102.7894,1997-03-10
6809,El hormiguero,tv,"El Hormiguero is a Spanish television program with a live audience focusing on comedy, science, and politics running since September 2006. It is hosted and produced by screenwriter Pablo Motos. The show aired on Spain's Cuatro channel from launch until June 2011 and is now broadcast on Antena 3. Recurring guests on the show include Luis Piedrahita, Raquel Martos, Marron & ""The Man in Black"", and puppet ants Trancas and Barrancas. It has proved a ratings success, and has expanded from a weekly 120-minute show to a daily 40-minute show in its third season, which began on September 17, 2007. The show won the Entertainment prize at the 2009 Rose d'Or ceremony.",Comedy|Talk,Pablo Motos|Juan Ibáñez Pérez|Damián Mollá,es,4.7,102.8585,2006-09-24
60574,Peaky Blinders,tv,"A gangster family epic set in 1919 Birmingham, England and centered on a gang who sew razor blades in the peaks of their caps, and their fierce boss Tommy Shelby, who means to move up in the world.",Drama|Crime,Cillian Murphy|Paul Anderson|Sophie Rundle|Natasha O'Keeffe,en,8.525,100.6476,2013-09-12
288027,Sohag Chand,tv,"Love conquers all: a curvy girl, a fit guy, pure fun.",Drama,Anwesha Mukhopadhyay|Abhishek Veer Sharma|Rohit Mukherjee|Tanuka Chatterjee|Poushmita Goswami,bn,0.0,98.7658,2022-11-28
153312,Tulsa King,tv,"New York mafia capo Dwight ""The General"" Manfredi is released from prison after 25 years and exiled by his boss to set up shop in Tulsa, Oklahoma. Realizing that his mob family may not have his best interests in mind, Dwight slowly builds a crew.",Crime|Drama|Comedy,Sylvester Stallone|Martin Starr|Jay Will|Vincent Piazza|Annabella Sciorra|Chris Caldovino|McKenna Quigley Harrington|Frank Grillo|Michael Walden|James Russo,en,8.3,101.8055,2022-11-13
276074,Paaru,tv,"Paaru, a simple girl, is in awe of Ahilya Devi, a tycoon who commands respect from others around her. A misunderstanding occurs when their paths cross, prompting Paaru to win Ahilya Devi over.",Drama,Sharayu Sonawane|Prasad Jawade|Mugdha Karnik|Vijay Patwardhan|Sanjana Kale,mr,0.0,112.4185,2024-02-12
1104,Mad Men,tv,"Set in 1960-1970 New York, this sexy, stylized and provocative drama follows the lives of the ruthlessly competitive men and women of Madison Avenue advertising.",Drama,Jon Hamm|Elisabeth Moss|Vincent Kartheiser|January Jones|Christina Hendricks|Aaron Staton|Rich Sommer|Kiernan Shipka|Kevin Rahm|Christopher Stanley,en,8.124,99.5943,2007-07-19
70558,NPR Tiny Desk Concerts,tv,"Intimate musical performances, recorded live at the desk of All Songs Considered host Bob Boilen.",,,en,7.0,99.0672,2008-04-22
2458,CSI: NY,tv,"Follow the investigations of a team of NYPD forensic scientists and police officers identified as ""Crime Scene Investigators"".",Crime|Drama|Mystery,Gary Sinise|Anna Belknap|Sela Ward|Carmine Giovinazzo|Hill Harper|Eddie Cahill|Robert Joy|A.J. Buckley|Lester G. Reynolds,en,7.317,98.5095,2004-09-22
6467,Chicago Hope,tv,"Chicago Hope is an American medical drama television series, created by David E. Kelley. It ran on CBS from September 18, 1994, to May 4, 2000. The series is set in a fictional private charity hospital in Chicago, Illinois.",Soap|Drama,Adam Arkin|Mark Harmon|Héctor Elizondo|Rocky Carroll|Lauren Holly|Barbara Hershey|Mandy Patinkin|Carla Gugino,en,7.2,102.1761,1994-09-18
2518,The Tonight Show with Jay Leno,tv,Jay Leno hosts some of the biggest celebrities in the world.,Talk|Comedy,Jay Leno,en,5.347,100.4069,1992-05-25
84958,Loki,tv,"After stealing the Tesseract during the events of “Avengers: Endgame,” an alternate version of Loki is brought to the mysterious Time Variance Authority, a bureaucratic organization that exists outside of time and space and monitors the timeline. They give Loki a choice: face being erased from existence due to being a “time variant” or help fix the timeline and stop a greater threat.",Drama|Sci-Fi & Fantasy,Tom Hiddleston|Sophia Di Martino|Gugu Mbatha-Raw|Wunmi Mosaku|Eugene Cordero|Ke Huy Quan|Owen Wilson|Jonathan Majors,en,8.178,101.2147,2021-06-09
90,Mayday,tv,"Major real-life air disasters are depicted in this series. Each episode features a detailed dramatized reconstruction of the incident based on cockpit voice recorders and air traffic control transcripts, as well as eyewitnesses recounts and interviews with aviation experts.",Documentary|Drama|Crime,Stephen Bogaert,en,8.2,99.1247,2003-09-03
1823,The Love Boat,tv,"Passengers who search for romantic nights aboard a beautiful ship travelling to tropical or mysterious countries, decide to pass their vacation aboard the ""Love Boat"", where Gopher, Dr. Bricker, Isaac, Julie, and Captain Stubing try their best to please them, and sometimes help them fall in love. Things are not always so easy, but in the end, love wins.",Drama|Comedy,Gavin MacLeod|Bernie Kopell|Ted Lange|Lauren Tewes|Jill Whelan|Ted McGinley|Marion Ross,en,6.3,98.2087,1977-09-24
106449,A Record of a Mortal's Journey to Immortality,tv,"A poor and ordinary boy from a village joins a minor sect in Jiang Hu and becomes an Unofficial Disciple by chance. How will Han Li, a commoner by birth, establish a foothold for himself in his sect? With his mediocre aptitude, he must successfully traverse the treacherous path of cultivation and avoid the notice of those who may do him harm. This is a story of an ordinary mortal who, against all odds, clashes with devilish demons and ancient celestials in order to find his own path towards immortality.",Animation|Action & Adventure|Drama,Qian Wenqing|Ireine Song|Li Shimeng|Xu Jiaqi|Yang Mo|Gu Jiangshan|Qiao Shiyu|Zhang Fuzheng|Liangwei Hu|Liu Rui,zh,8.4,97.9927,2020-07-25
1422,The Middle,tv,"The daily mishaps of a married woman and her semi-dysfunctional family and their attempts to survive life in general in the city of Orson, Indiana.",Comedy,Patricia Heaton|Neil Flynn|Charlie McDermott|Eden Sher|Atticus Shaffer,en,7.573,98.5911,2009-09-30
580,Star Trek: Deep Space Nine,tv,"At Deep Space Nine, a space station located next to a wormhole in the vicinity of the liberated planet of Bajor, Commander Sisko and crew welcome alien visitors, root out evildoers and solve all types of unexpected problems that come their way.",Sci-Fi & Fantasy|Action & Adventure|Drama,Avery Brooks|Nana Visitor|Colm Meaney|Michael Dorn|Alexander Siddig|Cirroc Lofton|Armin Shimerman|René Auberjonois|Nicole De Boer,en,7.91,97.7433,1993-01-03
1447,Psych,tv,"Thanks to his police officer father's efforts, Shawn Spencer spent his childhood developing a keen eye for detail (and a lasting dislike of his dad). Years later, Shawn's frequent tips to the police lead to him being falsely accused of a crime he solved.

Now, Shawn has no choice but to use his abilities to perpetuate his cover story: psychic crime-solving powers, all the while dragging his best friend, his dad, and the police along for the ride.",Drama|Comedy|Crime,James Roday Rodriguez|Dulé Hill|Timothy Omundson|Maggie Lawson|Kirsten Nelson|Corbin Bernsen,en,7.894,100.595,2006-07-07
32895,Rizzoli & Isles,tv,"Perhaps their strikingly different personalities make the relationship between detective Jane Rizzoli and medical examiner Maura Isles so effective. Jane, the only female cop in Boston's homicide division, is tough, relentless and rarely lets her guard down, while the impeccably dressed Maura displays a sometimes icy temperament — she is, after all, more comfortable among the dead than the living. Together, the best friends have forged a quirky and supportive relationship; they drop the protective shield in each other's company, and combine their expertise to solve Boston's most complex cases.",Crime|Drama|Mystery|Comedy,Angie Harmon|Sasha Alexander|Jordan Bridges|Bruce McGill|Lorraine Bracco|Idara Victor|Adam Sinclair,en,7.9,93.5537,2010-07-12
1622,Supernatural,tv,"When they were boys, Sam and Dean Winchester lost their mother to a mysterious and demonic supernatural force. Subsequently, their father raised them to be soldiers. He taught them about the paranormal evil that lives in the dark corners and on the back roads of America ... and he taught them how to kill it. Now, the Winchester brothers crisscross the country in their '67 Chevy Impala, battling every kind of supernatural threat they encounter along the way. ",Drama|Mystery|Sci-Fi & Fantasy,Jared Padalecki|Jensen Ackles|Misha Collins,en,8.3,304.1638,2005-09-13
498,Late Show with David Letterman,tv,"David Letterman uses mature humor to appeal to his audience in this weeknight series, which gets its music from a house band led by Paul Shaffer. Among the show's most-famous segments are the Top Ten List and Stupid Pet Tricks, the latter of which subsequently led to an additional recurring segment called Stupid Human Tricks.",Talk|Comedy,David Letterman|Paul Shaffer|Alan Kalter,en,6.5,288.4812,1993-08-30
15226,C.I.D.,tv,"A team of dedicated men and women in the Crime Investigation Department will risk everything to solve Mumbai's toughest, most complicated crimes.",Action & Adventure|Crime|Drama|Mystery,Shivaji Satham|Aditya Srivastava|Dayanand Shetty|Narendra Gupta|Parul Rai|Saumya Saraswat Lol|Ansha Sayed|Hrishikesh Pandey|Ajay Nagrath,hi,5.7,313.8608,1998-01-21
247718,MobLand,tv,Two mob families clash in a war that threatens to topple empires and lives.,Crime|Drama,Tom Hardy|Pierce Brosnan|Paddy Considine|Joanne Froggatt|Lara Pulver|Anson Boon|Mandeep Dhillon|Jasmine Jobson|Teddie Allen|Emmett J. Scanlan,en,8.465,293.0284,2025-03-30
1431,CSI: Crime Scene Investigation,tv,"A Las Vegas team of forensic investigators are trained to solve criminal cases by scouring the crime scene, collecting irrefutable evidence and finding the missing pieces that solve the mystery.",Crime|Drama|Mystery,Ted Danson|George Eads|Jorja Fox|Eric Szmanda|Robert David Hall|Wallace Langham|Jon Wellner|Elisabeth Harnois|Elisabeth Shue|David Berman,en,7.605,294.3747,2000-10-06
14424,Young Hearts,tv,"Malhação is a Brazilian television series for the teenage audience. The soap started in 1995, and was set in a fictional Gym Club called Malhação on Barra da Tijuca, Rio de Janeiro. Through the years the location varied slightly. Although the name of the soap remains the same, it is now set in the Múltipla Escolha High School.",Soap|Comedy|Drama,Alanis Guillen|Pedro Novaes|Palomma Duarte|Joaquim Lopes|Roger Gobeth|Tato Gabus Mendes|Mariana Santos|Henri Castelli|Roberto Bomtempo|Karine Teles,pt,6.295,284.8585,1995-04-24
4057,Criminal Minds,tv,"An elite team of FBI profilers analyze the country's most twisted criminal minds, anticipating their next moves before they strike again. The Behavioral Analysis Unit's most experienced agent is David Rossi, a founding member of the BAU who returns to help the team solve new cases.",Crime|Drama|Mystery,Joe Mantegna|Paget Brewster|Adam Rodriguez|Kirsten Vangsness|A.J. Cook|Aisha Tyler|Zach Gilford|Ryan-James Hatanaka,en,8.295,271.1041,2005-09-22
1433,American Dad!,tv,"The series focuses on an eccentric motley crew that is the Smith family and their three housemates: Father, husband, and breadwinner Stan Smith; his better half housewife, Francine Smith; their college-aged daughter, Hayley Smith; and their high-school-aged son, Steve Smith. Outside of the Smith family, there are three additional main characters, including Hayley's boyfriend turned husband, Jeff Fischer; the family's man-in-a-goldfish-body pet, Klaus; and most notably the family's zany alien, Roger, who is ""full of masquerades, brazenness, and shocking antics.""",Animation|Comedy,Seth MacFarlane|Wendy Schaal|Rachael MacFarlane|Scott Grimes|Dee Bradley Baker,en,7.023,276.0893,2005-02-06
4614,NCIS,tv,"From murder and espionage to terrorism and stolen submarines, a team of special agents investigates any crime that has any connection to Navy and Marine Corps personnel, regardless of rank or position.",Crime|Drama|Action & Adventure,Sean Murray|Wilmer Valderrama|Katrina Law|Brian Dietzen|Diona Reasonover|Gary Cole|Michael Weatherly,en,7.6,268.3777,2003-09-23
10536,The Mike Douglas Show,tv,"The Mike Douglas Show is an American daytime television talk show hosted by Mike Douglas that originally aired only in the Cleveland area during much of its first two years on the air. It then went into syndication in 1963 and remained on television until 1982. It was distributed by Westinghouse Broadcasting and for much of its run, originated from studios of two of the company's TV stations in Cleveland and Philadelphia.",Comedy|Talk,Mike Douglas,en,5.8,253.388,1961-12-11
1413,American Horror Story,tv,"An anthology horror drama series centering on different characters and locations, including a house with a murderous past, an asylum, a witch coven, a freak show, a hotel, a farmhouse in Roanoke, a cult, the apocalypse and a summer camp.",Drama|Mystery|Sci-Fi & Fantasy,Sarah Paulson|Evan Peters|Angela Bassett|Kathy Bates|Emma Roberts|Billie Lourd|Gabourey Sidibe|Leslie Grossman|Joey Pollari|Jessica Lange,en,8.076,217.5028,2011-10-05
4656,Raw,tv,"A regularly scheduled, live, year-round program featuring some of the biggest WWE Superstars.",Reality,,en,6.781,251.0689,1993-01-11
97546,Ted Lasso,tv,"Ted Lasso, an American football coach, moves to England when he's hired to manage a soccer team—despite having no experience. With cynical players and a doubtful town, will he get them to see the Ted Lasso Way?",Drama|Comedy,Jason Sudeikis|Hannah Waddingham|Jeremy Swift|Brett Goldstein|Brendan Hunt|Juno Temple|Tanya Reynolds|Rex Hayes|Jude Mack|Aisling Sharkey,en,8.365,249.4324,2020-08-14
95350,Lanterns,tv,"Two intergalactic cops, new recruit John Stewart and Lantern legend Hal Jordan, are drawn into a dark, Earth-based mystery as they investigate a murder in the American heartland.",Drama|Mystery|Sci-Fi & Fantasy,Kyle Chandler|Aaron Pierre|Kelly Macdonald,en,8.379,251.603,2026-08-16
79744,The Rookie,tv,"Starting over isn't easy, especially for small-town guy John Nolan who, after a life-altering incident, is pursuing his dream of being an LAPD officer. As the force's oldest rookie, he's met with skepticism from some higher-ups who see him as just a walking midlife crisis.",Crime|Drama|Comedy,Nathan Fillion|Melissa O'Neil|Eric Winter|Alyssa Diaz|Mekia Cox|Richard T. Jones|Shawn Ashmore|Jenna Dewan|Lisseth Chavez|Deric Augustine,en,8.5,258.6386,2018-10-16
64189,NDR Talk Show,tv,,Talk,,de,6.6,93.123,1979-02-09
63639,The Expanse,tv,A thriller set two hundred years in the future following the case of a missing young woman who brings a hardened detective and a rogue ship's captain together in a race across the solar system to expose the greatest conspiracy in human history.,Drama|Mystery|Sci-Fi & Fantasy,Steven Strait|Dominique Tipper|Wes Chatham|Shohreh Aghdashloo|Frankie Adams|Cara Gee|Nadine Nicole|Keon Alexander|Jasai Chase-Owens,en,8.072,93.1741,2015-12-14
42009,Black Mirror,tv,"Twisted tales run wild in this mind-bending anthology series that reveals humanity's worst traits, greatest innovations and more.",Sci-Fi & Fantasy|Drama|Mystery,,en,8.293,93.3702,2011-12-04
2261,The Tonight Show Starring Johnny Carson,tv,"The Tonight Show Starring Johnny Carson is a talk show hosted by Johnny Carson under The Tonight Show franchise from 1962 to 1992. It originally aired during late-night. For its first ten years, Carson's Tonight Show was based in New York City with occasional trips to Burbank, California; in May 1972, the show moved permanently to Burbank, California. In 2002, The Tonight Show Starring Johnny Carson was ranked #12 on TV Guide's 50 Greatest TV Shows of All Time.",Talk,Johnny Carson,en,7.562,552.1219,1962-10-01
63770,The Late Show with Stephen Colbert,tv,"Stephen Colbert brings his signature satire and comedy to The Late Show with Stephen Colbert, the #1 show in late night, where he talks with an eclectic mix of guests about what is new and relevant in the worlds of politics, entertainment, business, music, technology, and more. Featuring bandleader Jon Batiste with his band Stay Human, the Emmy Award-nominated show is broadcast from the historic Ed Sullivan Theater.",Comedy|Talk,Stephen Colbert,en,6.1,563.1193,2015-09-08
59941,The Tonight Show Starring Jimmy Fallon,tv,"After Jay Leno's second retirement from the program, Jimmy Fallon stepped in as his permanent replacement. After 42 years in Los Angeles the program was brought back to New York.",Comedy|Talk,Jimmy Fallon|Steve Higgins,en,5.791,591.4209,2014-02-17
22980,Watch What Happens Live with Andy Cohen,tv,Bravo network executive Andy Cohen discusses pop culture topics with celebrities and reality show personalities.,Talk|Comedy,Andy Cohen,en,5.01,615.2583,2009-07-16
91759,Come Home Love: Lo and Behold,tv,"Hung Sue Gan starting from the bottom, established his own logistics company, which is now running smoothly. His only concern now are his three daughters. His eldest daughter has immigrated overseas. His second daughter Hung Yeuk Shui has reached the marriageable age, but has no hopes for marriage anytime soon. She is constantly bickering with her younger sister Hung Sum Yue, who is an honour student, over trivial matters, causing their father to not know whether to laugh or cry. Hung Sue Yan, Hung Sue Gan's brother, moves in with the family, temporarily ending his life as a nomadic photographer. He joins Hung Yeuk Shui's company and encounters Ko Pak Fei, the director of an online shop. The two appear to be former lovers, making for lots of laughter. Since Hung Sue Yan moved in, a series of strange events have occurred in the family. Upon investigation, the source is traced to Lung Ging Fung, a promising young man who is the son of department store mogul Lung Gam Wai.",Family|Comedy|Drama,Danny Lau Dan|Pal Sinn Lap-Man|Joyce Tang Lai-Ming|Koni Lui|Stanley Cheung|Angela Tong Ying-Ying|Kalok Chow|Gu Pui Ling|Andrew Chan|Ricco Ng,cn,5.4,1230.269,2017-02-20
82873,The Kelly Clarkson Show,tv,"Kelly Clarkson presents the biggest newsmakers and names in film, television and music; as well as emerging new talent and everyday people who are beacons of hope in their communities.",Talk,Kelly Clarkson,en,6.2,293.3094,2019-09-09
1477712,Ice Cream Man,movie,An idyllic summer town descends into madness when an ice cream man serves kids sweet delights with horrifying results.,Comedy|Horror|Thriller,Ari Millen|Charlie Zeltzer|Shiloh O’Reilly|Kiori Mirza Waldman|Sarah Abbott|Benjamin Byron Davis|Karen Cliche|Dylan Hawco|Eli Roth|Lorenzo Antonucci,en,4.891,126.472,2026-08-03
299534,Avengers: Endgame,movie,"After the devastating events of Avengers: Infinity War, the universe is in ruins due to the efforts of the Mad Titan, Thanos. With the help of remaining allies, the Avengers must assemble once more in order to undo Thanos' actions and restore order to the universe once and for all, no matter what consequences may be in store.",Adventure|Science Fiction|Action,Robert Downey Jr.|Chris Evans|Mark Ruffalo|Chris Hemsworth|Scarlett Johansson|Jeremy Renner|Josh Brolin|Don Cheadle|Paul Rudd|Benedict Cumberbatch,en,8.245,118.2286,2019-04-24
1482547,Zip Wire,movie,"When her ground-breaking pharmaceutical discovery is stolen and partner murdered, researcher Amy must face her fear of heights to escape nefarious attackers, with the only path to salvation being a treacherous aerial runway. To outsmart the mysterious hostiles, she has to summon every ounce of courage to protect the world-changing scientific discovery — and herself — before it's too late.",Action|Thriller,MyAnna Buring|Joseph Millson|Saffron Burrows|Michael Amariah|Silvia Presente,en,7.936,125.8614,2026-08-31
1607127,One Last Shot,movie,"Navy Seal Jake Harris must stop a team of mercenaries, led by his disillusioned former comrade, from disabling the US missile defense network.",Action|Thriller,Scott Adkins|Steven Cree|Hannah Ware|Dolph Lundgren|Kane Kosugi|Neil Linpow|Ray Fearon|Tom Dunne|Michel Curiel|Tom Leigh,en,7.484,107.354,2026-09-22
1108427,Moana,movie,"Teenage Moana answers the Ocean's call and, for the first time, voyages beyond the reef of her island of Motunui with infamous demigod Maui on an unforgettable journey to restore prosperity to her people.",Family|Fantasy|Comedy|Adventure,Catherine Lagaʻaia|Dwayne Johnson|Rena Owen|John Tui|Frankie Adams|Jemaine Clement|Emma Puahi-Shapazian|Amaya Masoli|Sam Puefua|Sione Milford,en,7.414,113.1153,2026-07-08
687163,Project Hail Mary,movie,"Science teacher Ryland Grace wakes up on a spaceship light years from home with no recollection of who he is or how he got there. As his memory returns, he begins to uncover his mission: solve the riddle of the mysterious substance causing the sun to die out. He must call on his scientific knowledge and unorthodox ideas to save everything on Earth from extinction.",Science Fiction|Adventure,Ryan Gosling|Sandra Hüller|James Ortiz|Lionel Boyce|Milana Vayntrub|Ken Leung|Priya Kansara|Mia Soteriou|Annelle Olaleye|Maya Eva Hosein,en,8.641,98.1788,2026-03-15
1083381,Backrooms,movie,A strange doorway appears in the basement of a furniture showroom.,Horror|Mystery|Science Fiction,Chiwetel Ejiofor|Renate Reinsve|Finn Bennett|Lukita Maxwell|Mark Duplass|Avan Jogia|Robert Bobroczkyi|Ember Ambrose|Krista Kosonen|Philip Granger,en,7.02,104.0576,2026-05-27
1315772,Minions & Monsters,movie,"This is the rambunctious, ridiculous and totally true story of how the Minions conquered Hollywood, became movie stars, lost everything, unleashed monsters onto the world and then banded together to try and save the planet from the mayhem they had just created.",Adventure|Animation|Comedy|Family|Fantasy,Pierre Coffin|Trey Parker|Christoph Waltz|Allison Janney|Jesse Eisenberg|Jeff Bridges|Zoey Deutch|Bobby Moynihan|Phil LaMarr|George Lucas,en,7.549,97.6746,2026-06-24
1003596,Avengers: Doomsday,movie,Beloved heroes from three distinct universes are set on a deadly collision course and face an existential threat unlike anything they've ever encountered.,Science Fiction|Action|Adventure,Robert Downey Jr.|Chris Evans|Chris Hemsworth|Pedro Pascal|Paul Rudd|Anthony Mackie|Florence Pugh|Vanessa Kirby|Ebon Moss-Bachrach|Wyatt Russell,en,0.0,94.2574,2026-12-16
1340102,Lion Fist,movie,"Martial arts fighter Joe goes to prison for four years and takes his wife's blame for a drug bust. After his release, he learns that his son needs expensive surgery because of a life-threatening tumor. Joe's only chance to save him: a brutal all-styles tournament with a $100,000 prize.",Action,Mathis Landwehr|Li Yanlong|Kurt McKinney|Keith Cooke|Brice Akuesson|David Yeung|Gary Daniels|Finja Martens|Kai Fung Rieck|Lionel Lowe,en,7.758,103.8813,2026-09-10
299536,Avengers: Infinity War,movie,"As the Avengers and their allies have continued to protect the world from threats too large for any one hero to handle, a new danger has emerged from the cosmic shadows: Thanos. A despot of intergalactic infamy, his goal is to collect all six Infinity Stones, artifacts of unimaginable power, and use them to inflict his twisted will on all of reality. Everything the Avengers have fought for has led up to this moment - the fate of Earth and existence itself has never been more uncertain.",Adventure|Action|Science Fiction,Robert Downey Jr.|Chris Evans|Chris Hemsworth|Josh Brolin|Mark Ruffalo|Scarlett Johansson|Don Cheadle|Benedict Cumberbatch|Tom Holland|Chadwick Boseman,en,8.245,92.0234,2018-04-25
755898,War of the Worlds,movie,"Will Radford is a top analyst for Homeland Security who tracks potential threats through a mass surveillance program, until one day an attack by an unknown entity leads him to question whether the government is hiding something from him... and from the rest of the world.",Science Fiction|Thriller,Ice Cube|Eva Longoria|Clark Gregg|Iman Benson|Henry Hunter Hall|Devon Bostick|Andrea Savage|Nicole Pulliam|Michael O'Neill|Jim Meskimen,en,4.036,101.9744,2025-07-29
30723,Cavegirl,movie,"On a class excursion to a cave with stone age paintings the clumsy Rex gets lost. A mysterious crystal opens a gateway in time and sets him back to the stone ages, where he meets a group of prehistoric fellows and the gorgeous Eba. While teaching her English and doing some pseudo-research on her fellows, his main goal is to get her sleeping with him. However the curiosity of the clan chief disturbs his attempts.",Comedy,Daniel Roebuck|Cynthia Thompson|Darren Young|Saba Moor-Doucette|Jeff Chayette|Charles Mitchell|Cynthia Rullo|Tom Hamil|Bill Adams|Bill Sehres,en,3.9,108.5305,1985-05-01
1375441,Primetime,movie,"In 2006, To Catch a Predator host Chris Hansen sets out to make television history. When a high stakes operation goes fatally wrong, his veneered dream of fame curdles into a nightmare of performative justice.",Thriller|Drama,Robert Pattinson|Skyler Gisondo|Merritt Wever|Phoebe Bridgers|Matthew Maher|Bokeem Woodbine|Alex Winter|Anna Faris|Eric Rahill|Bill Heck,en,6.982,79.9785,2026-09-23
82976,The Novices,movie,"Sister Agnès runs away from her convent in Brittany and seeks refuge in Paris with prostitute Mona Lisa. With absolutely no qualifications, the young novice has a hard job finding work, so Mona Lisa tries to teach her the ropes of the oldest profession of them all!",Comedy|Drama,Brigitte Bardot|Annie Girardot|Jacques Duby|Jean Carmet|Jess Hahn|Jacques Jouanneau|Noël Roquevert|Dominique Zardi|Angelo Bardi|Lucien Barjon,fr,4.8,73.8953,1970-04-01
1084242,Zootopia 2,movie,"After cracking the biggest case in Zootopia's history, rookie cops Judy Hopps and Nick Wilde find themselves on the twisting trail of a great mystery when Gary De'Snake arrives and turns the animal metropolis upside down. To crack the case, Judy and Nick must go undercover to unexpected new parts of town, where their growing partnership is tested like never before.",Animation|Adventure|Comedy|Mystery|Family,Ginnifer Goodwin|Jason Bateman|Ke Huy Quan|Fortune Feimster|Andy Samberg|David Strathairn|Idris Elba|Shakira|Patrick Warburton|Quinta Brunson,en,7.669,85.9919,2025-11-26
1423191,Resident Evil,movie,"Medical courier Bryan unwittingly finds himself fighting for survival as one fateful, horrifying night collapses around him in chaos.",Horror|Science Fiction|Adventure,Austin Abrams|Paul Walter Hauser|Kali Reis|Zach Cherry|Johnno Wilson|Shaun W. Loeser|Zach Cregger|Emily Piggford|Will Merrick|Zoé Bellas,en,7.3,397.2336,2026-09-16
1368337,The Odyssey,movie,"Odysseus, the legendary King of Ithaca, embarks on a long and perilous journey home following the Trojan War. Throughout his voyage, he is forced to confront the whims of gods, mythological monsters, and trials that stretch both his cunning and his humanity to the breaking point.",Adventure|Action|Fantasy,Matt Damon|Tom Holland|Anne Hathaway|Robert Pattinson|Himesh Patel|Charlize Theron|John Leguizamo|Travis Scott|Corey Hawkins|Jarreth J. Merz,en,8.012,313.748,2026-07-15
1204680,Coyote vs. Acme,movie,"After Acme products fail him one too many times in his dogged pursuit of the Roadrunner, Wile E. Coyote decides to hire a billboard lawyer to sue the Acme Corporation.",Comedy|Adventure|Family,Will Forte|Lana Condor|John Cena|Tone Bell|Martha Kelly|Luis Guzmán|P.J. Byrne|John Early|Nancy Linehan Charles|Kenneth Choi,en,7.531,297.6229,2026-08-17
1377237,Runner,movie,"A former soldier is thrown into a brutal race against time when a critical medical delivery makes him and his unlikely partner the targets of a ruthless cartel. As the mission spirals into a deadly manhunt, every detour, delay, and bullet pushes them closer to failure. With betrayal closing in from every side, they must survive the chase and deliver their cargo to save the life of a little girl.",Action|Comedy,Alan Ritchson|Owen Wilson|Rodrigo Santoro|Leila George|Kate Box|Peta Sergeant|Cecilia Toussaint|Geraldine Hakewill|Goran D. Kleut|Scarlett Crabtree,en,8.273,289.7676,2026-09-07
1228834,The Fix,movie,"Disillusioned by the end of the war in Afghanistan, a group of disgraced, war-torn ex-CIA operatives set out to Tehran to take down a life-changing score.",Action|Thriller,Zachary Levi|Liam Neeson|Wes Chatham|Titus Welliver|Navid Negahban|Annet Mahendru|Grant Harvey|Augusto Aguilera|Numan Acar|Elnaaz Norouzi,en,7.106,283.0181,2026-09-10
1101383,The End of Oak Street,movie,"After a mysterious cosmic event rips Oak Street from suburbia and transports their neighborhood to someplace unknown, the Platt family soon discovers that their very survival depends on them sticking together as they navigate their now unrecognizable surroundings.",Science Fiction|Mystery|Thriller,Anne Hathaway|Ewan McGregor|Maisy Stella|Christian Convery|Jordan Alexa Davis|P.J. Byrne|Hudson Meek|Anne Gee Byrd|Emily Kuroda|Simms May,en,7.042,230.9484,2026-08-12
1751701,After Impact,movie,"After losing his father, Ethan Nichols inherits one of the largest greenhouses in the country, just as the world faces a devastating threat from an approaching asteroid. As society begins to unravel, Ethan grapples with personal betrayal, overwhelming loneliness, and the growing fear that survival may come at the cost of his humanity. Seeking refuge in his family’s bunker, Ethan endures the harsh aftermath of the impact, wrestling with physical injury and emotional despair. When a faint voice crackles over his radio, Ethan discovers he's not as alone as he believed.",Science Fiction|Drama|Thriller,Michiel Rensen|Maxie Li|Riki Antonievich|Will Clague|Stephanie Ramlose|Lee-Ann Dirks|James Crompton|Moehau Hodges-Tai|Lisa Zhang|Karlton Laing,en,6.4,251.1729,2026-09-15
1248832,Digger,movie,The most powerful man in the world embarks on a frantic mission to prove he is humanity's savior before the disaster he's unleashed destroys everything.,Comedy|Drama,Tom Cruise|Riz Ahmed|John Goodman|Sandra Hüller|Michael Stuhlbarg|Jesse Plemons|Robert John Burke|Emma D'Arcy|Burn Gorman|Sophie Wilde,en,7.416,215.8388,2026-09-28
1032863,The Love Hypothesis,movie,"Olive Smith, a biology PhD candidate, and Dr. Adam Carlsen, a hotshot professor and well-known tyrant, enter into a fake relationship, seeing each of their carefully calculated theories on love get thrown into chaos.",Romance|Comedy,Lili Reinhart|Tom Bateman|Rachel Marsh|Jaboukie Young-White|Nicholas Duvernay|Arty Froushan|Jeananne Goossen|Aladeen Tawfeek|Kenny Wong|Daniel Brochu,en,8.047,199.0851,2026-09-23
1294189,The Mongoose,movie,"A falsely accused war hero with nothing to lose leads police on an epic televised cross-country car chase, helped by members of his former Special Forces Army battalion and closely monitored by a fascinated public rooting for his safe getaway.",Action|Thriller,Liam Neeson|Marisa Tomei|Ving Rhames|Michael Chiklis|Brett Tucker|Stella Stocker|Hamish Michael|Toby Truslove|Eddie Baroo|Maurice Marvel Meredith,en,0.0,204.1741,2026-10-29
460458,Resident Evil: Welcome to Raccoon City,movie,"Once the booming home of pharmaceutical giant Umbrella Corporation, Raccoon City is now a dying Midwestern town. The company’s exodus left the city a wasteland…with great evil brewing below the surface. When that evil is unleashed, the townspeople are forever…changed…and a small group of survivors must work together to uncover the truth behind Umbrella and make it through the night.",Action|Horror|Science Fiction,Kaya Scodelario|Hannah John-Kamen|Robbie Amell|Tom Hopper|Avan Jogia|Donal Logue|Neal McDonough|Lily Gao|Chad Rook|Marina Mazepa,en,5.941,200.5242,2021-11-24
1375646,Colony,movie,"Professor Se-jeong is thrust into a bloody nightmare when a rapidly mutating virus is released during a biotech conference causing authorities to seal the facility. Trapped inside with no escape, Se-jeong along with a small group of survivors must fight to stay alive while the infected undergo horrific transformations.",Horror|Action|Science Fiction,Gianna Jun|Koo Kyo-hwan|Ji Chang-wook|Kim Shin-rock|Shin Hyun-been|Go Soo|Lee Joong-ok|Kim Jong-tae|Hwang Jae-yeol|Lee Dam-hee,ko,8.1,172.5396,2026-05-21
977942,The Uprising,movie,"As war and plague devastate 14th-century England, a humble peasant ignites a rebellion, uniting an army of commoners to defy the King’s might in a desperate fight for justice and survival.",History|Drama,Andrew Garfield|Jamie Bell|Stephen Dillane|Woody Norman|Tom Hollander|Cosmo Jarvis|Thomasin McKenzie|Jonny Lee Miller|Katherine Waterston|Stanley Townsend,en,7.883,171.1571,2026-09-10
1288445,Mutiny,movie,"After witnessing his billionaire boss' murder and being framed for the crime, Cole Reed boards a cargo ship on a one-man crusade to avenge his boss' death only to discover an international conspiracy.",Action|Thriller,Jason Statham|Annabelle Wallis|Roland Møller|Ramon Tikaram|Arnas Fedaravičius|Jason Wong|Adrian Lester|Chaneil Kular|Andrew John Tait|Simon Kluth,en,7.4,167.9124,2026-08-19
1084244,Toy Story 5,movie,"When Bonnie receives a Lilypad tablet as a gift and becomes obsessed, Buzz, Woody, Jessie and the rest of the gang's jobs become exponentially harder when they have to go head to head with the all-new threat to playtime.",Animation|Family|Comedy|Adventure,Joan Cusack|Tom Hanks|Tim Allen|Conan O'Brien|Scarlett Spears|Greta Lee|Shelby Rabara|Mykal-Michelle Harris|Craig Robinson|Jay Hernandez,en,8.318,166.6596,2026-06-17
1422011,It Ends,movie,"A group of recent grads head out on a late night drive for grub, hoping to enjoy one final hangout before their paths diverge. Instead, they accidentally turn onto a never-ending, two-lane hellscape surrounded by untold horrors and cosmic forces beyond their understanding. Cramped together inside a Jeep Cherokee and with the miles stretching infinitely ahead, they face a choice: embrace their new existence or fight to escape it.",Horror|Mystery,Phinehas Yoon|Akira Jackson|Noah Toth|Mitchell Cole|Jenny Doyle|Jon Linstad|Ian Weir|Alexander Ullom|Antonio Andrés Rosello|Dakota Shiver,en,5.675,127.2772,2026-08-21
383498,Deadpool 2,movie,Wisecracking mercenary Deadpool battles the evil and powerful Cable and other bad guys to save a boy's life.,Action|Comedy|Adventure,Ryan Reynolds|Josh Brolin|Morena Baccarin|Julian Dennison|Zazie Beetz|T.J. Miller|Leslie Uggams|Karan Soni|Brianna Hildebrand|Jack Kesy,en,7.488,29.7528,2018-05-15
38757,Tangled,movie,"Feisty teenager Rapunzel, who has long and magical hair, wants to go and see sky lanterns on her eighteenth birthday, but she's bound to a tower by her overprotective mother. She strikes a deal with Flynn Rider, a charming wanted thief, and the duo set off on an action-packed escapade.",Animation|Family|Adventure,Mandy Moore|Zachary Levi|Donna Murphy|Ron Perlman|M.C. Gainey|Jeffrey Tambor|Brad Garrett|Paul F. Tompkins|Richard Kiel|Delaney Rose Stein,en,7.617,26.4798,2010-11-24
1380291,Tom Clancy's Jack Ryan: Ghost War,movie,"Jack Ryan is reluctantly pulled back into espionage when an international covert mission unravels a deadly conspiracy. Racing against time, he joins CIA allies Mike November & James Greer and sharp MI6 officer Emma Marlowe to battle a rogue black-ops unit in a high-stakes, deeply personal fight.",Action|Thriller,John Krasinski|Wendell Pierce|Sienna Miller|Michael Kelly|Max Beesley|Betty Gabriel|JJ Feild|Douglas Hodge|Dominic Mafham|Alex Brockdorff,en,6.9,32.7208,2026-05-20
272,Batman Begins,movie,"Driven by tragedy, billionaire Bruce Wayne dedicates his life to uncovering and defeating the corruption that plagues his home, Gotham City.  Unable to work within the system, he instead creates a new identity, a symbol of fear for the criminal underworld - The Batman.",Drama|Crime|Action,Christian Bale|Michael Caine|Liam Neeson|Katie Holmes|Gary Oldman|Cillian Murphy|Tom Wilkinson|Rutger Hauer|Ken Watanabe|Mark Boone Junior,en,7.73,33.5938,2005-06-10
1380417,By Any Means,movie,"In 1960s Mississippi, a young Black FBI agent is forced to partner with a notorious mafia hitman to investigate a wave of brutal civil rights murders.",History|Crime|Drama,Yahya Abdul-Mateen II|Mark Wahlberg|Nicole Beharie|Josh Lucas|David Strathairn|Giancarlo Esposito|Ethan Embry|LisaGay Hamilton|LaChanze|Biko Eisen-Martin,en,7.558,30.8796,2026-09-02
6435,Practical Magic,movie,"Sally and Gillian Owens, born into a magical family, have mostly avoided witchcraft themselves. But when Gillian's vicious boyfriend, Jimmy Angelov, dies unexpectedly, the Owens sisters give themselves a crash course in hard magic. With policeman Gary Hallet growing suspicious, the girls struggle to resurrect Angelov -- and unwittingly inject his corpse with an evil spirit that threatens to end their family line.",Romance|Fantasy|Comedy,Sandra Bullock|Nicole Kidman|Stockard Channing|Dianne Wiest|Goran Višnjić|Aidan Quinn|Evan Rachel Wood|Alexandra Artrip|Mark Feuerstein|Caprice Benedetti,en,6.813,31.1837,1998-10-16
810,Shrek the Third,movie,"After the King of Far Far Away dies, Shrek and Fiona are to succede. However, Shrek wants to return to his cozy swamp and live in peace and quiet, so when he finds out there is another heir to the throne, he and Donkey set off to bring him back to rule the kingdom.",Fantasy|Adventure|Animation|Comedy|Family,Mike Myers|Eddie Murphy|Cameron Diaz|Antonio Banderas|Julie Andrews|John Cleese|Rupert Everett|Eric Idle|Justin Timberlake|Susanne Blakeslee,en,6.315,33.0447,2007-05-17
49051,The Hobbit: An Unexpected Journey,movie,"Bilbo Baggins, a hobbit enjoying his quiet life, is swept into an epic quest by Gandalf the Grey and thirteen dwarves who seek to reclaim their mountain home from Smaug, the dragon.",Adventure|Fantasy|Action,Martin Freeman|Ian McKellen|Richard Armitage|James Nesbitt|Ken Stott|Sylvester McCoy|Barry Humphries|Dean O'Gorman|Aidan Turner|Graham McTavish,en,7.383,31.2021,2012-12-12
948,Halloween,movie,"Fifteen years after murdering his sister on Halloween Night 1963, Michael Myers escapes from a mental hospital and returns to the small town of Haddonfield, Illinois to kill again.",Horror|Thriller,Donald Pleasence|Jamie Lee Curtis|Nancy Kyes|P. J. Soles|Charles Cyphers|Kyle Richards|Brian Andrews|John Michael Graham|Nancy Stephens|Arthur Malet,en,7.558,28.4224,1978-10-24
198663,The Maze Runner,movie,"A teenager with no memory of his past finds himself among a group of boys living in a walled enclosure surrounded by a massive, ever-changing maze. As he struggles to adapt to their rules and society, he begins to uncover clues that may lead to escape and the truth behind their confinement.",Action|Mystery|Science Fiction|Thriller,Dylan O'Brien|Kaya Scodelario|Thomas Brodie-Sangster|Ki Hong Lee|Will Poulter|Aml Ameen|Patricia Clarkson|Blake Cooper|Dexter Darden|Jacob Latimore,en,7.19,30.6813,2014-09-10
2062,Ratatouille,movie,"In one of Paris's finest restaurants, Remy, a determined young rat, dreams of becoming a renowned French chef. Torn between his family's wishes and his true calling, Remy and his pal Linguini set in motion a hilarious chain of events that turns the City of Lights upside down.",Animation|Comedy|Family|Fantasy,Patton Oswalt|Lou Romano|Ian Holm|Brian Dennehy|Peter Sohn|Peter O'Toole|Brad Garrett|Janeane Garofalo|Will Arnett|Julius Callahan,en,7.848,30.3886,2007-06-28
71578,Desnudos,movie,"A gentle artist contends with his cheating girlfriend, and an innocent girl longs to break free from an abusive relationship. When fate brings these two lovelorn people together, true love finally blossoms.",Drama|Romance,Karyme Lozano|Juan Vidal|Rafael Amaya|Carmen Rodríguez|Angélica Aragón|Isabel Madow|Julio Camejo|Cynthia Klitbo|Sebastián Ligarde|Jorge da Silva,es,3.9,31.004,2004-10-22
1433367,One Night Only,movie,Two love-starved strangers crash into each other on the one night of the year when single people are allowed to have sex.,Romance|Comedy,Monica Barbaro|Callum Turner|Maya Hawke|King Princess|Molly Ringwald|LeVar Burton|Charlie Gillespie|Quintessa Swindell|Mateo Ray Garcia|Okieriete Onaodowan,en,6.4,30.9106,2026-08-06
10192,Shrek Forever After,movie,"A midlife-crisis burdened Shrek, longing for the days of when he felt like a real ogre, makes a pact with magic deal-maker Rumpelstiltskin. But when he's duped and sent to a twisted version of Far Far Away—where Rumpelstiltskin is king, ogres are hunted, and he and Fiona have never met—he sets out to restore his world and reclaim his true love.",Comedy|Adventure|Fantasy|Animation|Family,Mike Myers|Eddie Murphy|Cameron Diaz|Antonio Banderas|Walt Dohrn|Julie Andrews|John Cleese|Jon Hamm|Jane Lynch|Craig Robinson,en,6.415,30.841,2010-05-16
429617,Spider-Man: Far From Home,movie,"Peter Parker and his friends go on a summer trip to Europe. However, they will hardly be able to rest - Peter will have to agree to help Nick Fury uncover the mystery of creatures that cause natural disasters and destruction throughout the continent.",Action|Adventure|Science Fiction,Tom Holland|Jake Gyllenhaal|Samuel L. Jackson|Marisa Tomei|Jon Favreau|Zendaya|Jacob Batalon|Tony Revolori|Angourie Rice|Remy Hii,en,7.39,32.0934,2019-06-28
1400837,Other Mommy,movie,"Young Bela forms a relationship with a sinister entity in her home that looks uncannily like her own mother, drawing her into a terrifying and increasingly dark world.",Horror,Jessica Chastain|Arabella Olivia Clark|Jay Duplass|Dichen Lachman|Arian Moayed|Karen Allen|Sean Kaufman|Adam Silver|Carrie Dimaculangan|Travis Nelson,en,0.0,29.9864,2026-10-07
10193,Toy Story 3,movie,"Woody, Buzz, and the rest of Andy's toys haven't been played with in years. With Andy about to go to college, the gang find themselves accidentally left at a nefarious day care center. The toys must band together to escape and return home to Andy.",Animation|Family|Comedy,Tom Hanks|Tim Allen|Joan Cusack|Don Rickles|Wallace Shawn|John Ratzenberger|Estelle Harris|Blake Clark|Jeff Pidgeon|Ned Beatty,en,7.817,32.1763,2010-06-16
286217,The Martian,movie,"During a manned mission to Mars, Astronaut Mark Watney is presumed dead after a fierce storm and left behind by his crew. But Watney has survived and finds himself stranded and alone on the hostile planet. With only meager supplies, he must draw upon his ingenuity, wit and spirit to subsist and find a way to signal to Earth that he is alive.",Science Fiction|Drama|Adventure,Matt Damon|Jessica Chastain|Kristen Wiig|Jeff Daniels|Michael Peña|Sean Bean|Kate Mara|Sebastian Stan|Aksel Hennie|Chiwetel Ejiofor,en,7.708,37.8157,2015-09-30
389,12 Angry Men,movie,"The defense and the prosecution have rested and the jury is filing into the jury room to decide if a young Spanish-American is guilty or innocent of murdering his father. What begins as an open and shut case soon becomes a mini-drama of each of the jurors' prejudices and preconceptions about the trial, the accused, and each other.",Drama,Martin Balsam|John Fiedler|Lee J. Cobb|E.G. Marshall|Jack Klugman|Edward Binns|Jack Warden|Henry Fonda|Joseph Sweeney|Ed Begley,en,8.574,34.113,1957-04-10
1171145,Crime 101,movie,"When an elusive thief whose high-stakes heists unfold along the iconic 101 freeway in Los Angeles eyes the score of a lifetime, with hopes of this being his final job, his path collides with a disillusioned insurance broker who is facing her own crossroads. Determined to crack the case, a relentless detective closes in on the operation, raising the stakes even higher.",Crime|Thriller,Chris Hemsworth|Mark Ruffalo|Halle Berry|Barry Keoghan|Monica Barbaro|Nick Nolte|Corey Hawkins|Jennifer Jason Leigh|Peter Banifaz|Babak Tafti,en,7.025,33.1419,2026-02-11
346698,Barbie,movie,"Barbie and Ken are having the time of their lives in the colorful and seemingly perfect world of Barbie Land. However, when they get a chance to go to the real world, they soon discover the joys and perils of living among humans.",Comedy|Adventure|Fantasy,Margot Robbie|Ryan Gosling|America Ferrera|Ariana Greenblatt|Issa Rae|Kate McKinnon|Alexandra Shipp|Emma Mackey|Hari Nef|Sharon Rooney,en,6.907,33.5968,2023-07-19
1481343,The Devil's Mouth,movie,"A group of college friends' Thailand adventure turns deadly when they become trapped in submerged caves with a dangerous predator. As oxygen runs low, past conflicts emerge in their desperate fight for survival.",Horror|Thriller,Kathryn Newton|Lana Condor|Nico Hiraga|Gavin Casalegno|Tommi Rose|Tayme Thapthimthong|Sahajak Boonthanakit|Harrison Luna,en,6.494,27.3893,2026-07-29
315162,Puss in Boots: The Last Wish,movie,"Puss in Boots discovers that his passion for adventure has taken its toll: He has burned through eight of his nine lives, leaving him with only one life left. Puss sets out on an epic journey to find the mythical Last Wish and restore his nine lives.",Animation|Adventure|Fantasy|Comedy|Family,Antonio Banderas|Salma Hayek Pinault|Harvey Guillén|Wagner Moura|Florence Pugh|Olivia Colman|Ray Winstone|Samson Kayo|John Mulaney|Da'Vine Joy Randolph,en,8.219,32.6738,2022-12-07
11036,The Notebook,movie,"An epic love story centered around an older man who reads aloud to a woman with Alzheimer's. From a faded notebook, the old man's words bring to life the story about a couple who is separated by World War II, and is then passionately reunited, seven years later, after they have taken different paths.",Romance|Drama,Ryan Gosling|Rachel McAdams|Gena Rowlands|James Garner|Joan Allen|David Thornton|James Marsden|Kevin Connolly|Sam Shepard|Starletta DuPois,en,7.889,31.634,2004-06-25
156022,The Equalizer,movie,"McCall believes he has put his mysterious past behind him and dedicated himself to beginning a new, quiet life. But when he meets Teri, a young girl under the control of ultra-violent Russian gangsters, he can’t stand idly by – he has to help her. Armed with hidden skills that allow him to serve vengeance against anyone who would brutalize the helpless, McCall comes out of his self-imposed retirement and finds his desire for justice reawakened. If someone has a problem, if the odds are stacked against them, if they have nowhere else to turn, McCall will help. He is The Equalizer.",Thriller|Action|Crime,Denzel Washington|Marton Csokas|Chloë Grace Moretz|David Harbour|Haley Bennett|Bill Pullman|Melissa Leo|David Meunier|Johnny Skourtis|Alex Veadov,en,7.295,33.2422,2014-09-24
271110,Captain America: Civil War,movie,"Following the events of Age of Ultron, the collective governments of the world pass an act designed to regulate all superhuman activity. This polarizes opinion amongst the Avengers, causing two factions to side with Iron Man or Captain America, which causes an epic battle between former allies.",Adventure|Action|Science Fiction,Chris Evans|Robert Downey Jr.|Scarlett Johansson|Sebastian Stan|Anthony Mackie|Don Cheadle|Jeremy Renner|Chadwick Boseman|Paul Bettany|Elizabeth Olsen,en,7.454,36.5854,2016-04-27
330457,Frozen II,movie,"Elsa, Anna, Kristoff and Olaf head far into the forest to learn the truth about an ancient mystery of their kingdom.",Family|Animation|Adventure|Comedy|Fantasy,Kristen Bell|Idina Menzel|Josh Gad|Evan Rachel Wood|Jonathan Groff|Sterling K. Brown|Alfred Molina|Rachel Matthews|Jason Ritter|Martha Plimpton,en,7.222,32.3828,2019-11-20
807,Se7en,movie,"Two homicide detectives are on a desperate hunt for a serial killer whose crimes are based on the ""seven deadly sins"" in this dark and haunting film that takes viewers from the tortured remains of one victim to the next. The seasoned Det. Somerset researches each sin in an effort to get inside the killer's mind, while his novice partner, Mills, scoffs at his efforts to unravel the case.",Crime|Mystery|Thriller,Morgan Freeman|Brad Pitt|Gwyneth Paltrow|John Cassini|Peter Crombie|Reg E. Cathey|R. Lee Ermey|Daniel Zacapa|Andrew Kevin Walker|George Christy,en,8.382,32.6923,1995-09-22
1930,The Amazing Spider-Man,movie,A teenage Peter Parker grapples with both high school and amazing super-human crises as his alter-ego Spider-Man.,Action|Adventure|Science Fiction,Andrew Garfield|Emma Stone|Rhys Ifans|Denis Leary|Martin Sheen|Sally Field|Irrfan Khan|Campbell Scott|Embeth Davidtz|Chris Zylka,en,6.763,32.6155,2012-06-23
9489,You've Got Mail,movie,Book superstore magnate Joe Fox and independent book shop owner Kathleen Kelly fall in love in the anonymity of the Internet—both blissfully unaware that he's trying to put her out of business.,Comedy|Romance,Meg Ryan|Tom Hanks|Greg Kinnear|Parker Posey|Heather Burns|Dave Chappelle|Jean Stapleton|Steve Zahn|Dabney Coleman|John Randolph,en,6.711,33.1934,1998-12-18
694,The Shining,movie,"Jack Torrance accepts a caretaker job at the Overlook Hotel, where he, along with his wife Wendy and their son Danny, must live isolated from the rest of the world for the winter. But they aren't prepared for the madness that lurks within.",Horror|Thriller,Jack Nicholson|Shelley Duvall|Danny Lloyd|Scatman Crothers|Barry Nelson|Philip Stone|Joe Turkel|Anne Jackson|Tony Burton|Lia Beldam,en,8.2,30.9286,1980-05-23
9806,The Incredibles,movie,"Bob Parr has given up his superhero days to log in time as an insurance adjuster and raise his three children with his formerly heroic wife in suburbia. But when he receives a mysterious assignment, it's time to get back into costume.",Action|Adventure|Animation|Family,Craig T. Nelson|Holly Hunter|Sarah Vowell|Spencer Fox|Jason Lee|Samuel L. Jackson|Elizabeth Peña|Eli Fucile|Maeve Andrews|Brad Bird,en,7.73,33.1554,2004-10-27
58,Pirates of the Caribbean: Dead Man's Chest,movie,"Captain Jack Sparrow’s got a blood debt to pay: he owes his soul to the legendary Davy Jones, ghastly Ruler of the Ocean Depths. To escape eternal servitude aboard the Flying Dutchman, ever-crafty Jack must track down the still-beating heart of Jones. But he won’t do it alone: Will Turner and Elizabeth Swann are drawn back into another one of his perilous quests—assuming they can evade execution for aiding a pirate.",Adventure|Fantasy|Action,Johnny Depp|Orlando Bloom|Keira Knightley|Jack Davenport|Bill Nighy|Jonathan Pryce|Lee Arenberg|Mackenzie Crook|Kevin McNally|David Bailie,en,7.391,32.6468,2006-07-06
11324,Shutter Island,movie,"World War II soldier-turned-U.S. Marshal Teddy Daniels investigates the disappearance of a patient from a hospital for the criminally insane, but his efforts are compromised by troubling visions and a mysterious doctor.",Drama|Thriller|Mystery,Leonardo DiCaprio|Mark Ruffalo|Ben Kingsley|Max von Sydow|Michelle Williams|Emily Mortimer|Patricia Clarkson|Jackie Earle Haley|Ted Levine|John Carroll Lynch,en,8.197,34.135,2010-02-14
840464,Greenland 2: Migration,movie,"Having found the safety of the Greenland bunker after the comet Clarke decimated the Earth, the Garrity family must now risk everything to embark on a perilous journey across the wasteland of Europe to find a new home.",Adventure|Thriller|Science Fiction,Gerard Butler|Morena Baccarin|Roman Griffin Davis|Tommie Earl Jenkins|Trond Fausa Aurvåg|Amber Rose Revah|Gina Gangar|Antonio De Lima|Peter Polycarpou|Beruce Khan,en,6.368,34.7591,2026-01-07
637649,Wrath of Man,movie,"A cold and mysterious new security guard for a Los Angeles cash truck company surprises his co-workers when he unleashes precision skills during a heist. The crew is left wondering who he is and where he came from. Soon, the marksman's ultimate motive becomes clear as he takes dramatic and irrevocable steps to settle a score.",Thriller|Crime|Drama,Jason Statham|Holt McCallany|Rocci Williams|Josh Hartnett|Jeffrey Donovan|Scott Eastwood|Andy Garcia|Deobia Oparei|Laz Alonso|Raúl Castillo,en,7.573,31.026,2021-04-22
390062,Jungle,movie,"In 1981, an enthusiastic young adventurer follows his dreams into the Bolivian Amazon jungle with two friends and a guide with a mysterious past. Their journey quickly turns into a terrifying ordeal as the darkest elements of human nature and the deadliest threats of the wilderness lead to an all-out fight for survival.",Adventure|Thriller,Daniel Radcliffe|Alex Russell|Thomas Kretschmann|Joel Jackson|Yasmin Kassim|Luis Jose Lopez|Lily Sullivan|Jacek Koman|Angie Milliken|John Bluthal,en,6.732,32.0544,2017-06-27
372058,Your Name.,movie,"High schoolers Mitsuha and Taki are complete strangers living separate lives. But one night, they suddenly switch places. Mitsuha wakes up in Taki’s body, and he in hers. This bizarre occurrence continues to happen randomly, and the two must adjust their lives around each other.",Animation|Romance|Drama,Ryunosuke Kamiki|Mone Kamishiraishi|Ryo Narita|Aoi Yuuki|Nobunaga Shimazaki|Kaito Ishikawa|Kanon Tani|Masaki Terasoma|Sayaka Ohara|Kazuhiko Inoue,ja,8.488,31.9245,2016-07-01
921711,Tamil Rockers,movie,4 Major characters running for the Money facing more challenges by forgetting the fact that it's not the decision of money to reach human.,Comedy|Thriller,Premji Amaran|Meenakshi Dixit|VTV Ganesh|S. P. Charan|Devadarshini|Arundhathi Nair|Yog Jappie|Vidyullekha Raman|Nanjil Sampath|Aadukalam Naren,ta,4.2,30.1063,2021-12-31
1301421,The Sheep Detectives,movie,"George Hardy is a shepherd who reads detective novels to his beloved sheep every night, assuming they can't possibly understand. But when a mysterious incident disrupts life on the farm, the sheep realize they must become the detectives. As they follow the clues and investigate human suspects, they prove that even sheep can be brilliant crime-solvers.",Comedy|Family|Mystery,Hugh Jackman|Nicholas Braun|Nicholas Galitzine|Molly Gordon|Julia Louis-Dreyfus|Bryan Cranston|Chris O'Dowd|Regina Hall|Patrick Stewart|Bella Ramsey,en,7.931,33.212,2026-04-30
436969,The Suicide Squad,movie,"Supervillains Harley Quinn, Bloodsport, Peacemaker and a collection of nutty cons at Belle Reve prison join the super-secret, super-shady Task Force X as they are dropped off at the remote, enemy-infused island of Corto Maltese.",Action|Comedy|Adventure,Margot Robbie|Idris Elba|John Cena|Joel Kinnaman|Sylvester Stallone|Viola Davis|David Dastmalchian|Daniela Melchior|Michael Rooker|Jai Courtney,en,7.443,31.5653,2021-07-28
285,Pirates of the Caribbean: At World's End,movie,"After losing Captain Jack Sparrow to the locker of Davy Jones, Will Turner, Elizabeth Swann, and Captain Barbossa journey to the ends of the earth to rescue him. And as the East India Trading Company tightens its grip on the seas under Lord Cutler Beckett—now in control of Davy Jones—the fate of piracy hangs by a thread. Now, they must unite the pirate lords for one final stand. But as loyalties are tested and alliances shift, each must ultimately choose where they stand in the battle for freedom on the high seas.",Adventure|Fantasy|Action,Johnny Depp|Geoffrey Rush|Orlando Bloom|Keira Knightley|Jack Davenport|Bill Nighy|Jonathan Pryce|Lee Arenberg|Mackenzie Crook|Kevin McNally,en,7.278,34.2919,2007-05-19
1508168,Bethlehem Kudumba Unit,movie,"Ashley's homecoming from abroad takes an emotional turn when a wedding next door stirs memories of her first love, Justin.",Romance|Comedy|Drama,Nivin Pauly|Mamitha Baiju|Sangeeth Prathap|Suresh Krishna|Bindu Panicker|Vinay Forrt|Shyam Mohan|Srindaa|Roshan Shanavas|Shameer Khan,ml,8.5,31.719,2026-08-21
1087192,How to Train Your Dragon,movie,"On the rugged isle of Berk, where Vikings and dragons have been bitter enemies for generations, Hiccup stands apart, defying centuries of tradition when he befriends Toothless, a feared Night Fury dragon. Their unlikely bond reveals the true nature of dragons, challenging the very foundations of Viking society.",Fantasy|Family|Action|Adventure,Mason Thames|Nico Parker|Gerard Butler|Nick Frost|Gabriel Howell|Julian Dennison|Bronwyn James|Harry Trevaldwyn|Murray McArthur|Peter Serafinowicz,en,7.93,33.516,2025-06-06
843352,Legend of the White Dragon,movie,"Forced to hide in the shadows, fugitive hero Erik Reed must clear his name to reunite with his family. Standing in his way is a mysterious villain obsessed with destroying the White Dragon for good.",Action|Fantasy,Jason David Frank|Aaron Schoenke|Jason Faunt|Rachele Brooke Smith|Michael Madsen|Andrew Bachelor|David Ramsey|Mark Dacascos|Chalet Lizette Brannan|Kevin Porter,en,5.722,29.5775,2026-08-28
466272,Once Upon a Time... in Hollywood,movie,"Los Angeles, 1969. TV star Rick Dalton, a struggling actor specializing in westerns, and stuntman Cliff Booth, his best friend, try to survive in a constantly changing movie industry. Dalton is the neighbor of the young and promising actress and model Sharon Tate, who has just married the prestigious Polish director Roman Polanski…",Comedy|Drama|Thriller,Leonardo DiCaprio|Brad Pitt|Margot Robbie|Emile Hirsch|Margaret Qualley|Timothy Olyphant|Julia Butters|Austin Butler|Dakota Fanning|Bruce Dern,en,7.417,33.9059,2019-07-24
165,Back to the Future Part II,movie,"Marty and Doc are at it again as the time-traveling duo head to 2015 to nip some McFly family woes in the bud. But things go awry thanks to bully Biff Tannen and a pesky sports almanac. In a last-ditch attempt to set things straight, Marty finds himself bound for 1955 and face to face with his teenage parents -- again.",Adventure|Comedy|Science Fiction,Michael J. Fox|Christopher Lloyd|Lea Thompson|Thomas F. Wilson|Elisabeth Shue|James Tolkan|Jeffrey Weissman|Casey Siemaszko|Billy Zane|J.J. Cohen,en,7.784,32.9541,1989-11-22
1325734,The Drama,movie,A happily engaged couple is put to the test when an unexpected turn sends their wedding week off the rails.,Romance|Comedy|Drama,Zendaya|Robert Pattinson|Alana Haim|Mamoudou Athie|Hailey Benton Gates|Sydney Lemmon|Hannah Gross|Anna Baryshnikov|Jordyn Curet|Michael Abbott Jr.,en,6.893,33.0714,2026-04-01
585,"Monsters, Inc.",movie,"Lovable Sulley and his wisecracking sidekick Mike Wazowski are the top scare team at Monsters, Inc., the scream-processing factory in Monstropolis. When a little girl named Boo wanders into their world, it's the monsters who are scared silly, and it's up to Sulley and Mike to keep her out of sight and get her back home.",Animation|Comedy|Family|Fantasy,John Goodman|Billy Crystal|Mary Gibbs|Steve Buscemi|James Coburn|Jennifer Tilly|Bob Peterson|John Ratzenberger|Frank Oz|Daniel Gerson,en,7.858,34.6103,2001-11-01
552524,Lilo & Stitch,movie,The wildly funny and touching story of a lonely Hawaiian girl and the fugitive alien who helps to mend her broken family.,Family|Science Fiction|Comedy,Maia Kealoha|Sydney Agudong|Chris Sanders|Zach Galifianakis|Billy Magnussen|Courtney B. Vance|Amy Hill|Tia Carrere|Kaipo Dudoit|Hannah Waddingham,en,7.2,36.4677,2025-05-17
284053,Thor: Ragnarok,movie,"Thor is imprisoned on the other side of the universe and finds himself in a race against time to get back to Asgard to stop Ragnarok, the destruction of his home-world and the end of Asgardian civilization, at the hands of a powerful new threat, the ruthless Hela.",Action|Adventure|Comedy|Science Fiction,Chris Hemsworth|Mark Ruffalo|Tom Hiddleston|Cate Blanchett|Idris Elba|Jeff Goldblum|Tessa Thompson|Karl Urban|Anthony Hopkins|Benedict Cumberbatch,en,7.579,35.6634,2017-10-02
1078605,Weapons,movie,"When all but one child from the same class mysteriously vanish on the same night at exactly the same time, a community is left questioning who or what is behind their disappearance.",Horror|Mystery,Julia Garner|Josh Brolin|Alden Ehrenreich|Austin Abrams|Benedict Wong|Amy Madigan|Cary Christopher|Toby Huss|Whitmer Thomas|Callie Schuttera,en,7.264,34.2163,2025-08-04
1159559,Scream 7,movie,"When a new Ghostface killer emerges in the quiet town where Sidney Prescott has built a new life, her darkest fears are realized as her daughter becomes the next target. Determined to protect her family, Sidney must face the horrors of her past to put an end to the bloodshed once and for all.",Horror|Mystery|Crime,Neve Campbell|Courteney Cox|Isabel May|Jasmin Savoy Brown|Mason Gooding|Roger L. Jackson|Anna Camp|Joel McHale|Celeste O'Connor|Sam Rechner,en,6.215,34.8117,2026-02-25
68718,Django Unchained,movie,"With the help of a German bounty hunter, a freed slave sets out to rescue his wife from a brutal Mississippi plantation owner.",Drama|Western,Jamie Foxx|Christoph Waltz|Leonardo DiCaprio|Kerry Washington|Samuel L. Jackson|Walton Goggins|Dennis Christopher|James Remar|David Steen|Dana Gourrier,en,8.193,35.2551,2012-12-25
1288059,I Want Your Sex,movie,"When a naive young man becomes the sexual muse for a renowned and provocative artist, his dream job quickly turns dangerous as he is drawn into an obsessive world of power, betrayal, and murder.",Comedy,Olivia Wilde|Cooper Hoffman|Mason Gooding|Chase Sui Wonders|Johnny Knoxville|Margaret Cho|Roxane Mesquida|Charli xcx|Daveed Diggs|Daniel Stevens,en,6.138,31.8992,2026-07-29
240,The Godfather Part II,movie,"In the continuing saga of the Corleone crime family, a young Vito Corleone grows up in Sicily and in 1910s New York. In the 1950s, Michael Corleone attempts to expand the family business into Las Vegas, Hollywood and Cuba.",Drama|Crime,Al Pacino|Robert Duvall|Diane Keaton|Robert De Niro|John Cazale|Talia Shire|Lee Strasberg|Michael V. Gazzo|G.D. Spradlin|Richard Bright,en,8.573,33.6918,1974-12-20
49013,Cars 2,movie,Star race car Lightning McQueen and his pal Mater head overseas to compete in the World Grand Prix race. But the road to the championship becomes rocky as Mater gets caught up in an intriguing adventure of his own: international espionage.,Animation|Family|Adventure|Comedy,Larry the Cable Guy|Owen Wilson|Michael Caine|Emily Mortimer|Suzy Eddie Izzard|John Turturro|Brent Musburger|Joe Mantegna|Thomas Kretschmann|Peter Jacobson,en,6.193,31.7502,2011-06-11
1304313,Lee Cronin's The Mummy,movie,"The young daughter of a journalist disappears into the desert without a trace—eight years later, the broken family is shocked when she is returned to them, as what should be a joyful reunion turns into a living nightmare.",Horror|Mystery,Jack Reynor|Laia Costa|May Calamawy|Natalie Grace|Shylo Molina|Billie Roy|Veronica Falcón|Hayat Kamille|May Elghety|Emily Mitchell,en,7.84,36.0564,2026-04-15
12444,Harry Potter and the Deathly Hallows: Part 1,movie,"Harry, Ron and Hermione walk away from their last year at Hogwarts to find and destroy the remaining Horcruxes, putting an end to Voldemort's bid for immortality. But with Harry's beloved Dumbledore dead and Voldemort's unscrupulous Death Eaters on the loose, the world is more dangerous than ever.",Adventure|Fantasy,Daniel Radcliffe|Emma Watson|Rupert Grint|Toby Jones|Helena Bonham Carter|Alan Rickman|Ralph Fiennes|Bill Nighy|Simon McBurney|Rhys Ifans,en,7.733,33.9653,2010-11-17
11,Star Wars,movie,Princess Leia is captured and held hostage by the evil Imperial forces in their effort to take over the galactic Empire. Venturesome Luke Skywalker and dashing captain Han Solo team together with the loveable robot duo R2-D2 and C-3PO to rescue the beautiful princess and restore peace and justice in the Empire.,Adventure|Action|Science Fiction,Mark Hamill|Harrison Ford|Carrie Fisher|Peter Cushing|Alec Guinness|Anthony Daniels|Kenny Baker|Peter Mayhew|David Prowse|James Earl Jones,en,8.207,33.8578,1977-05-25
284054,Black Panther,movie,"King T'Challa returns home to the reclusive, technologically advanced African nation of Wakanda to serve as his country's new leader. However, T'Challa soon finds that he is challenged for the throne by factions within his own country as well as without. Using powers reserved to Wakandan kings, T'Challa assumes the Black Panther mantle to join with ex-girlfriend Nakia, the queen-mother, his princess-kid sister, members of the Dora Milaje (the Wakandan 'special forces') and an American secret agent, to prevent Wakanda from being dragged into a world war.",Action|Adventure|Science Fiction,Chadwick Boseman|Michael B. Jordan|Lupita Nyong'o|Danai Gurira|Martin Freeman|Daniel Kaluuya|Letitia Wright|Winston Duke|Sterling K. Brown|Angela Bassett,en,7.361,33.7974,2018-02-13
216015,Fifty Shades of Grey,movie,"When college senior Anastasia Steele steps in for her sick roommate to interview prominent businessman Christian Grey for their campus paper, little does she realize the path her life will take. Christian, as enigmatic as he is rich and powerful, finds himself strangely drawn to Ana, and she to him. Though sexually inexperienced, Ana plunges headlong into an affair -- and learns that Christian's true sexual proclivities push the boundaries of pain and pleasure.",Drama|Romance|Thriller,Dakota Johnson|Jamie Dornan|Jennifer Ehle|Eloise Mumford|Victor Rasuk|Luke Grimes|Marcia Gay Harden|Rita Ora|Max Martini|Callum Keith Rennie,en,5.859,32.2978,2015-02-11
545611,Everything Everywhere All at Once,movie,"An aging Chinese immigrant is swept up in an insane adventure, where she alone can save what's important to her by connecting with the lives she could have led in other universes.",Action|Adventure|Science Fiction,Michelle Yeoh|Stephanie Hsu|Ke Huy Quan|James Hong|Jamie Lee Curtis|Tallie Medel|Jenny Slate|Harry Shum Jr.|Biff Wiff|Sunita Mani,en,7.715,32.5212,2022-03-24
687259,Ghost Stories,movie,,Horror,Jiang Ling-Ling|Ai Ting|Chu Hui-Te|Kao Wen-Song|Chia-bao Lan,zh,6.2,33.5154,1982-01-01
13,Forrest Gump,movie,"A man with a low IQ has accomplished great things in his life and been present during significant historic events—in each case, far exceeding what anyone imagined he could do. But despite all he has achieved, his one true love eludes him.",Comedy|Drama|Romance,Tom Hanks|Robin Wright|Gary Sinise|Sally Field|Mykelti Williamson|Michael Conner Humphreys|Hanna Hall|Haley Joel Osment|Siobhan Fallon Hogan|Rebecca Williams,en,8.461,36.6933,1994-06-23
11770,Shaolin Soccer,movie,A young Shaolin follower reunites with his discouraged brothers to form a soccer team using their martial art skills to their advantage.,Action|Comedy,Stephen Chow|Richard Ng Man-Tat|Zhao Wei|Patrick Tse Yin|Karen Mok Man-Wai|Wong Yat-Fei|Mo Meilin|Tenky Tin Kai-Man|Danny Chan|Lam Tze-Chung,cn,7.2,34.0207,2001-07-05
808,Shrek,movie,"It ain't easy bein' green -- especially if you're a likable (albeit smelly) ogre named Shrek. On a mission to retrieve a gorgeous princess from the clutches of a fire-breathing dragon, Shrek teams up with an unlikely compatriot -- a wisecracking donkey.",Animation|Comedy|Fantasy|Adventure|Family,Mike Myers|Eddie Murphy|Cameron Diaz|John Lithgow|Vincent Cassel|Peter Dennis|Clive Pearse|Jim Cummings|Bobby Block|Chris Miller,en,7.78,34.8922,2001-05-18
1110034,Kraken,movie,"A marine biologist is doing research on a fish farm when she encounters several strange occurrences. Along with the brutal deaths of two teenagers, all signs point to the deep fjord; can there be more to the depths than the eye can see?",Horror|Action|Thriller,Sara Khorami|Mikkel Bratt Silset|Ingvild Holthe Bygdnes|Øyvind Brandtzæg|Jenny Evensen|Steinar Klouman Hallert|Filip Bargee Ramberg|Jon Erik Myre|Hans Morten Hansen|Magnús Blöndal Jóhannsson,no,6.243,35.2207,2026-02-06
1122573,In the Grey,movie,"A covert team of elite operatives are living in the shadows. When a ruthless despot steals a billion-dollar fortune, they're sent to take it back—an impossible heist that erupts into a deadly game of strategy, deception and survival.",Action|Thriller,Henry Cavill|Jake Gyllenhaal|Eiza González|Carlos Bardem|Michael Vu|Fisher Stevens|Rosamund Pike|Mohammed Al Turki|Kojo Attah|Jason Wong,en,7.57,35.3162,2026-05-13
1494843,丫丫,movie,,,Song Xiaoying|Luan Furen,zh,0.0,37.0273,1979-03-01
9426,The Fly,movie,"When brilliant, eccentric scientist Seth Brundle makes a huge technological breakthrough in teleportation, he decides to test it on himself. Unbeknownst to him, a common housefly manages to get inside the device and the two become one.",Horror|Science Fiction,Jeff Goldblum|Geena Davis|John Getz|Joy Boushel|Leslie Carlson|George Chuvalo|Michael Copeman|David Cronenberg|Carol Lazare|Shawn Hewitt,en,7.448,29.073,1986-08-15
767,Harry Potter and the Half-Blood Prince,movie,Dumbledore tries to prepare Harry for the final battle with Voldemort while Death Eaters wreak havoc in both Muggle and Wizard worlds.,Adventure|Fantasy,Daniel Radcliffe|Rupert Grint|Emma Watson|Jim Broadbent|Michael Gambon|Tom Felton|Alan Rickman|Bonnie Wright|Jessie Cave|Evanna Lynch,en,7.682,35.1614,2009-07-15
539972,Kraven the Hunter,movie,"Kraven Kravinoff's complex relationship with his ruthless gangster father, Nikolai, starts him down a path of vengeance with brutal consequences, motivating him to become not only the greatest hunter in the world, but also one of its most feared.",Action|Adventure|Thriller,Aaron Taylor-Johnson|Ariana DeBose|Fred Hechinger|Alessandro Nivola|Christopher Abbott|Russell Crowe|Yuri Kolokolnikov|Levi Miller|Tom Reed|Billy Barratt,en,6.411,31.9818,2024-12-11
950387,A Minecraft Movie,movie,"Four misfits find themselves struggling with ordinary problems when they are suddenly pulled through a mysterious portal into the Overworld: a bizarre, cubic wonderland that thrives on imagination. To get back home, they'll have to master this world while embarking on a magical quest with an unexpected, expert crafter, Steve.",Family|Fantasy|Comedy|Adventure,Jason Momoa|Jack Black|Sebastian Eugene Hansen|Emma Myers|Danielle Brooks|Jennifer Coolidge|Rachel House|Allan Henry|Bram Scott-Breheny|Moana Williams,en,6.214,33.459,2025-03-31
19995,Avatar,movie,"In the 22nd century, a paraplegic Marine is dispatched to the moon Pandora on a unique mission, but becomes torn between following orders and protecting an alien civilization.",Science Fiction|Action|Adventure,Sam Worthington|Zoe Saldaña|Sigourney Weaver|Stephen Lang|Michelle Rodriguez|Giovanni Ribisi|Joel David Moore|CCH Pounder|Wes Studi|Laz Alonso,en,7.61,35.7474,2009-12-16
105,Back to the Future,movie,"Eighties teenager Marty McFly is accidentally sent back in time to 1955, inadvertently disrupting his parents' first meeting and attracting his mother's romantic interest. Marty must repair the damage to history by rekindling his parents' romance and - with the help of his eccentric inventor friend Doc Brown - return to 1985.",Adventure|Comedy|Science Fiction,Michael J. Fox|Christopher Lloyd|Crispin Glover|Lea Thompson|Claudia Wells|Thomas F. Wilson|Marc McClure|Wendie Jo Sperber|George DiCenzo|Frances Lee McCain,en,8.33,32.9089,1985-07-03
1341138,Spa Weekend,movie,"Four lifelong friends realize that somewhere between careers, relationships, families, and everyday responsibilities, they’ve forgotten how to take care of themselves and each other. Burned out and overdue for a break, the women escape to a luxury spa retreat for an unforgettable weekend dedicated to fun, laughter, and a lot of really bad decisions.",Comedy,Leslie Mann|Michelle Buteau|Anna Faris|Isla Fisher|Adam Demos|Dominic Ona-Ariki|Erika Heynatz|Courtney Clarke|Quinn Aune|Sierra Rose,en,6.375,33.2967,2026-08-20
798645,The Running Man,movie,"Desperate to save his sick daughter, working-class Ben Richards is convinced by The Running Man's charming but ruthless producer to enter the deadly competition game as a last resort. But Ben's defiance, instincts, and grit turn him into an unexpected fan favorite — and a threat to the entire system. As ratings skyrocket, so does the danger, and Ben must outwit not just the Hunters, but a nation addicted to watching him fall.",Action|Thriller|Science Fiction,Glen Powell|Colman Domingo|Lee Pace|Josh Brolin|William H. Macy|Michael Cera|Emilia Jones|Daniel Ezra|Jayme Lawson|Sean Hayes,en,6.72,33.1667,2025-11-11
603692,John Wick: Chapter 4,movie,"With the price on his head ever increasing, John Wick uncovers a path to defeating The High Table. But before he can earn his freedom, Wick must face off against a new enemy with powerful alliances across the globe and forces that turn old friends into foes.",Action|Thriller|Crime,Keanu Reeves|Donnie Yen|Bill Skarsgård|Ian McShane|Laurence Fishburne|Lance Reddick|Clancy Brown|Hiroyuki Sanada|Rina Sawayama|Scott Adkins,en,7.712,34.664,2023-03-21
931285,Mortal Kombat II,movie,"The fan favorite champions—now joined by Johnny Cage himself—are pitted against one another in the ultimate, no-holds barred, gory battle to defeat the dark rule of Shao Kahn that threatens the very existence of the Earthrealm and its defenders.",Action|Fantasy|Adventure,Karl Urban|Adeline Rudolph|Ludi Lin|Jessica McNamee|Martyn Ford|Josh Lawson|Tati Gabrielle|Mehcad Brooks|Tadanobu Asano|Chin Han,en,7.789,36.4095,2026-05-06
73723,The Lorax,movie,"A 12-year-old boy searches for the one thing that will enable him to win the affection of the girl of his dreams. To find it he must discover the story of the Lorax, the grumpy yet charming creature who fights to protect his world.",Animation|Family,Danny DeVito|Ed Helms|Zac Efron|Rob Riggle|Taylor Swift|Jenny Slate|Betty White|Nasim Pedrad|Joel Swetow|Michael Beattie,en,6.54,35.3397,2012-03-01
101,Léon: The Professional,movie,"Léon, the top hit man in New York, has earned a rep as an effective ""cleaner"". But when his next-door neighbors are wiped out by a loose-cannon DEA agent, he becomes the unwilling custodian of 12-year-old Mathilda. Before long, Mathilda's thoughts turn to revenge, and she considers following in Léon's footsteps.",Crime|Drama|Action,Jean Reno|Natalie Portman|Gary Oldman|Danny Aiello|Peter Appel|Michael Badalucco|Ellen Greene|Frank Senger|Elizabeth Regen|Carl J. Matusovich,fr,8.289,37.4262,1994-09-14
862,Toy Story,movie,"Led by Woody, Andy's toys live happily in his room until Andy's birthday brings Buzz Lightyear onto the scene. Afraid of losing his place in Andy's heart, Woody plots against Buzz. But when circumstances separate Buzz and Woody from their owner, the duo eventually learns to put aside their differences.",Family|Comedy|Animation|Adventure,Tom Hanks|Tim Allen|Don Rickles|Jim Varney|Wallace Shawn|John Ratzenberger|Annie Potts|John Morris|Erik von Detten|Laurie Metcalf,en,7.99,38.4428,1995-11-22
1284046,Onslaught,movie,"When a rogue squad of genetically engineered super soldiers break loose in the desert, a badass Army sniper must unleash hell to protect her young daughter.",Action|Thriller,Adria Arjona|Dan Stevens|Eric Wareheim|Reginald VelJohnson|Michael Biehn|Blake Kennedy|Alex Pereira|Drew Starkey|Rebecca Hall|Jacob Scipio,en,5.774,35.5051,2026-09-02
12445,Harry Potter and the Deathly Hallows: Part 2,movie,"Harry, Ron and Hermione continue their quest to vanquish the evil Voldemort once and for all. Just as things begin to look hopeless for the young wizards, Harry discovers a trio of magical objects that endow him with powers to rival Voldemort's formidable skills.",Adventure|Fantasy,Daniel Radcliffe|Emma Watson|Rupert Grint|Ralph Fiennes|Alan Rickman|Michael Gambon|Warwick Davis|Helena Bonham Carter|Ciarán Hinds|Matthew Lewis,en,8.08,36.5652,2011-07-12
1297842,GOAT,movie,"A small goat with big dreams gets a once-in-a-lifetime shot to join the pros and play roarball, a high-intensity, co-ed, full-contact sport dominated by the fastest, fiercest animals in the world.",Animation|Comedy|Family,Caleb McLaughlin|Gabrielle Union|Stephen Curry|Aaron Pierre|Nicola Coughlan|David Harbour|Nick Kroll|Jenifer Lewis|Patton Oswalt|Jelly Roll,en,8.052,37.2772,2026-02-11
860508,The Whisper Man,movie,"When his young son vanishes, a widower enlists help from his estranged father, a retired detective who put away the serial killer now linked to the case.",Crime|Drama|Thriller,Robert De Niro|Michelle Monaghan|Adam Scott|Acston Luca Porto|Michael Keaton|Owen Teague|Hamish Linklater|Will Brill|Aniela Zeig|Exavier Montanez,en,6.88,35.591,2026-08-27
10588,The Cat in the Hat,movie,"During a rainy day, and while their mother is out, Conrad and Sally, and their pet fish, are visited by the mischievous Cat in the Hat. Fun soon turns to mayhem, and the siblings must figure out how to rid themselves of the maniacal Cat.",Fantasy|Adventure|Family|Comedy,Mike Myers|Dakota Fanning|Spencer Breslin|Kelly Preston|Alec Baldwin|Amy Hill|Sean Hayes|Danielle Chuchran|Taylor Rice|Brittany Oaks,en,5.385,36.1462,2003-11-21
350,The Devil Wears Prada,movie,"A young woman from the Midwest gets more than she bargained for when she moves to New York to become a writer and ends up as the assistant to the tyrannical, larger-than-life editor-in-chief of a major fashion magazine.",Drama|Comedy,Meryl Streep|Anne Hathaway|Emily Blunt|Stanley Tucci|Simon Baker|Adrian Grenier|Tracie Thoms|Rich Sommer|Daniel Sunjata|David Marshall Grant,en,7.4,37.5242,2006-06-29
675,Harry Potter and the Order of the Phoenix,movie,"When a new professor's methods leave Hogwarts unprepared to fight the rising tide of evil, Harry teaches students how to defend against the dark arts.",Adventure|Fantasy,Daniel Radcliffe|Rupert Grint|Emma Watson|Imelda Staunton|Helena Bonham Carter|Robbie Coltrane|Gary Oldman|Ralph Fiennes|Michael Gambon|Alan Rickman,en,7.673,37.5364,2007-07-08
12,Finding Nemo,movie,"Nemo, an adventurous young clownfish, is unexpectedly taken from his Great Barrier Reef home to a dentist's office aquarium. It's up to his worrisome father Marlin and a friendly but forgetful fish Dory to bring Nemo home -- meeting vegetarian sharks, surfer dude turtles, hypnotic jellyfish, hungry seagulls, and more along the way.",Animation|Family|Adventure,Albert Brooks|Ellen DeGeneres|Alexander Gould|Willem Dafoe|Geoffrey Rush|Brad Garrett|Allison Janney|Austin Pendleton|Stephen Root|Vicki Lewis,en,7.822,37.211,2003-05-30
976912,Graphic Desires,movie,"When reclusive Franklin cheats on his partner with a mysterious girl he meets on a dating app, it becomes the start of a deadly obsession.",Thriller|Crime,David Wayman|Sian Altman|May Kelly|Ocean M Harris|Valis Volkova|Jack Edwards|Caidney Simone|Eva Ray|Felicia Westring|Fahad Salman,en,6.88,35.3134,2023-08-31
617126,The Fantastic 4: First Steps,movie,"Against the vibrant backdrop of a 1960s-inspired, retro-futuristic world, Marvel's First Family is forced to balance their roles as heroes with the strength of their family bond, while defending Earth from a ravenous space god called Galactus and his enigmatic Herald, Silver Surfer.",Science Fiction|Adventure|Action,Pedro Pascal|Vanessa Kirby|Ebon Moss-Bachrach|Joseph Quinn|Ralph Ineson|Julia Garner|Paul Walter Hauser|Natasha Lyonne|Sarah Niles|Mark Gatiss,en,6.942,39.7567,2025-07-23
1433583,The Weight,movie,"When Samuel is torn from his daughter and sent to a brutal prison, Warden Clancy offers him a high-stakes proposition: smuggle gold out of a remote mine with a dangerous crew of prisoners and he’ll win his freedom.",Drama|Thriller|Crime,Ethan Hawke|Russell Crowe|Julia Jones|Austin Amelio|Avi Nash|Lucas Lynggaard Tønnesen|Sam Hazeldine|George Burgess|Jeff Hallman|Alec Newman,pt,6.9,34.0674,2026-09-16
49026,The Dark Knight Rises,movie,"Following the death of District Attorney Harvey Dent, Batman assumes responsibility for Dent's crimes to protect the late attorney's reputation and is subsequently hunted by the Gotham City Police Department. Eight years later, Batman encounters the mysterious Selina Kyle and the villainous Bane, a new terrorist leader who overwhelms Gotham's finest. The Dark Knight resurfaces to protect a city that has branded him an enemy.",Action|Crime|Drama|Thriller,Christian Bale|Gary Oldman|Tom Hardy|Joseph Gordon-Levitt|Anne Hathaway|Marion Cotillard|Morgan Freeman|Michael Caine|Matthew Modine|Alon Aboutboul,en,7.798,40.0599,2012-07-17
98,Gladiator,movie,"After the death of Emperor Marcus Aurelius, his devious son takes power and demotes Maximus, one of Rome's most capable generals who Marcus preferred. Eventually, Maximus is forced to become a gladiator and battle to the death against other men for the amusement of paying audiences.",Action|Drama|Adventure,Russell Crowe|Joaquin Phoenix|Connie Nielsen|Oliver Reed|Richard Harris|Derek Jacobi|Djimon Hounsou|David Schofield|John Shrapnel|Tomas Arana,en,8.231,34.9061,2000-05-04
1439930,The Punisher: One Last Kill,movie,"As Frank Castle searches for meaning beyond revenge, an unexpected force pulls him back into the fight.",Action|Drama|Crime,Jon Bernthal|Deborah Ann Woll|Jason R. Moore|Judith Light|Kelli Barrett|Andre Royo|John Douglas Thompson|Colton Hill|Nick Koumalatsos|Addie Bernthal,en,8.255,37.3686,2026-05-12
447365,Guardians of the Galaxy Vol. 3,movie,"Peter Quill, still reeling from the loss of Gamora, must rally his team around him to defend the universe along with protecting one of their own. A mission that, if not completed successfully, could quite possibly lead to the end of the Guardians as we know them.",Science Fiction|Adventure|Action,Chris Pratt|Zoe Saldaña|Dave Bautista|Karen Gillan|Pom Klementieff|Vin Diesel|Bradley Cooper|Sean Gunn|Chukwudi Iwuji|Will Poulter,en,7.933,37.3423,2023-05-03
244786,Whiplash,movie,"Under the direction of a ruthless instructor, a talented young drummer begins to pursue perfection at any cost, even his humanity.",Drama|Music|Thriller,Miles Teller|J.K. Simmons|Paul Reiser|Melissa Benoist|Austin Stowell|Nate Lang|Chris Mulkey|Damon Gupton|Suanne Spoke|Max Kasch,en,8.377,39.5905,2014-10-10
1726,Iron Man,movie,"After being held captive in an Afghan cave, billionaire engineer Tony Stark creates a unique weaponized suit of armor to fight evil.",Action|Science Fiction|Adventure,Robert Downey Jr.|Terrence Howard|Jeff Bridges|Gwyneth Paltrow|Leslie Bibb|Shaun Toub|Faran Tahir|Clark Gregg|Bill Smitrovich|Sayed Badreya,en,7.666,40.4861,2008-04-30
161,Ocean's Eleven,movie,"Less than 24 hours into his parole, charismatic thief Danny Ocean is already rolling out his next plan: In one night, Danny's hand-picked crew of specialists will attempt to steal more than $150 million from three Las Vegas casinos. But to score the cash, Danny risks his chances of reconciling with ex-wife, Tess.",Thriller|Crime,George Clooney|Brad Pitt|Andy Garcia|Matt Damon|Julia Roberts|Casey Affleck|Scott Caan|Don Cheadle|Elliott Gould|Eddie Jemison,en,7.465,39.7305,2001-12-07
1269325,Drishyam: The Conclusion,movie,"Years after outsmarting the police, Vijay Salgaonkar's past resurfaces when a new evidence threatens to expose his secret. As the investigation reopens, he must outwit the system once again to save his family.",Thriller|Drama|Mystery|Crime,Ajay Devgn|Tabu|Shriya Saran|Rajat Kapoor|Jaideep Ahlawat|Prakash Raj|Ishita Dutta|Mrunal Jadhav|Kamlesh Sawant|Saurabh Shukla,hi,10.0,36.2965,2026-10-02
385687,Fast X,movie,"Over many missions and against impossible odds, Dom Toretto and his family have outsmarted, out-nerved and outdriven every foe in their path. Now, they confront the most lethal opponent they've ever faced: A terrifying threat emerging from the shadows of the past who's fueled by blood revenge, and who is determined to shatter this family and destroy everything—and everyone—that Dom loves, forever.",Action|Crime|Thriller,Vin Diesel|Michelle Rodriguez|Tyrese Gibson|Ludacris|John Cena|Nathalie Emmanuel|Jordana Brewster|Sung Kang|Jason Momoa|Scott Eastwood,en,6.976,37.274,2023-05-17
497,The Green Mile,movie,"A supernatural tale set on death row in a Southern prison, where gentle giant John Coffey possesses the mysterious power to heal people's ailments. When the cell block's head guard, Paul Edgecomb, recognizes Coffey's miraculous gift, he tries desperately to help stave off the condemned man's execution.",Fantasy|Drama|Crime,Tom Hanks|David Morse|Bonnie Hunt|Michael Clarke Duncan|James Cromwell|Michael Jeter|Graham Greene|Doug Hutchison|Sam Rockwell|Barry Pepper,en,8.505,41.0144,1999-12-10
1265609,War Machine,movie,"On one last grueling mission during Army Ranger training, a combat engineer must lead his unit in a fight against a giant otherworldly killing machine.",Action|Science Fiction|Thriller,Alan Ritchson|Stephan James|Blake Richardson|Dennis Quaid|Esai Morales|Jai Courtney|Alex King|Keiynan Lonsdale|Jack Patten|James Beaufort,en,7.506,37.0543,2026-02-12
1193824,Rabbit Trap,movie,"When a musician and her husband move to a remote house in Wales, the music they make disturbs local ancient folk magic, bringing a nameless child to their door intent on infiltrating their lives.",Thriller|Fantasy|Horror|Mystery|Drama,Dev Patel|Rosy McEwen|Jade Croot|Nicholas Sampson,en,5.685,32.7285,2025-09-12
575265,Mission: Impossible - The Final Reckoning,movie,"Ethan Hunt and team continue their search for the terrifying AI known as the Entity — which has infiltrated intelligence networks all over the globe — with the world's governments and a mysterious ghost from Hunt's past on their trail. Joined by new allies and armed with the means to shut the Entity down for good, Hunt is in a race against time to prevent the world as we know it from changing forever.",Action|Thriller|Adventure,Tom Cruise|Hayley Atwell|Ving Rhames|Simon Pegg|Esai Morales|Pom Klementieff|Henry Czerny|Holt McCallany|Janet McTeer|Nick Offerman,en,7.171,38.6267,2025-05-17
803796,KPop Demon Hunters,movie,"When K-pop superstars Rumi, Mira and Zoey aren't selling out stadiums, they're using their secret powers to protect their fans from supernatural threats.",Fantasy|Music|Comedy|Animation,Arden Cho|May Hong|Ji-young Yoo|Ahn Hyo-seop|Yunjin Kim|Ken Jeong|Lee Byung-hun|Daniel Dae Kim|Joel Kim Booster|Liza Koshy,en,7.99,39.2361,2025-06-20
39254,Real Steel,movie,"Charlie Kenton is a washed-up fighter who retired from the ring when robots took over the sport. After his robot is trashed, he reluctantly teams up with his estranged son to rebuild and train an unlikely contender.",Action|Science Fiction|Drama,Hugh Jackman|Dakota Goyo|Evangeline Lilly|Kevin Durand|Anthony Mackie|Hope Davis|James Rebhorn|Karl Yune|Sophie Levy|Tess Levy,en,7.152,39.4099,2011-09-28
1514026,Buddy,movie,"A magical, singing orange unicorn holds his cast hostage in a surreal TV-show dimension, as he becomes more and more demented.",Horror|Comedy|Fantasy,Keegan-Michael Key|Cristin Milioti|Delaney Quinn|Caleb Williams|Madison Skyy Polan|Tristan Borders|Patton Oswalt|Jimmica Collins|Eric Bauza|Topher Grace,en,7.9,36.9239,2026-08-27
126889,Alien: Covenant,movie,"The crew of the colony ship Covenant, bound for a remote planet on the far side of the galaxy, discovers what they think is an uncharted paradise but is actually a dark, dangerous world.",Horror|Science Fiction,Michael Fassbender|Katherine Waterston|Billy Crudup|Danny McBride|Demián Bichir|Carmen Ejogo|Jussie Smollett|Callie Hernandez|Amy Seimetz|Nathaniel Dean,en,6.19,33.3247,2017-05-09
986056,Thunderbolts*,movie,"After finding themselves ensnared in a death trap, seven disillusioned castoffs must embark on a dangerous mission that will force them to confront the darkest corners of their pasts.",Action|Science Fiction|Adventure,Florence Pugh|Sebastian Stan|Julia Louis-Dreyfus|Lewis Pullman|David Harbour|Wyatt Russell|Hannah John-Kamen|Olga Kurylenko|Geraldine Viswanathan|Wendell Pierce,en,7.296,36.56,2025-04-30
1393326,Ghost in the Cell,movie,"In a notorious prison, an invisible force begins killing inmates brutally, compelling enemy gangs and corrupt guards to work together as they try to survive the mounting bloodshed.",Horror|Comedy|Thriller,Abimana Aryasatya|Bront Palarae|Dimas Danang|Endy Arfian|Lukman Sardi|Mike Lucock|Yoga Pratama|Morgan Oey|Aming|Rio Dewanto,id,7.114,37.0413,2026-04-16
122917,The Hobbit: The Battle of the Five Armies,movie,"Following Smaug's attack on Laketown, Bilbo and the dwarves try to defend Erebor's mountain of treasure from others who claim it: the men of the ruined Laketown and the elves of Mirkwood. Meanwhile an army of Orcs led by Azog the Defiler is marching on Erebor, fueled by the rise of the dark lord Sauron. Dwarves, elves and men must unite, and the hope for Middle-Earth falls into Bilbo's hands.",Action|Adventure|Fantasy,Ian McKellen|Martin Freeman|Richard Armitage|Orlando Bloom|Evangeline Lilly|Luke Evans|Lee Pace|Benedict Cumberbatch|Ken Stott|Aidan Turner,en,7.338,39.1868,2014-12-10
893723,PAW Patrol: The Mighty Movie,movie,"A magical meteor crash lands in Adventure City and gives the PAW Patrol pups superpowers, transforming them into The Mighty Pups.",Adventure|Animation|Comedy|Family|Science Fiction,Mckenna Grace|Taraji P. Henson|Marsai Martin|Iain Armitage|Christian Convery|Will Brisbin|Finn Lee-Epp|Ron Pardo|Lil Rel Howery|Chris Rock,en,6.9,38.8854,2023-09-21
1061474,Superman,movie,"Superman, a journalist in Metropolis, embarks on a journey to reconcile his Kryptonian heritage with his human upbringing as Clark Kent.",Science Fiction|Adventure|Action,David Corenswet|Rachel Brosnahan|Nicholas Hoult|Edi Gathegi|Nathan Fillion|Isabela Merced|María Gabriela de Faría|Skyler Gisondo|Alan Tudyk|Grace Chan,en,7.323,40.7756,2025-07-09
1290821,Shelter,movie,"A man living in self-imposed exile on a remote island rescues a young girl from a violent storm, setting off a chain of events that forces him out of seclusion to protect her from enemies tied to his past.",Action|Crime|Thriller,Jason Statham|Bodhi Rae Breathnach|Naomi Ackie|Daniel Mays|Harriet Walter|Bill Nighy|Michael Shaeffer|Anna Crilly|Eugenia Caruso|Céline Buckens,en,7.752,41.2165,2026-01-28
3933,Corpse Bride,movie,"In a 19th-century European village, a young man about to be married is whisked away to the underworld and wed to a mysterious corpse bride, while his real bride waits bereft in the land of the living.",Romance|Fantasy|Animation,Johnny Depp|Helena Bonham Carter|Emily Watson|Tracey Ullman|Paul Whitehouse|Joanna Lumley|Albert Finney|Richard E. Grant|Christopher Lee|Michael Gough,en,7.591,40.4187,2005-09-12
137051,Midnight Matinee,movie,"Even though a devastating murder took place during a small town's horror film festival two years earlier, townspeople want another festival.",Horror|Mystery|Thriller|TV Movie,Ron White|Gillian Barber|Jeff Schultz|Beatrice Boepple|Timothy Webber|Don S. Davis|R. Nelson Brown|William B. Davis|Stephen E. Miller|Matt Hill,en,5.4,27.6004,1989-10-12
615777,Babylon,movie,"A tale of outsized ambition and outrageous excess, tracing the rise and fall of multiple characters in an era of unbridled decadence and depravity during Hollywood's transition from silent films to sound films in the late 1920s.",Drama|Comedy,Diego Calva|Margot Robbie|Brad Pitt|Jovan Adepo|Jean Smart|J.C. Currais|Jimmy Ortega|Marcos A. Ferraez|Shane Powers|Phoebe Tonkin,en,7.34,38.8528,2022-12-22
1233413,Sinners,movie,"Trying to leave their troubled lives behind, twin brothers return to their hometown to start again, only to discover that an even greater evil is waiting to welcome them back.",Horror|Action|Thriller,Michael B. Jordan|Hailee Steinfeld|Miles Caton|Jack O'Connell|Wunmi Mosaku|Jayme Lawson|Omar Benson Miller|Delroy Lindo|Li Jun Li|Yao,en,7.513,41.2926,2025-04-16
218,The Terminator,movie,"In the post-apocalyptic future, reigning tyrannical supercomputers teleport a cyborg assassin known as the ""Terminator"" back to 1984 to kill Sarah Connor, whose unborn son is destined to lead insurgents against 21st century mechanical hegemony. Meanwhile, the human-resistance movement dispatches a lone warrior to safeguard Sarah. Can he stop the virtually indestructible killing machine?",Action|Thriller|Science Fiction,Arnold Schwarzenegger|Michael Biehn|Linda Hamilton|Paul Winfield|Lance Henriksen|Rick Rossovich|Bess Motta|Earl Boen|Dick Miller|Shawn Schepps,en,7.696,38.9649,1984-10-26
496243,Parasite,movie,"All unemployed, Ki-taek's family takes peculiar interest in the wealthy and glamorous Parks for their livelihood until they get entangled in an unexpected incident.",Comedy|Thriller|Drama,Song Kang-ho|Lee Sun-kyun|Cho Yeo-jeong|Choi Woo-shik|Park So-dam|Lee Jung-eun|Jang Hye-jin|Park Myung-hoon|Jung Zi-so|Jung Hyeon-jun,ko,8.49,36.9883,2019-05-30
1514682,Above & Below,movie,A group of friends set off for an unforgettable vacation. What begins as an adventure of partying and diving quickly turns into a nightmare when they are attacked by criminals in open waters.,Thriller|Crime,Laura Marano|Christina Ochoa|Mario Tardón|Antonio Banderas|Ramiro Alonso|Ryan Bertroche|Jess Liaudin|Diego Llinás|Louis Mandylor|Timothy V. Murphy,en,5.976,38.7332,2026-07-29
939243,Sonic the Hedgehog 3,movie,"Sonic, Knuckles, and Tails reunite against a powerful new adversary, Shadow, a mysterious villain with powers unlike anything they have faced before. With their abilities outmatched in every way, Team Sonic must seek out an unlikely alliance in hopes of stopping Shadow and protecting the planet.",Action|Science Fiction|Comedy|Family,Ben Schwartz|Jim Carrey|Keanu Reeves|Idris Elba|Colleen O'Shaughnessey|James Marsden|Tika Sumpter|Lee Majdoub|Krysten Ritter|Adam Pally,en,7.599,37.2455,2024-12-19
1314481,The Devil Wears Prada 2,movie,"Andy Sachs returns to Runway as Miranda Priestly navigates a new media landscape and Runway's position within. The duo reconnect with former assistant Emily Charlton, now the head of a luxury brand that possesses funding which could ensure Runway's survival.",Comedy|Drama,Anne Hathaway|Meryl Streep|Emily Blunt|Stanley Tucci|Kenneth Branagh|Justin Theroux|Lucy Liu|Tracie Thoms|Tibor Feldman|B.J. Novak,en,7.0,41.0753,2026-04-29
453395,Doctor Strange in the Multiverse of Madness,movie,"Doctor Strange, with the help of mystical allies both old and new, traverses the mind-bending and dangerous alternate realities of the Multiverse to confront a mysterious new adversary.",Fantasy|Action|Adventure,Benedict Cumberbatch|Xochitl Gomez|Elizabeth Olsen|Chiwetel Ejiofor|Benedict Wong|Rachel McAdams|Jett Klyne|Julian Hilliard|Michael Stuhlbarg|Hayley Atwell,en,7.225,37.014,2022-05-04
597,Titanic,movie,"101-year-old Rose DeWitt Bukater tells the story of her life aboard the Titanic, 84 years later. A young Rose boards the ship with her mother and fiancé. Meanwhile, Jack Dawson and Fabrizio De Rossi win third-class tickets aboard the ship. Rose tells the whole story from Titanic's departure through to its death—on its first and last voyage—on April 15, 1912.",Drama|Romance,Leonardo DiCaprio|Kate Winslet|Billy Zane|Kathy Bates|Frances Fisher|Gloria Stuart|Bill Paxton|Bernard Hill|David Warner|Victor Garber,en,7.901,40.5955,1997-12-18
1265,Bridge to Terabithia,movie,"Jesse Aarons trained all summer to become the fastest runner in school. So he's very upset when newcomer Leslie Burke outruns him and everyone else. Despite this and other differences including that she's rich, he's poor, she's a city girl, and he's a country boy the two become fast friends. Together they create Terabithia, a land of monsters, trolls, ogres, and giants where they rule as king and queen.",Adventure|Drama|Family,Josh Hutcherson|AnnaSophia Robb|Zooey Deschanel|Robert Patrick|Bailee Madison|Kate Butler|Devon Wood|Emma Fenton|Grace Brannigan|Latham Gaines,en,7.355,38.6428,2007-02-15
912649,Venom: The Last Dance,movie,"Eddie and Venom are on the run. Hunted by both of their worlds and with the net closing in, the duo are forced into a devastating decision that will bring the curtains down on Venom and Eddie's last dance.",Science Fiction|Action|Adventure,Tom Hardy|Chiwetel Ejiofor|Juno Temple|Rhys Ifans|Stephen Graham|Peggy Lu|Clark Backo|Alanna Ubach|Cristo Fernández|Jared Abrahamson,en,6.666,42.2891,2024-10-22
1506560,Clash of the Thundermans,movie,"When Chloe develops a destructive new superpower, the Hero League orders her to an elite boarding school for superheroes to learn control of her abilities. Faced with the prospect of sending Chloe away for years, the Thundermans split apart, with Phoebe, Barb and Billy taking her into hiding. Max, Hank, and Nora track their rogue family members, until the two factions face off against each other in a full-on battle for the Thundermans’ future.",TV Movie|Family|Action|Science Fiction,Kira Kosarin|Jack Griffo|Maya Le Clark|Rosa Blasi|Chris Tallman|Diego Velazquez|Addison Riecke|Daniele Gaither|Ariel Winter|Dana Snyder,en,6.547,40.7509,2026-09-03
549509,The Brutalist,movie,"When an innovative modern architect flees post-war Europe, he is given the opportunity to rebuild his legacy. Set during the dawn of the modern United States (in Pennsylvania), his wife joins him, and their lives are forever changed by a demanding, wealthy patron.",Drama,Adrien Brody|Felicity Jones|Guy Pearce|Joe Alwyn|Raffey Cassidy|Stacy Martin|Isaach de Bankolé|Alessandro Nivola|Ariane Labed|Michael Epp,en,6.921,39.9618,2024-12-20
1241982,Moana 2,movie,"After receiving an unexpected call from her wayfinding ancestors, Moana journeys alongside Maui and a new crew to the far seas of Oceania and into dangerous, long-lost waters for an adventure unlike anything she's ever faced.",Adventure|Animation|Comedy|Family|Fantasy,Auliʻi Cravalho|Dwayne Johnson|Hualālai Chung|Rose Matafeo|David Fane|Awhimai Fraser|Khaleesi Lambert-Tsuda|Temuera Morrison|Nicole Scherzinger|Rachel House,en,6.993,41.5453,2024-11-21
1022789,Inside Out 2,movie,"Teenager Riley's mind headquarters is undergoing a sudden demolition to make room for something entirely unexpected: new Emotions! Joy, Sadness, Anger, Fear and Disgust, who’ve long been running a successful operation by all accounts, aren’t sure how to feel when Anxiety shows up. And it looks like she’s not alone.",Animation|Adventure|Comedy|Family,Amy Poehler|Maya Hawke|Kensington Tallman|Liza Lapira|Tony Hale|Lewis Black|Phyllis Smith|Ayo Edebiri|Lilimar|Grace Lu,en,7.54,40.862,2024-06-11
1408162,Vishwanath & Sons,movie,A celebrated Olympian shooter travels to America looking for a donor to help his sick child — but unexpected romance complicates his search.,Drama|Romance|Comedy,Suriya|Mamitha Baiju|Radhika Sarathkumar|Raveena Tandon|Sunil|Harika|Nassar|Harsha Chemudu|Bhavani Sre|V.J. Pappu,ta,7.109,34.3319,2026-08-14
138843,The Conjuring,movie,"Paranormal investigators Ed and Lorraine Warren work to help a family terrorized by a dark presence in their farmhouse. Forced to confront a powerful entity, the Warrens find themselves caught in the most terrifying case of their lives.",Horror|Thriller,Vera Farmiga|Patrick Wilson|Lili Taylor|Ron Livingston|Hayley McFarland|Sterling Jerins|Shanley Caswell|Mackenzie Foy|Joey King|Kyla Deaver,en,7.542,41.325,2013-07-18
1007757,Swapped,movie,"A small woodland creature and a majestic bird, two natural sworn enemies of the Valley, magically trade places and set off on an adventure of a lifetime to switch back. Their journey soon uncovers a greater threat—one that could endanger not only their species, but the entire valley they call home.",Adventure|Animation|Family|Fantasy,Michael B. Jordan|Juno Temple|Tracy Morgan|Cedric the Entertainer|Justina Machado|Nate Torrence|Camden Brooks|Táta Vega|Ambika Mod|Lolly Adefope,en,8.866,42.95,2026-05-01
10681,WALL·E,movie,"After hundreds of years doing what he was built for, WALL•E— a robot designed to clean up the earth—discovers a new purpose in life when he meets a sleek search robot named EVE. EVE comes to realize that WALL•E has inadvertently stumbled upon the key to the planet's future, and races back to space to report to the humans. Meanwhile, WALL•E chases EVE across the galaxy and sets into motion one of the most imaginative adventures ever brought to the big screen.",Animation|Family|Science Fiction,Ben Burtt|Elissa Knight|Jeff Garlin|Fred Willard|John Ratzenberger|Kathy Najimy|Sigourney Weaver|Lori Alan|Bob Bergen|John Cygan,en,8.126,39.2064,2008-06-26
8587,The Lion King,movie,"Young lion prince Simba, eager to one day become king of the Pride Lands, grows up under the watchful eye of his father Mufasa; all the while his villainous uncle Scar conspires to take the throne for himself. Amid betrayal and tragedy, Simba must confront his past and find his rightful place in the Circle of Life.",Animation|Family|Drama,Matthew Broderick|Moira Kelly|Jeremy Irons|Nathan Lane|Ernie Sabella|James Earl Jones|Robert Guillaume|Rowan Atkinson|Whoopi Goldberg|Cheech Marin,en,8.251,41.3674,1994-06-15
557,Spider-Man,movie,"After being bitten by a genetically altered spider at Oscorp, nerdy but endearing high school student Peter Parker is endowed with amazing powers to become the superhero known as Spider-Man.",Action|Science Fiction,Tobey Maguire|Willem Dafoe|Kirsten Dunst|James Franco|Cliff Robertson|Rosemary Harris|J.K. Simmons|Joe Manganiello|Gerry Becker|Bill Nunn,en,7.357,41.2542,2002-05-01
76600,Avatar: The Way of Water,movie,"Set more than a decade after the events of the first film, learn the story of the Sully family (Jake, Neytiri, and their kids), the trouble that follows them, the lengths they go to keep each other safe, the battles they fight to stay alive, and the tragedies they endure.",Action|Adventure|Science Fiction,Sam Worthington|Zoe Saldaña|Sigourney Weaver|Stephen Lang|Kate Winslet|Cliff Curtis|Joel David Moore|CCH Pounder|Edie Falco|Jemaine Clement,en,7.584,39.6059,2022-12-14
813418,Hot Spot,movie,"Set in a near future society ruled by sentient A.I., a private eye investigates a murder case only to discover a rebel group capable of undermining the digital overlord. As the detective's identity slowly unravels, his world enters a state of hypnotic meltdown.",Science Fiction|Action|Crime|Fantasy|Thriller,Andrzej Konopka|Noomi Rapace|Reika Kirishima|Filippa Kaye|George Aurimas Cris|Niki Sereti|Ektoras Liatsos|Rasmi Tsopela|Eleni Tzangka|Thanasis Barkas,en,4.605,38.5004,2026-08-21
9479,The Nightmare Before Christmas,movie,"Tired of scaring humans every October 31 with the same old bag of tricks, Jack Skellington, the spindly king of Halloween Town, kidnaps Santa Claus and plans to deliver shrunken heads and other ghoulish gifts to children on Christmas morning. But as Christmas approaches, Jack's rag-doll girlfriend, Sally, tries to foil his misguided plans.",Fantasy|Animation|Family,Danny Elfman|Chris Sarandon|Catherine O'Hara|William Hickey|Glenn Shadix|Paul Reubens|Ken Page|Edward Ivory|Susan McBride|Debi Durst,en,7.844,50.2969,1993-10-09
99861,Avengers: Age of Ultron,movie,"When Tony Stark tries to jumpstart a dormant peacekeeping program, things go awry and Earth’s Mightiest Heroes are put to the ultimate test as the fate of the planet hangs in the balance. As the villainous Ultron emerges, it is up to The Avengers to stop him from enacting his terrible plans, and soon uneasy alliances and unexpected action pave the way for an epic and unique global adventure.",Action|Adventure|Science Fiction,Robert Downey Jr.|Chris Hemsworth|Mark Ruffalo|Chris Evans|Scarlett Johansson|Jeremy Renner|James Spader|Samuel L. Jackson|Don Cheadle|Aaron Taylor-Johnson,en,7.279,46.1657,2015-04-22
414906,The Batman,movie,"In his second year of fighting crime, Batman uncovers corruption in Gotham City that connects to his own family while facing a serial killer known as the Riddler.",Crime|Mystery|Thriller,Robert Pattinson|Zoë Kravitz|Jeffrey Wright|Colin Farrell|Paul Dano|John Turturro|Andy Serkis|Peter Sarsgaard|Barry Keoghan|Jayme Lawson,en,7.67,43.5011,2022-03-01
1327819,Hoppers,movie,"Scientists have discovered how to 'hop' human consciousness into lifelike robotic animals, allowing people to communicate with animals as animals. Animal lover Mabel seizes an opportunity to use the technology, uncovering mysteries within the animal world beyond anything she could have imagined.",Adventure|Animation|Comedy|Family|Science Fiction,Piper Curda|Bobby Moynihan|Jon Hamm|Kathy Najimy|Dave Franco|Eduardo Franco|Aparna Nancherla|Tom Law|Sam Richardson|Melissa Villaseñor,en,8.144,42.5891,2026-03-04
1010581,My Fault,movie,"Noah must leave her city, boyfriend, and friends to move into William Leister's mansion, the flashy and wealthy husband of her mother Rafaela. As a proud and independent 17 year old, Noah resists living in a mansion surrounded by luxury. However, it is there where she meets Nick, her new stepbrother, and the clash of their strong personalities becomes evident from the very beginning.",Drama|Romance|Thriller,Nicole Wallace|Gabriel Guevara|Marta Hazas|Iván Sánchez|Eva Ruiz|Víctor Varona|Fran Berenguer|Adriana Ubani|Ivan Massagué|Mariano Venancio,es,7.726,44.2504,2023-06-08
1011477,Karate Kid: Legends,movie,"After a family tragedy, kung fu prodigy Li Fong is uprooted from his home in Beijing and forced to move to New York City with his mother. When a new friend needs his help, Li enters a karate competition – but his skills alone aren't enough. Li's kung fu teacher Mr. Han enlists original Karate Kid Daniel LaRusso for help, and Li learns a new way to fight, merging their two styles into one for the ultimate martial arts showdown.",Action|Adventure|Drama,Jackie Chan|Ben Wang|Joshua Jackson|Sadie Stanley|Ming-Na Wen|Wyatt Oleff|Aramis Knight|Ralph Macchio|Olivia Yang Avis|Aaron Wang,en,6.97,41.9217,2025-05-08
911430,F1,movie,Racing legend Sonny Hayes is coaxed out of retirement to lead a struggling Formula 1 team—and mentor a young hotshot driver—while chasing one more chance at glory.,Action|Drama,Brad Pitt|Damson Idris|Javier Bardem|Kerry Condon|Tobias Menzies|Kim Bodnia|Sarah Niles|Will Merrick|Joseph Balderrama|Abdul Salis,en,7.827,42.8465,2025-06-25
131631,The Hunger Games: Mockingjay - Part 1,movie,"After surviving the Quarter Quell, Katniss finds herself in the hidden stronghold of District 13, where the rebellion against the Capitol is gaining momentum. Struggling with the weight of becoming the symbol of resistance, she must navigate fragile alliances while trying to protect those she loves. As propaganda battles rage and Panem moves closer to full-scale war, Katniss is forced to confront the true cost of revolution.",Science Fiction|Adventure|Thriller,Jennifer Lawrence|Josh Hutcherson|Liam Hemsworth|Woody Harrelson|Elizabeth Banks|Julianne Moore|Philip Seymour Hoffman|Jeffrey Wright|Stanley Tucci|Donald Sutherland,en,6.814,42.431,2014-11-19
1168190,The Wrecking Crew,movie,"Estranged half-brothers Jonny and James reunite after their father's mysterious death. As they search for the truth, buried secrets reveal a conspiracy threatening to tear their family apart.",Action|Comedy|Crime|Mystery,Dave Bautista|Jason Momoa|Temuera Morrison|Morena Baccarin|Roimata Fox|Frankie Adams|Claes Bang|Jacob Batalon|Maia Kealoha|Stephen Root,en,7.091,46.0294,2026-01-28
1234821,Jurassic World Rebirth,movie,"Five years after the events of Jurassic World Dominion, covert operations expert Zora Bennett is contracted to lead a skilled team on a top-secret mission to secure genetic material from the world's three most massive dinosaurs. When Zora's operation intersects with a civilian family whose boating expedition was capsized, they all find themselves stranded on an island where they come face-to-face with a sinister, shocking discovery that's been hidden from the world for decades.",Science Fiction|Adventure|Action,Scarlett Johansson|Mahershala Ali|Jonathan Bailey|Rupert Friend|Manuel Garcia-Rulfo|Luna Blaise|David Iacono|Audrina Miranda|Philippine Velge|Bechir Sylvain,en,6.253,42.6688,2025-06-23
12153,White Chicks,movie,"Two FBI agent brothers, Marcus and Kevin Copeland, accidentally foil a drug bust. To avoid being fired they accept a mission escorting a pair of socialites to the Hamptons--but when the girls are disfigured in a car accident, they refuse to go. Left without options, Marcus and Kevin decide to pose as the sisters, transforming themselves from black men into rich white women.",Comedy|Crime,Shawn Wayans|Marlon Wayans|Frankie Faison|Terry Crews|Faune Chambers Watkins|Rochelle Aytes|John Heard|Lochlyn Munro|Busy Philipps|Jennifer Carpenter,en,6.968,43.752,2004-06-23
210577,Gone Girl,movie,"With his wife's disappearance having become the focus of an intense media circus, a man sees the spotlight turned on him when it's suspected that he may not be innocent.",Mystery|Thriller|Drama,Ben Affleck|Rosamund Pike|Neil Patrick Harris|Tyler Perry|Carrie Coon|Kim Dickens|Patrick Fugit|David Clennon|Lisa Banes|Missi Pyle,en,7.89,44.0288,2014-10-01
933260,The Substance,movie,"A fading celebrity decides to use a black market drug, a cell-replicating substance that temporarily creates a younger, better version of herself.",Horror|Science Fiction,Demi Moore|Margaret Qualley|Dennis Quaid|Edward Hamilton-Clark|Gore Abrams|Oscar Lesage|Christian Erickson|Robin Greer|Tom Morton|Hugo Diego Garcia,en,7.135,43.2845,2024-09-07
1242898,Predator: Badlands,movie,"Cast out from his clan, a young Predator finds an unlikely ally in a damaged android and embarks on a treacherous journey in search of the ultimate adversary.",Action|Science Fiction|Adventure,Elle Fanning|Dimitrius Schuster-Koloamatangi|Ravi Narayan|Michael Homick|Stefan Grube|Reuben De Jong|Cameron Brown|Alison Wright|Matt Duffer|Ross Duffer,en,7.84,42.0313,2025-11-05
1137844,Mayday,movie,"When a U.S. Navy pilot on a top-secret mission during the Cold War gets trapped behind enemy lines, his only chance at survival is to form an alliance with an eccentric ex-KGB agent.",Action|Comedy,Ryan Reynolds|Kenneth Branagh|Marcin Dorociński|Maria Bakalova|David Morse|Clark Johnson|Wendy Crewson|Louis Cancelmi|Josh Hamilton|Alex Mallari Jr.,en,7.965,39.6438,2026-09-03
672,Harry Potter and the Chamber of Secrets,movie,"Cars fly, trees fight back, and a mysterious house-elf comes to warn Harry Potter at the start of his second year at Hogwarts. Adventure and danger await when bloody writing on a wall announces: The Chamber Of Secrets Has Been Opened. To save Hogwarts will require all of Harry, Ron and Hermione's magical abilities and courage.",Adventure|Fantasy,Daniel Radcliffe|Rupert Grint|Emma Watson|Kenneth Branagh|Toby Jones|Robbie Coltrane|Richard Harris|Alan Rickman|Tom Felton|Jason Isaacs,en,7.709,46.229,2002-11-13
673,Harry Potter and the Prisoner of Azkaban,movie,Harry Potter's life is in danger once more as dangerous wizard Sirius Black has escaped from Azkaban Prison and is heading to Hogwarts.,Adventure|Fantasy,Daniel Radcliffe|Rupert Grint|Emma Watson|Robbie Coltrane|Michael Gambon|Gary Oldman|David Thewlis|Timothy Spall|Alan Rickman|Tom Felton,en,8.013,45.8896,2004-05-31
354912,Coco,movie,"Despite his family’s baffling generations-old ban on music, Miguel dreams of becoming an accomplished musician like his idol, Ernesto de la Cruz. Desperate to prove his talent, Miguel finds himself in the stunning and colorful Land of the Dead following a mysterious chain of events. Along the way, he meets charming trickster Hector, and together, they set off on an extraordinary journey to unlock the real story behind Miguel's family history.",Family|Animation|Music|Adventure,Anthony Gonzalez|Gael García Bernal|Benjamin Bratt|Alanna Ubach|Renée Victor|Jaime Camil|Alfonso Arau|Herbert Siguenza|Gabriel Iglesias|Lombardo Boyar,en,8.198,47.0343,2017-10-27
1058424,Hope,movie,"In the remote South Korean village of Hope Harbor, police chief Bum-seok and officer Sung-ae are called to investigate a mysterious creature wreaking havoc on the community. But all is not as it seems, and perceptions can be misleading. What begins as ignorance plants the seed of disaster, escalating through human conflict into a tragedy of cosmic proportions.",Science Fiction|Mystery|Action,Hwang Jung-min|Zo In-sung|Hoyeon|Alicia Vikander|Michael Fassbender|Taylor Russell|Cameron Britton|Lee Sang-hee|Um Mun-suk|Im Hyun-sik,ko,7.2,43.1786,2026-07-15
315635,Spider-Man: Homecoming,movie,"Following the events of Captain America: Civil War, Peter Parker, with the help of his mentor Tony Stark, tries to balance his life as an ordinary high school student in Queens, New York City, with fighting crime as his superhero alter ego Spider-Man as a new threat, the Vulture, emerges.",Action|Adventure|Science Fiction,Tom Holland|Michael Keaton|Robert Downey Jr.|Marisa Tomei|Jon Favreau|Gwyneth Paltrow|Zendaya|Donald Glover|Jacob Batalon|Laura Harrier,en,7.333,46.2291,2017-07-05
1723013,Hibla 2,movie,"Two VMX queens, Aliya Raymundo and Margaret Diaz, play reunited childhood friends who share a memorable past and a complicated present: one is a liberated city girl, the other a sheltered country virgin, and both are surrounded by men eager to get a taste of their youth.",Drama,Aliya Raymundo|Margaret Diaz|Albie Casiño|Ghion Layug,tl,3.0,45.2559,2026-06-30
950028,The Invite,movie,"Joe and Angela's marriage is on thin ice. When they invite their enigmatic upstairs neighbors for a dinner party, the night spirals into unexpected places. Have they reignited the spark or lit the match that burns it all down?",Comedy|Drama|Romance,Olivia Wilde|Seth Rogen|Penélope Cruz|Edward Norton|Skip Howland|Mel Powell|Rachel Thurow|Mario Valdez,en,7.226,40.3463,2026-04-30
475557,Joker,movie,"During the 1980s, a failed stand-up comedian is driven insane and turns to a life of crime and chaos in Gotham City while becoming an infamous psychopathic crime figure.",Crime|Thriller|Drama,Joaquin Phoenix|Robert De Niro|Zazie Beetz|Frances Conroy|Brett Cullen|Shea Whigham|Bill Camp|Glenn Fleshler|Leigh Gill|Josh Pais,en,8.115,41.4082,2019-10-01
445466,Idiots,movie,"Two rock-bottom drivers transport a wealthy teen to rehab, but their simple job spirals into a chaotic journey of drugs, danger, and crime as their passenger derails their plans.",Comedy|Crime,Dave Franco|O'Shea Jackson Jr.|Mason Thames|Kiernan Shipka|Peter Dinklage|Nicholas Braun|Lynn Wanlass|Macon Blair|Grace Junot|Lee Eddy,en,6.235,40.594,2026-08-20
674,Harry Potter and the Goblet of Fire,movie,"When his name emerges from the Goblet of Fire, Harry Potter becomes a competitor in a grueling battle for glory among three wizarding schools. Signs of Voldemort's return emerge as Harry's friends help him prepare for the Triwizard Tournament.",Adventure|Fantasy,Daniel Radcliffe|Rupert Grint|Emma Watson|Brendan Gleeson|Michael Gambon|Robert Pattinson|Ralph Fiennes|Robbie Coltrane|Alan Rickman|David Tennant,en,7.803,43.7757,2005-11-16
280,Terminator 2: Judgment Day,movie,"Ten years after the events of the original, a reprogrammed T-800 is sent back in time to protect young John Connor from the shape-shifting T-1000. Together with his mother Sarah, he fights to stop Skynet from triggering a nuclear apocalypse.",Action|Thriller|Science Fiction,Arnold Schwarzenegger|Linda Hamilton|Edward Furlong|Robert Patrick|Earl Boen|Joe Morton|S. Epatha Merkerson|Castulo Guerra|Danny Cooksey|Jenette Goldstein,en,8.172,45.3943,1991-07-03
454639,Masters of the Universe,movie,"After being separated for 15 years, the Sword of Power leads Prince Adam back to Eternia, where he discovers his home shattered under the fiendish rule of Skeletor. To save his family and his world, Adam must join forces with his closest allies, Teela and Duncan/Man-At-Arms, and embrace his true destiny as He-Man — the most powerful man in the universe.",Action|Fantasy|Science Fiction,Nicholas Galitzine|Camila Mendes|Idris Elba|Jared Leto|Alison Brie|Jóhannes Haukur Jóhannesson|Jon Xue Zhang|Sam C. Wilson|James Purefoy|Charlotte Riley,en,7.106,43.8435,2026-06-03
1127384,Deep Water,movie,A group of international passengers on a flight from Los Angeles to Shanghai is forced to make an emergency landing in shark-infested waters. The terrified group is forced to work together and overcome their differences if they hope to escape their sinking plane and the frenzy of sharks drawn to the wreckage.,Horror|Thriller|Adventure,Aaron Eckhart|Ben Kingsley|Molly Belle Wright|Angus Sampson|Elijah Tamati|Zhao Simei|Li Wenhan|Nashi|Richard Crouchley|Madeleine West,en,7.404,40.225,2026-04-30
1495,Kingdom of Heaven,movie,"After his wife dies, a blacksmith named Balian is thrust into royalty, political intrigue and bloody holy wars during the Crusades.",Drama|Action|Adventure|History|War,Orlando Bloom|Eva Green|Jeremy Irons|David Thewlis|Ghassan Massoud|Liam Neeson|Brendan Gleeson|Marton Csokas|Alexander Siddig|Michael Sheen,en,7.093,42.66,2005-05-03
324857,Spider-Man: Into the Spider-Verse,movie,"Struggling to find his place in the world while juggling school and family, Brooklyn teenager Miles Morales is unexpectedly bitten by a radioactive spider and develops unfathomable powers just like the one and only Spider-Man. While wrestling with the implications of his new abilities, Miles discovers a super collider created by the madman Wilson ""Kingpin"" Fisk, causing others from across the Spider-Verse to be inadvertently transported to his dimension.",Animation|Action|Adventure|Science Fiction,Shameik Moore|Jake Johnson|Hailee Steinfeld|Mahershala Ali|Brian Tyree Henry|Lily Tomlin|Luna Lauren Vélez|Zoë Kravitz|John Mulaney|Kimiko Glenn,en,8.401,44.5882,2018-12-06
76341,Mad Max: Fury Road,movie,"An apocalyptic story set in the furthest reaches of our planet, in a stark desert landscape where humanity is broken, and most everyone is crazed fighting for the necessities of life. Within this world exist two rebels on the run who just might be able to restore order.",Action|Adventure|Science Fiction,Tom Hardy|Charlize Theron|Nicholas Hoult|Hugh Keays-Byrne|Josh Helman|Nathan Jones|Zoë Kravitz|Rosie Huntington-Whiteley|Riley Keough|Abbey Lee,en,7.639,44.6369,2015-05-13
863,Toy Story 2,movie,"Andy heads off to Cowboy Camp, leaving his toys to their own devices. Things shift into high gear when an obsessive toy collector named Al McWhiggen, owner of Al's Toy Barn kidnaps Woody. Andy's toys mount a daring rescue mission, Buzz Lightyear meets his match and Woody has to decide where he and his heart truly belong.",Animation|Comedy|Family,Tom Hanks|Tim Allen|Joan Cusack|Kelsey Grammer|Don Rickles|Jim Varney|Wallace Shawn|John Ratzenberger|Annie Potts|Wayne Knight,en,7.623,45.1846,1999-10-30
1523145,Your Heart Will Be Broken,movie,"High school student Polina is saved from bullying at her new school and makes a deal with the main bully Bars: he must pretend to be her boyfriend and protect her, and she must do everything he says. During this game, the couple develops real feelings, but her family and classmates have reasons to separate the lovers.",Romance,Daniel Vegas|Veronika Zhuravleva|Ivan Trushin|Maksim Saprykin|Alya Mayer|Evgeniya Loza|Pavel Kuzmin|Alexandra Tikhonova|Margarita Dyachenkova|Anton Solomatin,ru,7.1,50.8569,2026-03-26
936075,Michael,movie,"The story of Michael Jackson, one of the most influential artists the world has ever known, and his life beyond the music. His journey from the discovery of his extraordinary talent as the lead of the Jackson Five, to the visionary artist whose creative ambition fueled a relentless pursuit to become the biggest entertainer in the world, highlighting both his life off-stage and some of the most iconic performances from his early solo career.",Music|Drama,Jaafar Jackson|Colman Domingo|Nia Long|Juliano Krue Valdi|KeiLyn Durrel Jones|Miles Teller|Larenz Tate|Laura Harrier|Mike Myers|Kendrick Sampson,en,8.623,53.5858,2026-04-22
1384216,The Dog Stars,movie,"After the world's population has been ravaged by a pandemic, a man lives a lonesome existence in a Colorado airplane hangar with his dog and a dour gunman he has befriended. When a mysterious transmission comes through on the radio while he’s flying his old Cessna, it sparks a hunt for the provenance of the sound.",Science Fiction|Thriller|Adventure,Jacob Elordi|Margaret Qualley|Josh Brolin|Guy Pearce|Allison Janney|Benedict Wong|Ewen Bremner|James Craze|Sam Spruell|Sai Bennett,en,6.6,48.0233,2026-08-26
1302904,Practical Magic 2,movie,The Owens sisters must confront the dark curse that threatens to unravel their family once and for all.,Romance|Fantasy|Comedy,Sandra Bullock|Nicole Kidman|Joey King|Maisie Williams|Xolo Maridueña|Lee Pace|Dianne Wiest|Stockard Channing|Solly McLeod|Ema Cavolli,en,6.2,47.7228,2026-09-09
14836,Coraline,movie,"Wandering her rambling old house in her boring new town, 11-year-old Coraline discovers a hidden door to a strangely idealized version of her life. In order to stay in the fantasy, she must make a frighteningly real sacrifice.",Animation|Family|Fantasy|Horror,Dakota Fanning|Teri Hatcher|Jennifer Saunders|Dawn French|Keith David|John Hodgman|Robert Bailey Jr.|Ian McShane|Aankha Neal|George Selick,en,7.939,48.7959,2009-02-05
1212763,Evil Dead Burn,movie,"After her husband's abrupt death, Alice seeks solace with his remaining family — descendants of a leading researcher on demonic possession. As her in-laws transform one by one into creatures that feed on fear, she comes to discover that the vows she took in life survive even in death.",Horror,Souheila Yacoub|Tandi Wright|Hunter Doohan|Luciane Buchanan|Erroll Shand|Maude Davey|George Pullar|Greta van den Brink|Keanu Karim|Victory Ndukwe,en,7.647,48.0529,2026-07-07
1560520,Batman: Knightfall Part 1: Knightfall,movie,"Arkham Asylum has been destroyed, and all its inmates have been unleashed upon Gotham City. As Batman races to round up some of his greatest enemies, he is pushed to his physical and mental limits and into a final confrontation with a new threat: the man called Bane!",Animation|Action|Adventure|Drama,Anson Mount|Michael Mando|Pablo Schreiber|Jeff Bennett|Luis Bermudez|Bruce Boxleitner|Jessica Camacho|Anthony Crivello|David Dastmalchian|Jason Flemyng,en,9.144,48.0953,2026-06-23
1437195,Livestream from Hell,movie,"When Kevin Hart teams up with fellow comedian, Druski, and streamer, Kai Cenat for a record-breaking livestream at his tech-savvy mansion, things go hilariously off the rails, until the pranks turn to panic, and a real murder mystery unfolds on camera, trapping the trio and their celebrity guests in a high-stakes, horror-comedy whodunnit watched by millions.",Horror|Comedy,Kevin Hart|Kai Cenat|Druski|Kam Patterson|Ray H|Kel Mitchell|Sexyy Red|Duke Dennis|Fanum|Roll Tide Willie,en,6.095,45.8527,2026-09-30
1599993,Animals,movie,"Four couples sail the thin line between desire and search for authenticity, in a world where truth is as fragile as their relationships.",Comedy|Thriller,Nashla Bogaert|Frank Perozo|Pamela Sued|David Maler|Camila Issa|Pedro Casals|Vitaly Sánchez|María del Mar Bonelly,es,6.192,44.7141,2026-02-05
550,Fight Club,movie,"A ticking-time-bomb insomniac and a slippery soap salesman channel primal male aggression into a shocking new form of therapy. Their concept catches on, with underground ""fight clubs"" forming in every town, until an eccentric gets in the way and ignites an out-of-control spiral toward oblivion.",Drama|Thriller,Edward Norton|Brad Pitt|Helena Bonham Carter|Meat Loaf|Jared Leto|Zach Grenier|Holt McCallany|Eion Bailey|Richmond Arquette|David Andrews,en,8.437,46.1645,1999-10-15
680,Pulp Fiction,movie,"A burger-loving hit man, his philosophical partner, a drug-addled gangster's moll and a washed-up boxer converge in this sprawling, comedic crime caper. Their adventures unfurl in three stories that ingeniously trip back and forth in time.",Thriller|Crime|Comedy,John Travolta|Samuel L. Jackson|Uma Thurman|Bruce Willis|Ving Rhames|Harvey Keitel|Eric Stoltz|Tim Roth|Amanda Plummer|Maria de Medeiros,en,8.48,46.3868,1994-09-10
361743,Top Gun: Maverick,movie,"After more than thirty years of service as one of the Navy’s top aviators, and dodging the advancement in rank that would ground him, Pete “Maverick” Mitchell finds himself training a detachment of TOP GUN graduates for a specialized mission the likes of which no living pilot has ever seen.",Action|Drama,Tom Cruise|Miles Teller|Jennifer Connelly|Bashir Salahuddin|Jon Hamm|Charles Parnell|Monica Barbaro|Lewis Pullman|Jay Ellis|Danny Ramirez,en,8.158,47.5475,2022-05-21
242,The Godfather Part III,movie,"In the midst of trying to legitimize his business dealings in 1979 New York and Italy, aging mafia don, Michael Corleone seeks forgiveness for his sins while taking a young protege under his wing.",Crime|Drama|Thriller,Al Pacino|Diane Keaton|Talia Shire|Andy Garcia|Eli Wallach|Joe Mantegna|George Hamilton|Bridget Fonda|Sofia Coppola|Raf Vallone,en,7.414,42.4757,1990-12-25
1368166,The Housemaid,movie,"Trying to escape her past, Millie Calloway accepts a job as a live-in housemaid for the wealthy Nina and Andrew Winchester. But what begins as a dream job quickly unravels into something far more dangerous—a sexy, seductive game of secrets, scandal, and power.",Mystery|Thriller,Sydney Sweeney|Amanda Seyfried|Brandon Sklenar|Michele Morrone|Indiana Elle|Sarah Cooper|Elizabeth Perkins|Amanda Joy Erickson|Megan Ferguson|Ellen Tamaki,en,7.252,46.1064,2025-12-18
1291595,Insidious: Out of the Further,movie,"Gemma, a young mother raising her daughter in the house she grew up in, discovers she can travel into The Further, where she possesses an ability to bring what lives there back to the real world.",Horror|Thriller,Amelia Eve|Island Austin|Brandon Perea|Lin Shaye|Maisie Richardson-Sellers|Sam Spruell|Joseph Lopez|Robina Beard|Susan Gray|Laura Gordon,en,6.5,43.446,2026-08-19
1081003,Supergirl,movie,"When an unexpected and ruthless adversary strikes too close to home, Kara Zor-El, aka Supergirl, reluctantly joins forces with an unlikely companion on an epic, interstellar journey of vengeance and justice.",Action|Adventure|Science Fiction,Milly Alcock|Eve Ridley|Matthias Schoenaerts|Jason Momoa|David Krumholtz|Emily Beecham|David Corenswet|Kadiff Kirwan|Thalissa Teixeira|Ferdinand Kingsley,en,6.658,54.9182,2026-06-24
569094,Spider-Man: Across the Spider-Verse,movie,"After reuniting with Gwen Stacy, Brooklyn’s full-time, friendly neighborhood Spider-Man is catapulted across the Multiverse, where he encounters the Spider Society, a team of Spider-People charged with protecting the Multiverse's very existence. But when the heroes clash on how to handle a new threat, Miles finds himself pitted against the other Spiders and must set out on his own to save those he loves most.",Animation|Action|Adventure|Science Fiction,Shameik Moore|Hailee Steinfeld|Brian Tyree Henry|Luna Lauren Vélez|Jake Johnson|Oscar Isaac|Jason Schwartzman|Issa Rae|Daniel Kaluuya|Karan Soni,en,8.351,51.8934,2023-05-31
1273221,Scary Movie,movie,"Twenty-six years after outrunning a suspiciously familiar masked killer, the Core Four are back in the killer's crosshairs and no horror movie IP is safe.",Comedy,Anna Faris|Regina Hall|Marlon Wayans|Shawn Wayans|Olivia Rose Keegan|Cameron Scott Roberts|Savannah Lee Nassif|Sydney Park|Gregg Wayans|Benny Zielke,en,6.365,57.3514,2026-06-03
155,The Dark Knight,movie,"Batman raises the stakes in his war on crime. With the help of Lt. Jim Gordon and District Attorney Harvey Dent, Batman sets out to dismantle the remaining criminal organizations that plague the streets. The partnership proves to be effective, but they soon find themselves prey to a reign of chaos unleashed by a rising criminal mastermind known to the terrified citizens of Gotham as the Joker.",Action|Thriller|Crime,Christian Bale|Heath Ledger|Aaron Eckhart|Michael Caine|Maggie Gyllenhaal|Gary Oldman|Morgan Freeman|Monique Gabriela Curnen|Ron Dean|Cillian Murphy,en,8.537,51.8036,2008-07-16
120,The Lord of the Rings: The Fellowship of the Ring,movie,"Young hobbit Frodo Baggins, after inheriting a mysterious ring from his uncle Bilbo, must leave his home in order to keep it from falling into the hands of its evil creator. Along the way, a fellowship is formed to protect the ringbearer and make sure that the ring arrives at its final destination: Mt. Doom, the only place where it can be destroyed.",Adventure|Fantasy|Action,Elijah Wood|Ian McKellen|Viggo Mortensen|Sean Astin|Ian Holm|Liv Tyler|Christopher Lee|Sean Bean|Billy Boyd|Dominic Monaghan,en,8.446,55.56,2001-12-18
20352,Despicable Me,movie,"Determined to prove he's the world's greatest supervillain, Gru hatches an audacious plan to steal the Moon. To pull it off, he adopts three orphaned girls—Margo, Edith, and Agnes—intending to use them as pawns in his scheme. But the unexpected bond they form forces him to question the criminal life he's always known.",Animation|Comedy|Crime|Science Fiction|Family,Steve Carell|Jason Segel|Russell Brand|Julie Andrews|Will Arnett|Kristen Wiig|Miranda Cosgrove|Dana Gaier Ellis|Elsie Fisher|Pierre Coffin,en,7.262,53.1913,2010-07-08
276488,Let Us Prey,movie,"Rachel, a rookie cop, is about to begin her first night shift in a neglected police station in a Scottish, backwater town. The kind of place where the tide has gone out and stranded a motley bunch of the aimless, the forgotten, the bitter-and-twisted who all think that, really, they deserve to be somewhere else. They all think they're there by accident and that, with a little luck, life is going to get better. Wrong, on both counts. Six is about to arrive - and All Hell Will Break Loose!",Thriller|Horror,Liam Cunningham|Niall Greig Fulton|Pollyanna McIntosh|Douglas Russell|Bryan Larkin|Hanna Stanbridge|Brian Vernel|James McCreadie|Jonathan Watson|Sophie Stephanie Farmer,en,5.73,45.5243,2014-04-17
10138,Iron Man 2,movie,"With the world now aware of his dual life as the armored superhero Iron Man, billionaire inventor Tony Stark faces pressure from the government, the press and the public to share his technology with the military. Unwilling to let go of his invention, Stark, with Pepper Potts and James 'Rhodey' Rhodes at his side, must forge new alliances – and confront powerful enemies.",Adventure|Action|Science Fiction,Robert Downey Jr.|Gwyneth Paltrow|Don Cheadle|Scarlett Johansson|Sam Rockwell|Mickey Rourke|Samuel L. Jackson|Clark Gregg|John Slattery|Garry Shandling,en,6.855,50.4865,2010-04-28
4935,Howl's Moving Castle,movie,"Sophie, a young milliner, is turned into an elderly woman by a witch who enters her shop and curses her. She encounters a wizard named Howl and gets caught up in his resistance to fighting for the king.",Fantasy|Animation|Adventure,Chieko Baisho|Takuya Kimura|Akihiro Miwa|Tatsuya Gashuin|Ryunosuke Kamiki|Mitsunori Isaki|Yo Oizumi|Akio Otsuka|Daijirō Harada|Haruko Katō,ja,8.4,50.7724,2004-09-09
44980,Zero Woman 2,movie,"When a valuable suitcase is stolen, the mob, petty criminals, and a beautiful agent from the Elite Zero division are pulled into a battle to settle the score.",Action|Thriller,Natsuki Ozawa|Saori Iwama|Kane Kosugi|Hiroyuki Watari|Tomomi Miyauchi|Hiromitsu Kiho|Minoru Toyoshima|Yoshitaka Yanagita|Mitsuhiro Matsumoto|Seitaro Fujii,ja,5.0,45.4543,1995-09-05
1226863,The Super Mario Galaxy Movie,movie,"Having thwarted Bowser's previous plot to marry Princess Peach, Mario and Luigi now face a fresh threat in Bowser Jr., who is determined to liberate his father from captivity and restore the family legacy. Alongside companions new and old, the brothers travel across the stars to stop the young heir's crusade.",Family|Comedy|Adventure|Fantasy|Animation,Chris Pratt|Charlie Day|Anya Taylor-Joy|Jack Black|Keegan-Michael Key|Benny Safdie|Glen Powell|Brie Larson|Donald Glover|Kevin Michael Richardson,en,8.2,54.5198,2026-04-01
872585,Oppenheimer,movie,The story of J. Robert Oppenheimer's role in the development of the atomic bomb during World War II.,Drama|History,Cillian Murphy|Emily Blunt|Matt Damon|Robert Downey Jr.|Florence Pugh|Josh Hartnett|Casey Affleck|Rami Malek|Kenneth Branagh|Benny Safdie,en,8.022,52.4218,2023-07-19
438631,Dune,movie,"Paul Atreides, a brilliant and gifted young man born into a great destiny beyond his understanding, must travel to the most dangerous planet in the universe to ensure the future of his family and his people. As malevolent forces explode into conflict over the planet's exclusive supply of the most precious resource in existence - a commodity capable of unlocking humanity's greatest potential - only those who can conquer their fear will survive.",Science Fiction|Adventure,Timothée Chalamet|Rebecca Ferguson|Oscar Isaac|Jason Momoa|Stellan Skarsgård|Stephen McKinley Henderson|Josh Brolin|Javier Bardem|Sharon Duncan-Brewster|Chang Chen,en,7.784,48.1013,2021-09-15
27205,Inception,movie,"Cobb, a skilled thief who commits corporate espionage by infiltrating the subconscious of his targets is offered a chance to regain his old life as payment for a task considered to be impossible: ""inception"", the implantation of another person's idea into a target's subconscious.",Action|Science Fiction|Adventure,Leonardo DiCaprio|Joseph Gordon-Levitt|Ken Watanabe|Tom Hardy|Elliot Page|Dileep Rao|Cillian Murphy|Tom Berenger|Marion Cotillard|Pete Postlethwaite,en,8.374,52.2812,2010-07-15
1307118,Soulm8te,movie,"After a ruthless tech giant acquires a small robotics company, a grieving engineer is tasked with testing their new AI companion. But when he attempts to reprogram her to be a truly sentient soulmate, she develops needs of her own—unleashing a relentless spree of precision-engineered mayhem.",Horror|Science Fiction|Thriller,David Rysdahl|Lily Sullivan|Claudia Doumit|Arty Froushan|Elijah Isaiah Cook|Mara Huf|Sydney Blackburn|Isabelle Bonfrer|Emma Ramos|Oliver Cooper,en,7.517,48.2055,2026-07-31
150540,Inside Out,movie,"When 11-year-old Riley moves to a new city, her Emotions team up to help her through the transition. Joy, Fear, Anger, Disgust and Sadness work together, but when Joy and Sadness get lost, they must journey through unfamiliar places to get back home.",Animation|Family|Adventure|Drama|Comedy,Amy Poehler|Phyllis Smith|Richard Kind|Bill Hader|Lewis Black|Mindy Kaling|Kaitlyn Dias|Diane Lane|Kyle MacLachlan|Paula Poundstone,en,7.905,59.9074,2015-06-17
238,The Godfather,movie,"Spanning the years 1945 to 1955, a chronicle of the fictional Italian-American Corleone crime family. When organized crime family patriarch, Vito Corleone barely survives an attempt on his life, his youngest son, Michael steps in to take care of the would-be killers, launching a campaign of bloody revenge.",Drama|Crime,Marlon Brando|Al Pacino|James Caan|Robert Duvall|Richard S. Castellano|Diane Keaton|Talia Shire|Gianni Russo|Sterling Hayden|John Marley,en,8.688,58.3471,1972-03-14
1621552,Facing El Chapo,movie,Two Mexican officers must survive the final hours of their shift after crossing a ruthless cartel boss.,Crime|Action|Thriller,Alfonso Herrera|Noé Hernández|Hector Kotsifakis|Paola Fernández|Gerardo Trejoluna|Fernando Cuautle|Alejandra Vazquez De Leon|Santiago Colores|Berenice Mastretta|Regina Arroyo,es,8.779,58.091,2026-08-21
1229906,Family,movie,"A 10-year-old girl begins to believe her parents are trying to kill her. Convinced a sinister spirit is to blame, she spirals into a haunting fantasy world that mirrors her deepest fears.",Drama|Horror,Ruth Wilson|Ben Chaplin|Cameron Dawson Gray|Allan Corduner|Ryan Lucy|Beau McConnell,en,10.0,66.487,2026-09-25
634649,Spider-Man: No Way Home,movie,"Peter Parker is unmasked and no longer able to separate his normal life from the high-stakes of being a super-hero. When he asks for help from Doctor Strange the stakes become even more dangerous, forcing him to discover what it truly means to be Spider-Man.",Action|Adventure|Science Fiction,Tom Holland|Zendaya|Benedict Cumberbatch|Jacob Batalon|Jon Favreau|Jamie Foxx|Willem Dafoe|Alfred Molina|Benedict Wong|Tony Revolori,en,7.947,59.4466,2021-12-15
1185806,PAW Patrol: The Dino Movie,movie,"The Paw Patrol lands on a mysterious dinosaur island after a storm, where they meet Rex, a stranded pup. When Humdinger's reckless mining triggers a volcano, the team faces their biggest rescue mission yet to save the island.",Animation|Adventure|Family|Fantasy|Comedy,Carter Young|Mckenna Grace|Terry Crews|Meredith MacNeill|Ron Pardo|Jennifer Hudson|Hayden Chemberlen|Fortune Feimster|Jameela Jamil|Rain Janjua,en,8.2,69.2261,2026-07-23
880067,Strung,movie,"A talented violinist's prestigious new role as a music tutor for an enigmatic, elite family spirals into a psychological battle for her safety and sanity.",Mystery|Thriller,Chlöe Bailey|Lynn Whitfield|Lucien Laviscount|Anna Diop|Romy Woods|Coco Jones|Pardison Fontaine|Lebo Mashile|Langley Kirkwood|Donna Biscoe,en,7.629,56.547,2026-06-18
1323244,Rage of Stars,movie,"A story about a woman from the International Special Forces Unit, who has a premonition about the impending end of humanity.",Action|Science Fiction|Thriller,Andrea Tivadar|Jord Knotter|Jack McEvoy|Elijah Rowen|Małgorzata Klara|Mayu Gralińska Sakai|Jakub Ormaniec|Milena Grzybek|Monika Gieron|Natalia Filak,en,6.543,55.4356,2026-08-06
205596,The Imitation Game,movie,"Based on the real life story of legendary cryptanalyst Alan Turing, the film portrays the nail-biting race against time by Turing and his brilliant team of code-breakers at Britain's top-secret Government Code and Cypher School at Bletchley Park, during the darkest days of World War II.",History|Drama|Thriller|War,Benedict Cumberbatch|Keira Knightley|Matthew Goode|Rory Kinnear|Allen Leech|Matthew Beard|Charles Dance|Mark Strong|James Northcote|Tom Goodman-Hill,en,7.978,59.4969,2014-11-14
671,Harry Potter and the Philosopher's Stone,movie,"Harry Potter has lived under the stairs at his aunt and uncle's house his whole life. But on his 11th birthday, he learns he's a powerful wizard—with a place waiting for him at the Hogwarts School of Witchcraft and Wizardry. As he learns to harness his newfound powers with the help of the school's kindly headmaster, Harry uncovers the truth about his parents' deaths—and about the villain who's to blame.",Adventure|Fantasy,Daniel Radcliffe|Rupert Grint|Emma Watson|Richard Harris|Tom Felton|Alan Rickman|Robbie Coltrane|Maggie Smith|Richard Griffiths|Ian Hart,en,7.904,58.9571,2001-11-16
1481603,Hold the Fort,movie,"A HOA turns out to be more troublesome than usual in this wildly amusing, FX-heavy freak-out about newly minted suburbanites unexpectedly forced to take part in a struggle against monstrous forces.",Horror|Comedy,Chris Mayers|Haley Leary|Julian Smith|Michelle I. Lamb|Levi Burdick|Hamid-Reza Benjamin Thompson|Tordy Clark|Alex McKelvey|Mark Ashworth|Ryan Monolopolus,en,6.167,52.7415,2025-07-16
693134,Dune: Part Two,movie,"Follow the mythic journey of Paul Atreides as he unites with Chani and the Fremen while on a path of revenge against the conspirators who destroyed his family. Facing a choice between the love of his life and the fate of the known universe, Paul endeavors to prevent a terrible future only he can foresee.",Science Fiction|Adventure,Timothée Chalamet|Zendaya|Rebecca Ferguson|Javier Bardem|Josh Brolin|Austin Butler|Florence Pugh|Dave Bautista|Christopher Walken|Léa Seydoux,en,8.138,55.7925,2024-02-27
603,The Matrix,movie,"Set in the 22nd century, The Matrix tells the story of a computer hacker who joins a group of underground insurgents fighting the vast and powerful computers who now rule the earth.",Action|Science Fiction,Keanu Reeves|Laurence Fishburne|Carrie-Anne Moss|Hugo Weaving|Gloria Foster|Joe Pantoliano|Marcus Chong|Julian Arahanga|Matt Doran|Belinda McClory,en,8.26,53.6957,1999-03-31
1184918,The Wild Robot,movie,"After a shipwreck, an intelligent robot called Roz is stranded on an uninhabited island. To survive the harsh environment, Roz bonds with the island's animals and cares for an orphaned baby goose.",Family|Animation|Science Fiction|Adventure,Lupita Nyong'o|Pedro Pascal|Kit Connor|Bill Nighy|Stephanie Hsu|Matt Berry|Ving Rhames|Mark Hamill|Catherine O'Hara|Boone Storm,en,8.311,54.8798,2024-09-12
122,The Lord of the Rings: The Return of the King,movie,"As armies mass for a final battle that will decide the fate of the world--and powerful, ancient forces of Light and Dark compete to determine the outcome--one member of the Fellowship of the Ring is revealed as the noble heir to the throne of the Kings of Men. Yet, the sole hope for triumph over evil lies with a brave hobbit, Frodo, who, accompanied by his loyal friend Sam and the hideous, wretched Gollum, ventures deep into the very dark heart of Mordor on his seemingly impossible quest to destroy the Ring of Power.​",Adventure|Fantasy|Action,Elijah Wood|Ian McKellen|Viggo Mortensen|Sean Astin|Andy Serkis|Dominic Monaghan|Billy Boyd|John Noble|David Wenham|Miranda Otto,en,8.505,52.8972,2003-12-17
1280738,The Furious,movie,"After a criminal network kidnaps Wang Wei's daughter and the corrupt police refuse to assist him, Wei sets out on his own to locate her. Navin, a tenacious journalist whose wife has mysteriously vanished, is his only ally. In this explosive martial arts showdown, the unlikely duo fights the kidnappers ruthlessly driven by a furious vengeance.",Action|Crime|Thriller,Xie Miao|Joe Taslim|Yang Enyou|Yayan Ruhian|JeeJa Yanin|Brian Le|Joey Iwanaga|Sahajak Boonthanakit|Manatsanun Panlertwongskul|Winai Wiangyangkung,zh,8.201,56.2027,2026-06-10
1450404,The Treehouse,movie,"A couple enjoys a romantic weekend in a treehouse suspended more than 20 meters above the ground in a forest. At night, she wakes up with a start and sees her partner fall from the cabin, dying instantly.",Horror,Sandra Escacena|Claudio Portalo|Kandido Uranga|Mala Rodríguez|Apolonia Lapiedra|Asier Hernández|Inge Ugarte,es,3.75,82.7398,2025-09-19
1641629,You+Me - Against the World,movie,"Alma Lancaster, 18, appears to lead a perfect life within a wealthy family who believes she is studying law. In secret, she pursues her true dream: filmmaking. On campus, she meets Vadim Arcadi, 20, a magnetic and solitary rebel with a troubled past. Forced to collaborate on a student film, they clash, grow closer and fall in love — despite themselves. But someone is watching them, determined to tear them apart and expose secrets that could destroy both Alma and Vadim.",Romance|Drama,Vittoria Di Savoia|Lucas Barski|Zoé Garcia|Léo Legrand|Jean-Yves Berteloot|Suliane Brahim|Aymeric Fougeron|Gabrielle Taittinger|Bryan Trésor|Aboubacar Bidanessy,fr,5.738,68.4599,2026-09-18
1224993,Dark Nuns,movie,"Desperation drives two nuns to perform an exorcism no nun should attempt. With a possessed child at the mercy of evil and the opposition of the Catholic Church, they take on the dangerous forbidden rituals themselves, putting their immortal souls in grave danger. They must confront the terrifying cost of their sacrilegious actions, but one goal remains: the boy must be saved at all costs.",Horror|Mystery|Thriller|Drama,Song Hye-kyo|Jeon Yeo-bin|Lee Jin-uk|Moon Woo-jin|Huh Joon-ho|Kim Guk-hee|Shin Jae-whi|Gang Dong-won|Han Dong-hee|Park Jeong-hak,ko,6.195,63.4913,2025-01-24
980431,Avatar Aang: The Last Airbender,movie,"Avatar Aang, the world's last Airbender, learns of an ancient power that could save his culture from extinction. With the help of his friends, he embarks on a global quest to find it before it falls into the wrong hands and threatens to upend the peace they sacrificed everything to achieve.",Animation|Adventure|Fantasy|Action,Eric Nam|Dave Bautista|Jessica Matten|Román Zaragoza|Steven Yeun|Dionne Quan|Dee Bradley Baker|Freida Pinto|Ke Huy Quan|Taika Waititi,en,9.139,70.7825,2026-07-24
533535,Deadpool & Wolverine,movie,"A listless Wade Wilson toils away in civilian life with his days as the morally flexible mercenary, Deadpool, behind him. But when his homeworld faces an existential threat, Wade must reluctantly suit-up again with an even more reluctant Wolverine.",Action|Comedy|Science Fiction,Ryan Reynolds|Hugh Jackman|Emma Corrin|Matthew Macfadyen|Dafne Keen|Jon Favreau|Morena Baccarin|Rob Delaney|Leslie Uggams|Jennifer Garner,en,7.588,69.6933,2024-07-24
1469930,Project Sacrifice,movie,"While investigating their father’s death inside a major bridge construction company, Yuda and his family attempt to prove that the frequent, deadly workplace accidents are actually human sacrifices.",Horror|Thriller,Callista Arum|Kiesha Alvaro|Karina Suwandi|Eduwart Manalu|Fuad Idris|Agus Firmansyah|Adi Sudirja|Rendi Khrisna|Raffan Al Aryan|Cetul Leatherart,id,3.9,60.247,2026-05-13
1130948,Rosebush Pruning,movie,"When an American heir living in a luxurious Spanish villa decides to move in with his girlfriend, his departure triggers a family collapse as his brother uncovers the truth behind their mother's tragic death.",Comedy|Drama|Thriller,Callum Turner|Riley Keough|Jamie Bell|Lukas Gage|Tracy Letts|Elle Fanning|Pamela Anderson|Elena Anaya|Lolo Herrero|Teo Jansen,en,6.025,66.1696,2026-04-23
1228710,The Mandalorian and Grogu,movie,"The evil Empire has fallen, and Imperial warlords remain scattered throughout the galaxy. As the fledgling New Republic works to protect everything the Rebellion fought for, they have enlisted the help of legendary Mandalorian bounty hunter Din Djarin and his young apprentice Grogu.",Action|Adventure|Science Fiction,Pedro Pascal|Jeremy Allen White|Sigourney Weaver|Brendan Wayne|Lateef Crowder|Steve Blum|Jonny Coyne|Matthew Willig|Martin Scorsese|Hemky Madera,en,7.462,65.152,2026-05-20
1284465,The Death of Robin Hood,movie,"Grappling with his past after a life of crime and murder, Robin Hood finds himself gravely injured after a battle he thought would be his last. In the hands of a mysterious woman, he is offered a chance at salvation.",Adventure|Drama|Action,Hugh Jackman|Jodie Comer|Bill Skarsgård|Murray Bartlett|Noah Jupe|Jade Croot|Faith Delaney|Tabitha Smyth|Beau Thompson|Alfie Lawless,en,6.734,60.4973,2026-06-18
24428,The Avengers,movie,"When an unexpected enemy emerges and threatens global safety and security, Nick Fury, director of the international peacekeeping agency known as S.H.I.E.L.D., finds himself in need of a team to pull the world back from the brink of disaster. Spanning the globe, a daring recruitment effort begins!",Science Fiction|Action|Adventure,Robert Downey Jr.|Chris Evans|Mark Ruffalo|Chris Hemsworth|Scarlett Johansson|Jeremy Renner|Tom Hiddleston|Clark Gregg|Cobie Smulders|Stellan Skarsgård,en,8.079,68.0077,2012-04-25
1419406,The Shadow's Edge,movie,Macau Police brings the tracking expert police officer out of retirement to help catch a dangerous group of professional thieves.,Action|Crime|Drama|Thriller,Jackie Chan|Zhang Zifeng|Tony Leung Ka-fai|Ci Sha|Jun|Zhou Zhengjie|Wang Ziyi|Lang Yueting|Lin Qiunan|Zhenwei Wang,zh,8.316,64.2085,2025-08-16
1311031,Demon Slayer: Kimetsu no Yaiba Infinity Castle,movie,"The Demon Slayer Corps are drawn into the Infinity Castle, where Tanjiro, Nezuko, and the Hashira face terrifying Upper Rank demons in a desperate fight as the final battle against Muzan Kibutsuji begins.",Animation|Action|Fantasy,Natsuki Hanae|Takahiro Sakurai|Akira Ishida|Hiro Shimono|Yoshimasa Hosoya|Saori Hayami|Mamoru Miyano|Reina Ueda|Yuichi Nakamura|Lynn,ja,8.795,61.5567,2025-07-18
348,Alien,movie,"During its return to the earth, commercial spaceship Nostromo intercepts a distress signal from a distant planet. When a three-member team of the crew discovers a chamber containing thousands of eggs on the planet, a creature inside one of the eggs attacks an explorer. The entire crew is unaware of the impending nightmare set to descend upon them when the alien parasite planted inside its unfortunate host is birthed.",Horror|Science Fiction,Tom Skerritt|Sigourney Weaver|Veronica Cartwright|Harry Dean Stanton|John Hurt|Ian Holm|Yaphet Kotto|Bolaji Badejo|Helen Horton,en,8.174,45.7318,1979-05-25
591634,False Positive,movie,"After months of trying and failing to get pregnant, Lucy and Adrian finally find their dream fertility doctor in the illustrious Dr. Hindle. But after becoming pregnant with a healthy baby girl, Lucy begins to notice something sinister through Hindle's gleaming charm, and she sets out to uncover the unsettling truth about him.",Horror|Mystery|Thriller,Ilana Glazer|Justin Theroux|Pierce Brosnan|Zainab Jah|Gretchen Mol|Sophia Bush|Josh Hamilton|Kelly AuCoin|Lucy Walters|Sabina Gadecki,en,5.6,55.1549,2021-06-18
1386315,The Runner,movie,"Maia Marten, a brilliant London lawyer, has her life shattered by a single call on her morning run: her son has been taken. To get him back, she must keep running, obey every ruthless command, and trust no one-each second a test of how far a mother will go to save her child.",Thriller|Action,Gal Gadot|Damian Lewis|Rory Wilmot|Alfred Enoch|Phoenix Di Sebastiani|Nathan Kirby|Hélder Fernandes|Will Austin|Mark Hampton|Stevie Binns,en,6.762,59.4768,2026-09-03
278,The Shawshank Redemption,movie,"Imprisoned in the 1940s for the double murder of his wife and her lover, upstanding banker Andy Dufresne begins a new life at the Shawshank prison, where he puts his accounting skills to work for an amoral warden. During his long stretch in prison, Dufresne comes to be admired by the other inmates -- including an older prisoner named Red -- for his integrity and unquenchable sense of hope.",Drama|Crime,Tim Robbins|Morgan Freeman|Bob Gunton|William Sadler|Clancy Brown|Gil Bellows|James Whitmore|Mark Rolston|Jeffrey DeMunn|Larry Brandenburg,en,8.731,59.2259,1994-09-23
83533,Avatar: Fire and Ash,movie,"In the wake of the devastating war against the RDA and the loss of their eldest son, Jake Sully and Neytiri face a new threat on Pandora: the Ash People, a violent and power-hungry Na'vi tribe led by the ruthless Varang. Jake's family must fight for their survival and the future of Pandora in a conflict that pushes them to their emotional and physical limits.",Science Fiction|Adventure|Fantasy,Sam Worthington|Zoe Saldaña|Sigourney Weaver|Stephen Lang|Oona Chaplin|Jack Champion|Kate Winslet|Cliff Curtis|Joel David Moore|CCH Pounder,en,7.6,83.7846,2025-12-17
1556321,Death Whisperer: Saming the Werebeast,movie,"Follows the search for a missing military officer in the jungle of Khao Khwang, where legend says man-eating tiger spirit Saming takes human form in 1960s Thailand.",Horror|Thriller|Action,Nadech Kugimiya|Ongart Cheamcharoenpornkul|Maylada Susri|Wichapas Sumettikul|Sahajak Boonthanakit|Akarin Akaranitimaytharatt|Dan Chupong|Chanintorn Jitpreeda|Natthachai Sirinanthachot|Pavarit Mongkolpisit,th,0.0,95.5069,2026-09-29
1275779,Disclosure Day,movie,"A cybersecurity expert becomes a whistleblower after uncovering secrets about aliens, putting him on the run from a corporation. Meanwhile, a meteorologist experiencing strange phenomena joins forces with him to prove there's life beyond our understanding.",Science Fiction|Thriller,Emily Blunt|Josh O'Connor|Colin Firth|Eve Hewson|Colman Domingo|Wyatt Russell|Henry Lloyd-Hughes|Elizabeth Marvel|Hettienne Park|Tommy Martinez,en,7.46,78.9991,2026-06-10
1156869,Blaze of Love,movie,Hong Kong movie,,Jacqueline Ng Suet-Man|Alex Fong Chung-Sun|Edward Mok,en,0.0,81.4292,1994-01-01
1465063,Forgotten Island,movie,"While celebrating their last night together, high school graduates and best friends Jo and Raissa stumble upon a mysterious portal that transports them to the fantastical island of Nakali. When they discover that the memories of their entire friendship are the price for returning home, Jo and Raissa must race to find a way to leave the island before they forget each other forever.",Animation|Adventure|Fantasy|Comedy,H.E.R.|Liza Soberano|Dave Franco|Jenny Slate|Manny Jacinto|Lea Salonga|Dolly de Leon|Jo Koy|Ronny Chieng|Kevin McCann,en,8.2,77.7667,2026-09-10
1300945,A Place Called Silence,movie,"Chen Yutong, a girl's middle school student, was bullied at school, but her mother Li Han was unable to save her daughter from the ""hell."" Everyone around her turned a blind eye, and a collective silence brewed greater violence.",Crime|Mystery|Thriller,Wang Chuanjun|Ning Chang|Francis Ng Chun-Yu|Wang Shengdi|Cai Ming|King Shih-chieh|Huang Minghao|Xu Jiao|Alan Aruna|Gu Mingyi,zh,7.403,83.8594,2024-07-03
233651,Sex Rider: Wet Highway,movie,"On the eve of her wedding and while cheating with another man, a woman gets involved into a dangerous new world of experiences.",Thriller,Mari Tanaka|Ken Yoshizawa|Yuki Seto|Kinji Takinami|Norihiko Umetani|Ken Mizoguchi|Akira Takahashi,ja,5.067,65.5415,1971-12-29
335984,Blade Runner 2049,movie,"Thirty years after the events of the first film, a new blade runner, LAPD Officer K, unearths a long-buried secret that has the potential to plunge what's left of society into chaos. K's discovery leads him on a quest to find Rick Deckard, a former LAPD blade runner who has been missing for 30 years.",Science Fiction|Drama,Ryan Gosling|Harrison Ford|Ana de Armas|Dave Bautista|Robin Wright|Sylvia Hoeks|Mackenzie Davis|Jared Leto|Carla Juri|Hiam Abbass,en,7.608,65.2227,2017-10-04
45722,Don't Look Down,movie,A sexy Spanish siren named Elvira schools a young man in tantric lovemaking.,Drama|Romance,Leandro Stivelman|Antonella Costa|Hugo Arana|Mónica Galán|Octavio Borro,es,5.7,62.4822,2008-10-18
1458857,Doing Life,movie,"A single mother and an incarcerated man forge an unlikely bond through heartfelt letters, unlocking a door to redemption, hope and love against all odds.",Drama|Romance,Naomi Baker|Jay Reeves|Tamberla Perry|Karen Obilom|Jasmine Sargent|Danielle Moné Truitt,en,6.5,72.0641,2026-10-02
1240889,Teenage Sex and Death at Camp Miasma,movie,"After years of slapdash sequels, the Camp Miasma franchise is handed over to an enthusiastic young director for resurrection. But when she visits the original’s star, a now-reclusive actress shrouded in mystery, the two women fall into a blood-soaked world of desire, fear, and delirium.",Comedy|Horror|Romance,Hannah Einbinder|Gillian Anderson|Amanda Fix|Arthur Conti|Eva Victor|Zach Cherry|Sarah Sherman|Patrick Fischler|Dylan Baker|Jasmin Savoy Brown,en,6.272,67.35,2026-08-06
1440098,Drawn Together,movie,"Marfil, daughter of a powerful Spanish businessman, sees her life in New York turned upside down when she is kidnapped and released without explanation. Her father hires Sebastian Moore as bodyguard and, forced to spend every minute together, an inevitable attraction ignites in a world where nothing is as it seems.",Romance|Thriller,Ester Expósito|Hugo Diego Garcia|Pablo Molinero|Lluís Homar|Joaquín Ferreira|Zoe Bonafonte|Majo Gámez|João Bettencourt|Leander Vyvey|Eric Masip,es,6.868,77.4127,2026-09-09
1712451,Resident Dead,movie,"A man keeping his recently zombified daughter secure in hopes of a cure is tasked with delivering an unknown package through hordes of undead. If he succeeds, he will be given a cure for his daughter. If he fails, or opens the package, they will both be killed.",Horror,John Wells|Isabel Ramirez|Thandiwe McMillan|Hamid-Reza Benjamin Thompson|Jarod Brock|Sai Piña|Chase Breithoff|Rob Eubanks|Tevin Paul,en,5.3,91.7051,2026-09-04
1285366,Shape of My Heart,movie,"A romance about a man and a woman who, due to an unexpected event, end up switching bodies. Despite coming from completely different backgrounds and environments, the two try to overcome the various difficulties that arise from their body swap.",Romance,Keisuke Koide|Kei Fubuki|Manami Shindo|Yohta Kawase|Kotaro Tanaka|Norimasa Fuke|Araki Futaba,ja,5.7,72.1563,2024-07-06
157336,Interstellar,movie,The adventures of a group of explorers who make use of a newly discovered wormhole to surpass the limitations on human space travel and conquer the vast distances involved in an interstellar voyage.,Adventure|Drama|Science Fiction,Matthew McConaughey|Anne Hathaway|Michael Caine|Jessica Chastain|Casey Affleck|Wes Bentley|Topher Grace|Mackenzie Foy|Ellen Burstyn|John Lithgow,en,8.489,67.9681,2014-11-05
1101412,Fall 2: Deadpoint,movie,"On a perilous climb across Thailand's Mount Kwan, two climbers become trapped thousands of feet above the ground, where vertigo-inducing heights, sheer exposure, and impossible odds turn every moment into a fight for survival.",Thriller,Harriet Slater|Arsema Thomas|Tom Brittney|Virginia Gardner|Sahajak Boonthanakit|Korakod Yensuk|Jordan Coleman|Maryna Bennett|Noen Perez|Nattapon Sukphiam,en,6.2,69.4399,2026-09-01
985939,Fall,movie,"For best friends Becky and Hunter, life is all about conquering fears and pushing limits. But after they climb 2,000 feet to the top of a remote, abandoned radio tower, they find themselves stranded with no way down. Now Becky and Hunter's expert climbing skills will be put to the ultimate test as they desperately fight to survive the elements, a lack of supplies, and vertigo-inducing heights.",Thriller,Grace Caroline Currey|Virginia Gardner|Mason Gooding|Jeffrey Dean Morgan|Jasper Cole|Darrell Dennis|Bamm Ericsen|Julia Pace Mitchell|Evie Mann|Joseph Mann,en,7.142,33.2825,2022-08-11
424,Schindler's List,movie,The true story of how businessman Oskar Schindler saved over a thousand Jewish lives from the Nazis while they worked as slaves in his factory during World War II.,Drama|History|War,Liam Neeson|Ben Kingsley|Ralph Fiennes|Caroline Goodall|Jonathan Sagall|Embeth Davidtz|Małgorzata Gebel|Shmuel Levy|Mark Ivanir|Béatrice Macola,en,8.568,30.8041,1993-12-15
177572,Big Hero 6,movie,"A special bond develops between plus-sized inflatable robot Baymax, and prodigy Hiro Hamada, who team up with a group of friends to form a band of high-tech heroes.",Adventure|Family|Animation|Action|Comedy,Scott Adsit|Ryan Potter|Daniel Henney|T.J. Miller|Jamie Chung|Damon Wayans Jr.|Genesis Rodriguez|James Cromwell|Alan Tudyk|Maya Rudolph,en,7.725,31.8497,2014-10-24
38365,Grown Ups,movie,"After their high school basketball coach passes away, five good friends and former teammates reunite for a Fourth of July holiday weekend.",Comedy,Adam Sandler|Kevin James|Chris Rock|David Spade|Rob Schneider|Salma Hayek Pinault|Maria Bello|Maya Rudolph|Joyce Van Patten|Ebony Jo-Ann,en,6.438,32.622,2010-06-24
1538457,Meesaya Murukku 2,movie,"After facing rejection in love and getting into a fight, Jeeva learns about his father Siva's struggles and sacrifices. Inspired by his grandfather's legacy and father's dedication, Jeeva changes his outlook and works hard toward his musical dream. Through determination and perseverance, Jeeva earns recognition in the music industry and brings pride to his family.",Comedy|Romance|Drama,HipHop Tamizha Adhi|Ketika Sharma|Chaithra J Achar|Ramya Ranganathan|Harshath Khan|Shah Ra|Karunas|Nassar|Aadukalam Naren|Karunakaran,ta,0.0,124.4598,2026-09-25
1232569,Pinocchio: Unstrung,movie,"Influenced by a sinister Cricket and created by Geppetto, Pinocchio launches a violent crusade to carve himself into a real boy like his brother James, one piece at a time.",Horror|Fantasy|Mystery,Jude Evan Lloyd|Cameron Bell|Richard Brake|Jessica Balmer|Jack Art Gray|Robert Englund|Emma Tate|Toni Olabanji|Luca Marandola|Karolina Ugrenyuk,en,6.5,141.7354,2026-07-22
1283515,Verity,movie,"Lowen Ashleigh is hired by Jeremy Crawford to ghostwrite novels for his bestselling author wife Verity, who is unable to finish following an accident. Lowen gradually uncovers Verity's disturbing truths while residing at the Crawfords' home to work.",Mystery|Thriller,Dakota Johnson|Anne Hathaway|Josh Hartnett|Brady Wagner|Ismael Cruz Cordova|Irina Dvorovenko|Sienna Kulovitz|K.K. Moggie|Tom Galantich|Lou Martini Jr.,en,6.645,143.2506,2026-09-30
1492640,UNABOMBER,movie,"Follow Ted Kaczynski's transformation from Harvard prodigy into the infamous Unabomber. Subjected to controversial psychological experiments by Professor Henry Murray, Kaczynski's troubled past resurfaces decades later when his manhunt, led by FBI agent Joanne Miller, brings to light the chilling consequences of ambition and isolation.",Thriller|Drama|Crime,Russell Crowe|Jacob Tremblay|Shailene Woodley|Annabelle Wallis|Alexander Ludwig|Marc Menchaca|Steven Ogg|Mark Camacho|David Webster|Bruce Ramsay,en,6.59,129.6464,2026-09-25
1263337,Heart of the Beast,movie,"After a harrowing plane crash, Special Forces officer James Belmont and his combat dog, Odin, find themselves stranded deep in the Alaskan wilderness. Together, they are forced into a brutal fight for survival against the elements.",Adventure|Thriller,Brad Pitt|J.K. Simmons|Anna Lambe|Justin Melnick|Shaun DeZern,en,7.5,148.3648,2026-09-19
1599191,Renegade Immortal: Battle of the Immortal Slayer,movie,"Trapped in a fatal pursuit within the Celestial Realm of Thunder, Wang Lin faces his ultimate crisis. Watch the underdog defy the odds, flip the script in a world-shaking counterattack, and achieve the ultimate, magnificent feat: SLAYING A CELESTIAL.",Animation|Action|Adventure|Fantasy,Shi Zekun|Li Jiaxiang|Liu Sicen|Shuai Guan|Si Xi|Yang Houyao|张如麟|Zhixiao Liu|Zhang Enze|Qian Chen,zh,7.591,415.565,2026-10-01
969681,Spider-Man: Brand New Day,movie,Fighting crime full-time as Spider-Man in a world that doesn't remember him—and the pressure of seeing his old friends move on without him—sparks a change in Peter Parker he may not have the power to control. But that transformation might also be the only thing that can stop a shocking new threat to the city and those he loves - a powerful villain no one can even see.,Science Fiction|Action|Adventure,Tom Holland|Zendaya|Mark Ruffalo|Jon Bernthal|Jacob Batalon|Sadie Sink|Florence Pugh|Liza Colón-Zayas|Tramell Tillman|Marisa Tomei,en,7.865,587.1819,2026-07-29
1339713,Obsession,movie,"After breaking the mysterious ""One Wish Willow"" to win his crush's heart, a hopeless romantic finds himself getting exactly what he asked for but soon discovers that some desires come at a dark, sinister price.",Horror|Thriller,Michael Johnston|Inde Navarrette|Cooper Tomlinson|Megan Lawless|Andy Richter|Haley Fitzgerald|Darin Toonder|Anthony Pavone|Justice|Anthony Casabianca,en,8.186,163.7127,2026-05-13
